# File generated by ImageToStl.com - Free Image and 3D model conversion tools

mtllib modular_wall_4.mtl

# Aset_interior_wall_M_wbolfcadw_LOD0_0
o obj1
v 4.69789886 103.498703 5.78496552
v 0 103.52190399 3.7801652
v 0 103.47540283 7.77756548
v 0.23480225 87.0891037 5.13496542
v 0.61319733 73.61140442 5.2541852
v 0.61319733 87.07801056 5.69636536
v 0.28939819 73.58541107 5.13496542
v 7.85269928 98.31371307 8.08272552
v 0 98.48049927 8.09762573
v 0 97.67520142 7.95176554
v 4.1355896 93.24211121 7.02736568
v 0 94.65981293 8.08764553
v 0 93.38130951 7.00796509
v 0 92.17160034 6.5249052
v 10.78980255 90.2279129 7.27508545
v 0 90.73509979 6.86276531
v 0 89.97370148 7.68176556
v 13.80998993 89.8003006 7.84816551
v 0 89.24590302 7.83914566
v 0 87.42620087 7.97204542
v 4.26078796 87.35362244 5.82626534
v 8.55558777 87.33950043 7.82536554
v 0 88.76930237 8.41476536
v 10.0746994 89.16850281 7.90422535
v 5.93520355 103.36669922 8.8040657
v 0 103.34273529 8.79156494
v 0 102.48842621 9.24264526
v 4.33548737 102.34091187 9.58226585
v 5.92939758 102.70301056 9.12506485
v 4.82600403 100.89491272 9.52606583
v 0 101.11190033 9.52676582
v 0 99.83779907 9.41175556
v 0 99.0610199 8.8910656
v 12.27739716 98.64065552 8.67386532
v 0 88.22100067 8.53644562
v 9.69618988 87.74932098 8.44834518
v 5.63929749 101.40750122 10.30854607
v 0 102.12801361 10.24806595
v 0 101.20761108 10.21834564
v 3.88819885 92.17571259 6.57008553
v 0 91.59400177 6.56406546
v 0 87.40200043 5.8289752
v 3.21028137 80.59799957 5.3181653
v 2.67559814 87.11961365 5.6629653
v 6.89060211 97.15711975 7.80126572
v 0 97.2354126 7.75626564
v 0 96.6875 8.19733524
v 5.95680237 91.47170258 6.62626553
v 5.45020294 101.12891388 9.71496582
v 6.40229797 101.17201233 10.19926548
v 2.01274109 103.4618988 3.5504756
v 7.1539917 103.48190308 3.68346548
v 5.53450012 87.05940247 5.57320547
v 7.13240051 94.98641205 8.36306572
v 0 95.45629883 8.44396591
v 11.42910004 96.10910034 8.48544502
v 0 95.97940063 8.4516449
v 10.1073761 94.08821869 7.77936554
v 7.43769073 102.07891083 10.28556538
v 6.80879974 99.79750061 9.45525551
v 0 99.58280182 9.05633545
v 9.93650055 99.56201172 9.14455605
v 7.54019928 83.26470947 5.43988562
v 12.10420227 103.36450195 8.70804596
v 7.74649811 92.11962128 6.59346533
v 9.27870178 87.47540283 8.17094517
v 18.07060242 98.90701294 8.96771526
v 16.09619904 95.43782043 8.55705547
v 8.38680267 87.34059906 5.71856546
v 7.53108978 86.99751282 5.59916544
v 8.01370239 87.26129913 5.31646538
v 7.95249939 81.76602173 5.09306526
v 7.56300354 79.41970062 5.29172564
v 14.41349792 97.55560303 8.02854538
v 11.82978821 93.20362091 7.09016514
v 15.85209656 103.21031189 8.95454597
v 11.9414978 102.36009979 9.62236595
v 13.52659607 103.43450928 6.54246521
v 8.54409027 87.2798233 5.31080532
v 12.54499817 87.31310272 5.87056541
v 9.01750183 87.14172363 5.68336535
v 8.92079926 83.56430054 5.55846548
v 18.03318024 98.31349945 8.12354565
v 13.30899811 91.55500031 6.64526558
v 12.7335968 92.41590118 6.70808554
v 14.95379639 88.82202148 8.37164497
v 11.65940094 102.07681274 10.37226486
v 14.02120209 101.10070038 9.77026558
v 14.02619171 100.89871216 9.58056545
v 14.78549957 88.40691376 8.64905548
v 12.27210236 103.48548889 3.64726543
v 9.16139221 103.38461304 3.65726566
v 8.93868256 80.12590027 5.43126535
v 16.60758972 97.0916214 7.85054541
v 16.66020203 96.54959869 8.31933594
v 16.91200256 90.92191315 6.82456541
v 15.76969147 87.30110168 7.8358655
v 13.10929871 102.69779968 9.20576572
v 13.21150208 99.77890015 9.50726509
v 13.02809906 101.19341278 10.43074608
v 15.07740021 94.77590179 8.32782555
v 14.87840271 103.46530914 3.60816526
v 13.76850128 87.01309967 5.61086559
v 20.82879639 90.42449951 7.09666538
v 21.29550171 87.82379913 8.6349659
v 15.86530304 101.95220184 10.43054581
v 0.61319733 58.79189682 5.3322053
v 0.28320312 58.69429779 5.13496542
v 1.45400238 59.16049957 5.38556528
v 0.61319733 48.49049759 5.40100527
v 4.25749969 69.82569885 5.2950654
v 4.19490051 60.63629913 5.3867054
v 2.36100006 49.85019684 5.43520546
v 7.51499939 75.4150238 5.24406528
v 7.49729919 70.03832245 5.33866549
v 7.87470245 74.81600189 4.94646549
v 7.86509705 68.74420166 5.08886528
v 7.51080322 57.93379974 5.41528559
v 8.53170013 71.63932037 5.03606558
v 7.85430145 57.95079803 5.17206526
v 8.4693985 56.92020035 5.16298532
v 5.76550293 53.49129868 5.43500519
v 8.53648376 79.08952332 5.00536537
v 8.89659119 73.87300873 5.3728652
v 11.3286972 77.93840027 5.38956547
v 8.58007812 62.81369781 5.19246531
v 8.92919159 67.60451508 5.50930548
v 8.89189911 59.99339676 5.55122566
v 13.81269836 72.56590271 5.40126562
v 12.19599915 57.8001976 5.49480534
v 8.99749756 53.61769867 5.47386551
v 15.93869019 79.26550293 5.36901522
v 0.27980042 48.76329803 5.13496542
v 1.66750336 43.51549911 5.4275856
v 0.61319733 38.96619797 5.44296551
v 0.20050049 27.13500023 5.13496542
v 0.61319733 33.53110886 5.71286535
v 0.24990082 34.09358978 5.13496542
v 0.61319733 27.07670021 6.07296562
v 2.96230316 28.63090134 6.05380535
v 2.41570282 33.89950943 5.73482561
v 3.28849792 40.66149902 5.40356541
v 5.29119873 37.52829742 5.47836542
v 4.62090302 26.63821983 6.17346573
v 5.22750092 45.43769836 5.41776562
v 7.55010223 30.55220985 5.89656544
v 7.57949829 27.16150093 6.05167532
v 7.55870056 41.99810028 5.38576555
v 7.24430084 46.29829788 5.4230752
v 7.92630005 47.57919693 5.11076546
v 7.957901 39.38619995 5.1143055
v 7.55449677 35.36319733 5.57776546
v 7.85949707 33.75128937 5.43906546
v 8.43730164 35.39239883 5.26076555
v 8.47039795 32.36979675 5.47026539
v 7.92079926 27.16580009 5.80319548
v 8.56729889 42.54990005 5.13178539
v 8.96087646 45.52859879 5.40798521
v 11.03030396 50.01899719 5.40202522
v 8.90229797 38.64899826 5.46226549
v 11.30989838 39.27700806 5.41196537
v 8.85459137 34.63560867 5.65186548
v 10.52899933 30.47129059 6.02296543
v 12.15029907 34.31480026 5.66256523
v 8.86910248 30.1935997 6.01446533
v 8.49530029 27.31299973 5.79166555
v 9.45509338 27.1606102 6.31446552
v 8.69039917 26.69631004 6.16166544
v 13.98300171 28.8737011 6.06986523
v 12.36779785 26.83889961 6.17336559
v 14.10520172 45.30349731 5.37156534
v 15.89730072 51.79040909 5.40146542
v 20.97999573 103.36971283 6.19146538
v 16.00149536 87.03852081 5.6094656
v 17.67440033 92.98789978 6.97256565
v 25.76509857 87.45622253 8.38255501
v 19.80580139 89.13430023 7.9686451
v 20.20288849 103.20429993 8.64115524
v 18.48750305 102.58200073 9.17386532
v 18.28820038 102.20339966 9.58316517
v 19.99739075 99.67914581 9.55625534
v 16.792099 101.05802155 10.40276527
v 16.64299774 87.3227005 5.66116524
v 15.96780396 83.47640228 5.49226522
v 16.43099976 87.17250061 5.33506536
v 16.93540192 87.13430023 5.40026522
v 16.31448364 79.33670044 5.08766556
v 16.89459991 81.90299988 5.15526533
v 19.38290405 92.05690002 6.67136574
v 21.23699188 89.59130096 7.9356451
v 18.53890228 99.4901123 9.1950655
v 18.15449524 103.40232086 3.7046752
v 19.76679993 87.24780273 5.91926527
v 17.43930054 87.06471252 5.72016525
v 20.68510437 94.69782257 8.3497448
v 19.28437805 101.85591125 10.35964584
v 21.60790253 100.97290039 10.31445503
v 35.06678772 88.06221008 8.74315548
v 24.36170197 87.02400208 5.66486549
v 24.34980011 84.45480347 5.63736534
v 19.70849609 79.06101227 5.47170544
v 24.73388672 96.88201141 8.02353477
v 25.81399536 97.55039978 8.09296608
v 25.4598999 97.1359024 7.88136578
v 22.31468964 92.93370056 7.04156542
v 24.21788788 91.32131195 6.72789574
v 23.59100342 87.2743988 7.95526552
v 23.20559692 103.03369904 8.91265488
v 25.8125 102.21929932 9.48426533
v 20.16249847 100.80641174 9.64496517
v 25.74649811 95.50469971 8.60665512
v 26.82740021 88.64781189 8.5566349
v 28.05760193 103.41619873 4.12226534
v 20.41049957 103.34320068 3.65277529
v 26.18199158 103.34140015 3.68416548
v 24.43240356 87.21929932 5.87068558
v 28.30290222 98.24002075 8.18514538
v 25.02200317 96.23870087 8.49284554
v 26.25708771 94.06439972 7.91735554
v 26.19190216 92.24060059 6.76166534
v 36.50989914 90.06832886 7.40726566
v 25.58439636 89.08901215 8.01114559
v 25.16040039 102.62161255 9.11166573
v 23.75479889 101.87490082 10.32784557
v 25.77899933 100.72930145 9.62736511
v 25.07250214 99.44821167 9.22004509
v 28.94529724 103.21501923 8.66516495
v 30.17350006 94.89491272 8.49254513
v 26.62069702 89.70030212 7.92744541
v 25.18638611 100.89491272 9.86804581
v 30.1529007 99.62902069 9.57826519
v 32.4026947 103.37431335 5.45706558
v 24.77870178 87.08280182 5.3733654
v 24.75939941 81.73670197 5.30936527
v 25.39379883 87.24491119 5.84916544
v 25.29599762 87.08331299 5.39006519
v 25.70809174 87.05364227 5.80066538
v 27.44470215 87.22650146 6.14516544
v 25.28559875 81.41911316 5.31326532
v 28.89810181 93.19740295 7.24548531
v 32.20458984 98.53131104 8.79284477
v 28.62339783 101.17890167 10.38742542
v 29.58428955 100.97840118 10.2412653
v 31.26380157 91.00749969 6.82896519
v 38.06988907 90.58241272 7.01687527
v 33.92167664 89.05641174 8.04143524
v 30.27389526 101.89411163 10.29876518
v 32.72358704 98.91442108 9.08135605
v 43.19960022 88.33370972 8.73006535
v 30.0184021 103.35520172 3.63166523
v 32.71928406 87.02641296 5.68446541
v 29.12280273 80.6147995 5.58236551
v 29.5617981 97.02921295 7.92523575
v 39.18938828 96.42861176 8.41344547
v 31.98339844 91.81220245 6.71696568
v 39.73070145 89.68180084 7.97845554
v 30.12400055 87.21430206 7.93754578
v 30.81909943 87.19740295 5.91896534
v 32.47938538 102.62731171 9.10624504
v 33.0322876 103.0632019 8.91306496
v 35.61448669 100.9107132 9.87174511
v 32.86228943 99.40972137 9.25006485
v 37.34247971 95.78800201 8.64466572
v 35.94200134 101.46763611 10.40716553
v 32.37950134 103.37341309 3.59617519
v 32.96087646 97.08161926 7.96226549
v 34.77180481 92.35011292 6.83736515
v 38.62837982 92.97910309 7.1603651
v 38.68080139 93.91670227 7.88523531
v 33.96659851 87.2257309 7.98775578
v 33.99220276 100.72911072 9.6464653
v 33.53140259 87.228302 6.13556576
v 33.11830139 82.72740173 5.31808519
v 33.35708618 87.32800293 5.45136547
v 32.75990295 82.59799957 5.58846521
v 40.41260147 103.21121216 8.65074539
v 41.23970032 96.82839966 8.073946
v 35.33250427 102.20201111 9.4922657
v 33.64839935 86.99900055 5.42220545
v 34.03778839 86.98300171 5.82556534
v 37.29878998 87.16429901 5.81696558
v 38.21220016 98.20542145 8.21884537
v 39.97108841 97.48320007 8.14943504
v 39.20220184 91.41570282 6.74646568
v 39.94758987 87.22501373 8.16323566
v 36.86029053 101.88899994 10.29504585
v 43.8445015 95.16921234 8.63784599
v 45.22340012 88.68160248 8.53265572
v 39.83919907 87.64839935 8.6396656
v 38.49300003 101.0007019 10.34026527
v 35.54550171 103.38401031 3.57966566
v 42.60889816 97.08100128 8.01123524
v 41.78070068 102.45672607 9.20786572
v 41.5265007 99.60121155 9.6148653
v 40.83908844 103.37760162 3.87346554
v 38.2493782 103.33940125 3.70627546
v 39.3250885 85.88352203 5.72906542
v 36.07839966 80.06770325 5.63456535
v 39.63280106 86.88870239 5.7914753
v 44.00790024 101.87441254 10.32684517
v 43.30690002 103.06031036 8.9224453
v 40.13299942 100.71070099 9.64905548
v 39.58720016 99.38591003 9.29484558
v 46.24850082 98.49780273 8.85604572
v 48.23830032 94.44750214 8.3215456
v 40.31549835 87.15331268 6.19686508
v 41.0965004 87.01200104 5.76906538
v 41.08829117 80.15470123 5.62171555
v 44.80099869 92.22971344 6.83246517
v 46.92750168 88.99951172 8.09474564
v 44.99219894 102.09161377 9.67844582
v 45.75299835 100.89411163 9.90124512
v 48.13790131 103.27631378 6.44826508
v 41.42279053 80.49860382 5.37506533
v 41.77750015 87.31529999 5.49406528
v 42.16260147 81.24810028 5.3903656
v 42.51539993 87.10960388 5.82796526
v 42.46780014 81.02130127 5.66620541
v 45.67670059 91.25279999 6.78946543
v 50.07910156 90.07260132 7.43246555
v 48.77230072 98.82484436 9.10632515
v 46.22600174 99.38452148 9.29436493
v 44.04349136 100.9799118 10.41756535
v 15.89949036 73.40891266 5.35656548
v 15.86759949 65.38800049 5.45486546
v 17.28450012 79.32540894 5.4129653
v 16.81710052 74.08340454 5.0572753
v 16.32160187 66.24269867 5.15806532
v 17.30619049 69.65219879 5.47196531
v 16.93810272 60.09219742 5.20176554
v 17.25289154 62.9685173 5.52846527
v 16.32060242 53.32139969 5.13426542
v 17.23600006 54.18369675 5.49526548
v 18.85289764 72.75780487 5.46306562
v 19.92578125 56.90069962 5.47870541
v 21.93379974 73.43901062 5.43106556
v 21.60769653 63.84801865 5.46736526
v 24.39170074 79.55351257 5.52456522
v 24.33329773 75.31729889 5.44616556
v 24.34230042 66.83589935 5.46938562
v 24.32209015 55.39049911 5.44286537
v 21.72450256 51.2159996 5.4893856
v 25.644104 79.85941315 5.58306551
v 24.8864975 73.31719971 5.13996553
v 25.28919983 68.96902466 5.20156527
v 25.64360046 74.52271271 5.53450537
v 24.6842041 64.04620361 5.22686529
v 28.55619812 66.17630005 5.57296562
v 25.6690979 63.8667984 5.58226538
v 25.31019592 51.8585968 5.17530537
v 27.65440369 59.24709702 5.57678556
v 25.6894989 53.51179886 5.57286549
v 24.71980286 49.20240021 5.17576551
v 29.24659729 72.74941254 5.53236532
v 27.39550018 49.33359909 5.58146524
v 32.73338318 65.08501434 5.54736519
v 32.70750427 56.42679977 5.53870535
v 32.73440552 76.55770111 5.51666546
v 33.08720398 77.72109985 5.24486542
v 33.08100128 70.75681305 5.24196529
v 33.68559265 66.36640167 5.25536537
v 33.05630493 55.84689713 5.2513752
v 34.04568481 80.50611115 5.65206528
v 33.68609619 79.0951004 5.30028534
v 34.00230408 72.18101501 5.57449532
v 37.68378067 69.70960236 5.59776545
v 34.04130554 60.59469986 5.58706522
v 33.69200134 49.42279816 5.25279522
v 34.04660034 52.87859726 5.60336542
v 36.43328857 61.15160751 5.59971523
v 38.25479889 54.43179703 5.61686563
v 41.04238892 61.8973999 5.6291852
v 41.68849945 76.3105011 5.28080559
v 41.06867981 70.56001282 5.58738565
v 42.11470032 71.04230499 5.34136534
v 42.54199982 71.47769928 5.67406559
v 41.41849899 68.69351959 5.34636545
v 42.2356987 61.55059814 5.44378519
v 41.38330078 56.49889755 5.39069557
v 41.78919983 57.68410873 5.30646563
v 42.13410187 50.79469681 5.38271523
v 42.55149078 50.76099777 5.71058559
v 15.98110199 37.0984993 5.45328522
v 15.95259857 40.71109772 5.33048534
v 15.95130157 32.23981857 5.78948545
v 16.06310272 26.8689003 6.18496513
v 16.86260223 47.59179688 5.09806538
v 16.36869812 41.8504982 5.04096556
v 16.92520142 38.24530029 5.12186527
v 17.2532959 39.48991776 5.40146542
v 16.36090088 36.73330688 5.18400526
v 16.35209656 30.96800041 5.59886551
v 16.87039185 31.45671082 5.5450654
v 17.29158783 32.00329971 5.85986519
v 16.96730042 27.21150017 5.8811655
v 16.37709808 27.22990036 5.85726547
v 17.32330322 46.82009888 5.44728565
v 19.93260193 41.96590042 5.45958519
v 18.43539429 37.5304985 5.52879524
v 18.51000214 30.23999977 6.00256538
v 17.20819092 26.84761047 6.1318655
v 20.78269196 26.83469963 6.15556526
v 24.25209808 35.43169785 5.67466545
v 21.0657959 30.31532097 5.99726534
v 24.2881012 45.41989899 5.46826553
v 24.32139587 39.75419998 5.47686529
v 24.32279968 26.78700066 6.17786551
v 24.34500122 30.8105011 5.9487052
v 25.69480133 42.64249802 5.53070545
v 25.31150055 40.66389847 5.14586544
v 24.73889923 37.93849945 5.21326542
v 25.31529999 34.44389725 5.37186527
v 25.71530151 36.2047081 5.64806557
v 24.75579834 31.52180099 5.56986523
v 25.7562027 32.40989685 5.88396549
v 25.35848999 27.0750103 5.83056545
v 25.68600464 26.90662003 6.10356522
v 24.74769592 27.16139984 5.83768559
v 28.94960022 44.09329987 5.56217527
v 29.60759735 39.57050705 5.55626535
v 29.21488953 34.79990005 5.72967529
v 28.64888763 29.37199974 6.03996563
v 28.60169983 26.89572144 6.13436508
v 32.76850128 33.94590759 5.75550556
v 32.74980164 30.17790031 5.97538519
v 32.72888184 47.56089783 5.53356552
v 32.76060486 38.57249832 5.55456543
v 33.08509827 43.33129883 5.23451519
v 33.15449524 37.71580887 5.2794652
v 33.13020325 33.84149933 5.46320534
v 33.6907959 39.24979782 5.2339654
v 33.19129944 27.07209015 5.78610563
v 32.72779846 26.83141136 6.15266514
v 34.03488159 43.60239792 5.60108566
v 37.39889908 44.41460037 5.62156534
v 34.07820129 38.49429703 5.62256527
v 37.21920013 37.18560791 5.66396523
v 33.70469666 32.49831009 5.54776525
v 34.04478455 32.51549911 5.87906551
v 35.46080017 30.39922142 6.00306559
v 33.72779083 27.10622025 5.80537558
v 34.17300415 26.90941048 6.13169575
v 41.08399963 39.43940735 5.61586523
v 38.85359955 31.77390099 5.90646553
v 38.93610001 26.89011002 6.1101656
v 41.0934906 47.84289932 5.64586544
v 41.14287949 32.37399673 5.90226555
v 41.07358932 26.78671074 6.11946535
v 41.5503006 42.38219833 5.33196545
v 42.10839844 38.96780014 5.36168528
v 41.48389816 36.73350906 5.4273653
v 41.49938965 31.04829979 5.7004652
v 42.09930038 31.17481041 5.68146563
v 42.47829819 37.45020676 5.74608564
v 41.45608902 26.95641136 5.85396528
v 42.15660095 26.95071983 5.85868549
v 42.51350021 31.02021027 6.03786564
v 42.55619812 26.82820129 6.17066574
v 46.7887001 103.34751129 3.8674655
v 46.58909988 87.20931244 8.08856583
v 45.87070084 87.16651154 6.10926533
v 44.33969879 86.96691132 5.83756542
v 45.33000183 98.20371246 8.26994514
v 50.30360031 97.42179871 8.17765522
v 54.70000076 90.53340149 7.07996559
v 51.92440033 87.50230408 8.58394527
v 47.47409821 100.69151306 9.64256573
v 52.27050018 87.95821381 8.80170536
v 50.35580063 93.15470123 7.31576538
v 50.39910126 102.62621307 9.10286522
v 50.43659973 99.61981201 9.64965534
v 46.99020004 100.99620056 10.37434578
v 50.97230148 103.35651398 3.88316536
v 49.5544014 86.97421265 5.77732563
v 47.15259933 79.80570221 5.64606524
v 53.6332016 102.19772339 9.50885582
v 51.40449905 95.83641052 8.64624596
v 50.21820068 87.20391083 6.11236572
v 57.68849945 97.07881165 8.02804565
v 57.41009903 96.83969879 8.08262539
v 53.1996994 91.24900055 6.82936573
v 53.62649918 89.68250275 8.02084541
v 50.72740173 101.88191223 10.29576492
v 55.89749908 103.05319977 8.93594551
v 49.96120071 100.99332428 10.41946602
v 49.94120026 87.29260254 5.51428556
v 50.47669983 82.50350189 5.4445653
v 50.93379974 86.97820282 5.9079752
v 50.84049988 80.44701385 5.7563653
v 58.85509872 96.4154129 8.44754601
v 52.78120041 98.16290283 8.26246548
v 56.38240051 92.53381348 6.97547531
v 53.70190048 87.17430115 6.14348507
v 55.03850174 87.20780182 8.13664532
v 56.43930054 103.19081116 8.64074516
v 56.24760056 99.35710907 9.29506493
v 58.44869995 94.34001923 8.26264572
v 58.77859879 88.4256134 8.75746536
v 52.92399979 100.96961212 10.43626595
v 53.93299866 101.72711182 10.41746521
v 53.24940109 86.97431183 5.83881521
v 57.13230133 91.88890076 6.79636574
v 58.78689957 100.69891357 9.66386509
v 58.95339966 100.89659882 9.92226601
v 55.28020096 103.3404007 3.84777546
v 57.95320129 86.96051025 5.79636526
v 56.09690094 83.7009201 5.74298525
v 61.96398926 89.65991974 8.03836536
v 64.2822876 89.01100159 8.11095524
v 68.14218903 88.65950012 8.60305595
v 58.90879059 102.53079987 9.19016552
v 59.09809875 98.20980072 8.27574539
v 59.9131012 98.62892151 9.00566483
v 59.03710175 95.07800293 8.64685535
v 59.2184906 100.98841095 10.46346474
v 62.46620178 97.40650177 8.1719656
v 60.98669815 93.26931 7.42616558
v 60.57590103 101.87731171 10.30106544
v 58.95539856 99.61660004 9.65545559
v 58.23389816 95.72981262 8.679245
v 59.21178818 103.31651306 3.88496542
v 58.52289963 87.27610016 5.76686525
v 58.31629181 87.05271149 5.53006554
v 57.84790039 79.42951202 5.65871525
v 60.43299866 103.29679871 5.46066523
v 67.97949219 90.0279007 7.51016521
v 66.60658264 91.2881012 6.83316517
v 63.63309097 102.13091278 9.61676598
v 66.95120239 87.91750336 8.82066536
v 59.16828918 87.17430115 6.13686562
v 58.94860077 87.00491333 5.57822561
v 59.25519943 86.92391968 5.8424654
v 62.93479919 87.16390228 6.09486532
v 58.76589966 83.42739868 5.44636536
v 63.38869858 87.21172333 8.18214607
v 64.52069855 103.18099976 8.61974525
v 66.03320312 99.35562897 9.32345581
v 67.33818817 87.49191284 8.61276531
v 65.54440308 101.71179962 10.41124535
v 62.79489899 103.3314209 3.88526535
v 61.75640106 103.38391113 3.53987551
v 64.16230011 86.95330048 5.80076551
v 59.30450058 80.12490082 5.74996519
v 68.09629822 92.58480072 7.02246571
v 64.65010071 91.97570038 6.82286549
v 67.10119629 102.54660034 9.14404488
v 69.436203 103.02700043 8.91125488
v 65.57038879 99.59420013 9.68005562
v 67.54789734 95.2430191 8.66436577
v 65.53978729 95.97602081 8.61904526
v 64.52799225 100.97041321 10.42946529
v 64.32080078 103.34339905 3.63556528
v 66.62729645 98.14511108 8.25284576
v 70.11229706 94.02081299 8.01554489
v 65.05020142 100.69100189 9.67096519
v 65.96308136 98.57501984 8.98696518
v 72.12679291 94.67910004 8.45075607
v 68.47299957 103.24911499 6.36786556
v 67.47251129 103.2999115 3.79106522
v 66.33309937 87.10610199 5.80986547
v 68.71328735 87.21031189 8.14483547
v 71.85459137 96.46411133 8.39604568
v 66.99848175 96.94242096 7.95786572
v 71.89939117 90.56999969 7.07206535
v 73.14450073 88.98500061 8.14685535
v 69.76010132 101.91760254 10.202425
v 67.7279892 100.88471222 9.93441582
v 70.0617981 101.06990051 10.46704483
v 67.38999939 103.45561981 3.51047564
v 66.6371994 87.05039978 5.57320547
v 66.96308899 87.27391052 5.80418539
v 67.70580292 86.95899963 5.87606525
v 67.24040222 84.90882111 5.51269531
v 66.66490173 79.70700073 5.39278555
v 67.63008118 80.23551178 5.7445755
v 71.93710327 97.34049988 8.17186546
v 73.15660095 89.65930176 8.03874588
v 72.30690002 102.4025116 9.2104454
v 75.34729004 98.39952087 8.78562546
v 74.13690186 98.73130035 9.08485603
v 74.78099823 95.72341156 8.65796566
v 74.11969757 88.34490204 8.78976536
v 76.63419342 103.25350189 5.45537519
v 70.39830017 87.16010284 6.15666533
v 69.68859863 81.34519958 5.75736523
v 77.89019775 96.92500305 7.92295551
v 75.96309662 92.87580109 7.13967514
v 71.21769714 92.01261139 6.8285656
v 72.60389709 99.56401062 9.65876579
v 73.18389893 98.13539886 8.2665453
v 70.92839813 103.270401 3.74486542
v 70.27979279 103.51399231 3.51877546
v 74.80149841 86.96060181 5.7714653
v 75.86489868 103.16690063 8.65712547
v 78.08799744 102.09600067 9.62264538
v 72.44020081 100.66120148 9.65866566
v 71.32209015 100.95302582 10.38540554
v 44.04719925 77.37660217 5.67346525
v 46.03310013 69.96369934 5.69736528
v 42.59109879 61.18161011 5.69308519
v 46.89680099 61.40699768 5.70806551
v 47.04050064 50.68840027 5.71356535
v 49.49399948 75.34339905 5.61506557
v 49.50830078 82.54530334 5.6956954
v 49.42029953 55.77209854 5.67726564
v 49.98730087 76.72511292 5.31970549
v 50.50120163 72.38259888 5.37686539
v 50.83710098 72.05570984 5.71728563
v 49.87429047 65.24380493 5.40366554
v 50.82960129 60.77649689 5.7676053
v 50.31330109 58.18809891 5.37038565
v 50.53950119 58.34159851 5.42130566
v 52.14500046 70.80860138 5.71770525
v 49.87260056 49.84909821 5.40380526
v 55.47259903 75.4016037 5.64638519
v 54.69850159 62.66919708 5.72536564
v 53.0788002 55.00469971 5.74748564
v 57.85820007 70.30640411 5.67046547
v 56.18349838 53.17029953 5.71996546
v 58.23669052 72.60600281 5.3813653
v 58.85129166 76.9032135 5.34180546
v 58.22539902 58.70479965 5.43326521
v 57.90000153 56.82369995 5.67106533
v 58.78219986 52.35499954 5.39386559
v 59.23960114 70.36650085 5.66596556
v 61.68159866 73.6713028 5.69416523
v 59.26309967 63.36259842 5.73726559
v 58.89970016 62.97630692 5.4219656
v 59.03919983 51.38489914 5.55526543
v 59.31000137 49.42589951 5.78206539
v 66.31678772 79.71401215 5.65408564
v 63.03979874 64.4776001 5.72586536
v 62.58359909 54.68760681 5.73960543
v 66.27339935 70.97200012 5.65937519
v 66.26509094 55.47909927 5.6860652
v 67.26519012 77.67030334 5.37671566
v 67.6344986 72.85581207 5.73776531
v 66.65389252 69.14459991 5.37756538
v 67.31950378 67.0683136 5.43246555
v 67.63439941 64.40792084 5.76080561
v 66.64099884 52.92810822 5.41506529
v 67.61328125 55.73329926 5.7575655
v 67.30619049 55.62919998 5.41536522
v 70.93810272 64.67330933 5.74100542
v 69.35968018 55.8647995 5.76746559
v 72.29518127 76.72782135 5.65776539
v 42.58209991 42.92649841 5.69786549
v 44.94979095 43.7798996 5.71408558
v 45.13190079 26.83312035 6.15226555
v 47.27799988 35.81210709 5.80686522
v 49.51800156 30.53161049 6.00347519
v 49.44319916 39.96719742 5.65736532
v 49.64210129 26.61861038 6.20676517
v 50.5041008 46.75740051 5.40606546
v 50.84640121 48.09339905 5.72987556
v 49.90869904 41.02890015 5.36258554
v 50.4836998 37.79389954 5.39386559
v 50.87009811 41.43079758 5.7167654
v 49.88249969 33.88699722 5.55466557
v 50.85350037 35.2899971 5.82536554
v 52.92969894 38.78759003 5.73076534
v 52.71760178 30.68161011 6.04586554
v 50.45360184 30.70919991 5.68970537
v 50.90850067 26.87222099 6.17626572
v 49.90840149 26.9068203 5.81476545
v 50.47930145 26.90212059 5.86376524
v 53.11679077 47.71459961 5.7181654
v 54.74179077 33.90119934 5.88026524
v 57.85710144 26.87199974 6.1318655
v 56.08729935 43.03909683 5.68926525
v 57.91049957 36.66070938 5.76696539
v 57.89039993 41.60569763 5.67136526
v 57.88529968 31.03910065 6.02446556
v 57.74940109 48.13349915 5.7030654
v 58.26139832 43.80759811 5.40957546
v 58.89678955 40.81919861 5.40556526
v 58.27489853 32.33069992 5.66450548
v 58.71590042 26.83979988 5.82008553
v 58.83679962 29.9905014 5.76306534
v 59.38330078 37.78521729 5.82056522
v 61.86339951 42.27549744 5.75296545
v 59.22589874 35.57118988 5.85426521
v 62.96730042 36.42848969 5.82096529
v 58.83359909 35.48949814 5.53070545
v 59.27299881 29.80330086 6.12486553
v 59.29529953 26.86012077 6.21167564
v 66.28948975 31 6.05216551
v 66.28858948 45.5501976 5.72536564
v 66.26339722 26.88812065 6.1712656
v 66.31600189 37.83971786 5.75186539
v 67.2881012 44.19829941 5.4353652
v 67.60279083 41.52009964 5.74576521
v 66.65429688 38.6867981 5.45520544
v 67.25498962 38.74419785 5.45922565
v 67.27510071 32.56489944 5.70276546
v 67.67040253 34.12559891 5.96836519
v 66.66107941 31.99320984 5.72306538
v 66.80580139 26.82691002 5.88481522
v 67.65540314 29.18239975 6.18776512
v 67.27899933 26.94571114 5.93066549
v 67.4654007 26.54840088 6.27586555
v 70.0530014 47.42169952 5.80608559
v 70.14769745 42.60019684 5.79316521
v 70.51007843 38.48160934 5.82416534
v 71.28140259 29.7534008 6.12698555
v 73.65727997 103.41161346 3.50197554
v 75.04669952 103.25270081 3.77037525
v 76.41880035 87.21121216 8.115345
v 74.4201889 100.96752167 10.23561478
v 75.94740295 99.35111237 9.32976532
v 75.56079102 101.82762909 10.34942532
v 74.74690247 87.17250061 6.1308651
v 75.10500336 87.08170319 5.5027256
v 78.24429321 91.25270081 6.82996559
v 78.42289734 92.00289917 6.81476545
v 80.21569061 87.51940918 8.65956497
v 79.0404892 100.5345993 9.62193489
v 83.6654892 88.66560364 8.59544563
v 80.63980103 88.0499115 8.84164524
v 78.04389954 103.44129944 3.50766563
v 75.47450256 87.28961182 5.48736525
v 76.03318024 87.09371185 5.89456558
v 75.63410187 82.68830109 5.43038559
v 79.17629242 87.15380096 6.11216545
v 75.02230072 81.35002136 5.44451523
v 81.01569366 93.47660065 7.57148552
v 84.64910126 94.41690063 8.32474518
v 86.23770142 102.99461365 8.84343529
v 83.94120026 100.87332153 9.83640575
v 76.58149719 100.95661163 10.42216492
v 78.11499786 98.17739868 8.340065
v 77.60669708 99.56362152 9.62826538
v 81.21070099 95.21369934 8.65373516
v 82.57649994 96.38841248 8.44276524
v 79.84558868 103.23940277 3.73296547
v 79.69689941 86.94151306 5.79996538
v 79.4134903 80.31140137 5.69836521
v 82.62120056 97.36769867 8.1842556
v 85.57610321 90.5401001 7.06957531
v 85.1713028 90.10820007 7.39156532
v 82.00749969 89.63780212 8.02664566
v 81.84200287 102.44860077 9.14116573
v 79.65589905 101.77541351 10.32974529
v 81.95709991 100.95230103 10.33746529
v 83.19367981 97.94409943 8.23914528
v 82.02600098 89.01550293 8.12965584
v 83.21369934 87.15309906 7.23946571
v 85.04949951 87.21781158 8.2274456
v 82.44658661 99.59030151 9.6756649
v 85.41899109 99.33702087 9.31676483
v 85.02950287 103.19431305 3.71416521
v 84.72419739 103.39080048 3.5103755
v 82.62689972 87.18240356 6.14846516
v 83.07900238 87.01772308 5.81916523
v 87.70349884 103.19051361 6.3100853
v 89.12879944 98.15882111 8.29224586
v 85.34020233 92.83711243 7.17476559
v 84.15699768 101.84230042 10.27746582
v 87.76879883 98.74752045 9.08516502
v 88.11508942 98.43080139 8.81582546
v 90.31639099 95.58969879 8.67664528
v 83.49810028 87.2822113 5.53026533
v 83.98989868 87.43579865 5.57986546
v 84.020401 82.40440369 5.42338562
v 83.085289 81.25501251 5.66206551
v 83.67179871 96.92160034 8.00204563
v 87.08010101 91.96060181 6.82637548
v 85.10500336 91.32189941 6.82826519
v 89.69920349 89.00279999 8.1229353
v 86.29250336 103.125 8.63843536
v 89.28569794 102.06729889 9.5245657
v 84.51450348 86.98622131 5.87108564
v 84.70200348 87.14330292 6.1603651
v 84.35700226 78.28559875 5.73596525
v 86.29000092 96.92890167 7.93876553
v 86.25679779 89.64510345 8.02593517
v 90.30370331 100.89900208 10.25036526
v 87.02549744 100.59320068 9.66256523
v 87.50800323 99.56430054 9.66216564
v 90.17469788 87.98429871 8.86022568
v 93.10169983 88.62870026 8.64525604
v 88.10590363 86.95571136 5.79446554
v 88.80239868 87.15132141 6.12046528
v 97.13819885 96.52191162 8.31996536
v 91.90699768 94.09841919 8.06603527
v 88.52980042 101.81349945 10.2459259
v 94.60489655 102.42430115 9.05623531
v 96.99459839 87.49819946 8.61236572
v 90.35220337 101.0982132 10.33906555
v 94.81269836 103.16989899 3.72166538
v 90.80979919 97.33360291 8.14914513
v 91.0734024 92.84351349 7.1186657
v 91.25219727 91.24121094 6.82356548
v 96.70429993 90.06800079 7.44369507
v 92.74430084 89.65930176 8.02864552
v 92.79519653 100.58991241 9.63754559
v 92.8660965 99.30950165 9.30266571
v 97.00920105 94.85401917 8.51694489
v 91.65239716 103.46829987 3.48596525
v 91.35610199 80.43540192 5.70266533
v 87.96250153 79.58670044 5.69736528
v 91.45510101 87.1230011 5.84696531
v 98.41919708 96.92571259 7.91804552
v 92.561203 87.21260071 8.22464561
v 95.8628006 103.12891388 8.67226601
v 94.49690247 100.85281372 9.80324554
v 92.23220062 99.65233612 9.66966534
v 96.5861969 103.14861298 6.8969655
v 91.90579987 87.31101227 5.55166531
v 92.9897995 87.15161133 6.20656538
v 92.43569946 87.02590179 5.52746534
v 92.74310303 86.92191315 5.80286551
v 91.71199799 78.01621246 5.41316557
v 92.4016037 80.81990051 5.41096544
v 96.49440002 92.08260345 6.81016541
v 94.81759644 92.83660126 7.12126541
v 92.84819794 101.80500031 10.20324516
v 100.75379944 98.44300079 8.8291254
v 98.13880157 103.41661072 3.47486544
v 92.78720093 77.82060242 5.75056553
v 94.49620056 87.01280212 5.79866552
v 94.33759308 87.21179962 6.05256557
v 96.96820068 97.93650055 8.21225548
v 98.51049805 98.17880249 8.32364559
v 98.94200134 97.32430267 8.14074516
v 96.2519989 87.16239929 6.12936544
v 97.98090363 102.07849884 9.51816559
v 97.17369843 99.55451202 9.61586571
v 98.67990112 88.22589874 8.82795525
v 98.6158905 101.13210297 10.34454536
v 97.64350128 86.97370148 5.76087523
v 100.93579865 91.22550201 6.80766535
v 98.11138916 87.24030304 8.2196455
v 97.0519104 101.81931305 10.26784515
v 98.44689941 95.55561066 8.63176537
v 100.1257019 96.2095108 8.48684502
v 101.59799957 100.92610168 10.24346542
v 96.84870148 80.0196991 5.74726534
v 99.81020355 87.25090027 5.77066565
v 101.18209076 93.10320282 7.26287556
v 106.94419861 93.64820099 7.66628551
v 102.03630066 89.02519989 8.10374546
v 99.95379639 87.18502045 6.94706535
v 104.00240326 103.09931183 8.64666557
v 101.00270081 101.87020111 10.05634499
v 99.67668915 100.86270142 9.81015587
v 106.59580231 98.84263611 9.09656525
v 104.69930267 87.77101135 8.7460556
v 108.23269653 88.66429901 8.58604527
v 103.13230133 103.17281342 3.69556522
v 103.14389801 103.15452576 5.78008556
v 99.82521057 78.47190094 5.75270557
v 100.18589783 87.38082123 5.50506544
v 102.3105011 91.77590179 6.77276516
v 105.895401 90.51711273 7.0780654
v 103.48750305 89.69241333 8.00546551
v 103.28630066 102.44301605 8.9960556
v 101.34899902 100.62431335 9.62936592
v 101.9878006 99.59361267 9.64825535
v 101.10809326 99.25284576 9.26955605
v 74.72720337 81.41690063 5.71497536
v 74.61978912 70.7901001 5.65950537
v 74.69210052 56.92020035 5.69256544
v 74.69020081 47.60229874 5.75410557
v 75.95149994 78.49381256 5.72296524
v 75.22049713 77.19711304 5.35150528
v 74.95500183 66.1151123 5.44097519
v 75.65750122 71.16390228 5.39746523
v 77.37239838 74.15190125 5.70936537
v 75.98639679 67.86109924 5.76966524
v 75.20339966 66.32450104 5.37266541
v 75.62809753 60.32749939 5.43506527
v 75.93479156 60.24549866 5.76087523
v 75.97280121 50.84939957 5.82586527
v 75.03700256 48.60299683 5.46806526
v 75.60848999 51.36539841 5.4509654
v 79.4233017 60.89799881 5.7517252
v 81.21260071 76.50379944 5.65297556
v 82.99079895 70.62039948 5.67646551
v 83.03649902 62.77230835 5.72586536
v 83.03019714 52.35899734 5.7634654
v 83.43740082 75.68521118 5.37220526
v 83.39700317 62.39280701 5.44027519
v 83.96839905 72.91351318 5.41516542
v 83.94110107 58.82389832 5.44776535
v 83.4316864 50.04740906 5.49826527
v 87.52709198 71.04230499 5.76048565
v 84.28399658 66.61769867 5.78008556
v 87.33969879 62.60110855 5.77488565
v 84.353302 54.73339844 5.81976557
v 87.33840942 52.20460892 5.8254652
v 91.28970337 56.74810791 5.83476543
v 91.32839966 72.47620392 5.73456526
v 91.30879974 64.61489868 5.7485652
v 92.40080261 70.16352081 5.44556522
v 92.76660156 68.49919891 5.83256531
v 91.6536026 64.38700867 5.46000528
v 92.38469696 60.16740036 5.53718519
v 92.81880188 60.06679916 5.88198519
v 91.64289856 55.07959747 5.59277534
v 92.729599 50.70229721 5.86956549
v 92.37999725 50.4314003 5.56597519
v 96.60030365 63.90830994 5.89026546
v 95.37599945 52.42720032 5.9107852
v 99.80660248 70.9167099 5.82907534
v 98.54139709 54.63760757 5.88886547
v 100.13500214 79.01151276 5.48946524
v 99.4677887 62.77219772 5.89666557
v 99.80709839 49.35309982 5.82569551
v 74.65820312 35.88359833 5.87146521
v 74.65720367 26.7822113 6.22486544
v 75.5625 41.23169708 5.47538519
v 75.00270081 38.96439743 5.54986525
v 76.00479889 38.24639893 5.88236523
v 77.64610291 46.55360794 5.84586525
v 78.75730133 40.78129959 5.82368565
v 75.04550171 32.60910034 5.75106525
v 75.59449005 32.35639954 5.7643652
v 75.98040009 31.97570992 6.13606548
v 75.01428986 26.82110977 5.92556524
v 75.62339783 26.93630028 5.93786526
v 76.02760315 26.63570023 6.31167507
v 79.11179352 26.78420067 6.26146507
v 78.62120056 30.90719986 6.12826538
v 81.03990173 47.15390778 5.80586529
v 81.728302 38.56489944 5.83356524
v 82.96949768 40.59939957 5.79087543
v 83.0562973 33.41410828 6.01118565
v 83.0302887 29.82332039 6.17086554
v 83.07150269 26.70779991 6.25906563
v 83.34368896 40.71479797 5.57536554
v 83.96150208 42.59249878 5.52102566
v 84.05120087 35.51910782 5.65536547
v 83.43160248 31.8538208 5.80736542
v 84.03710175 26.74349976 5.98526525
v 84.03159332 48.00999832 5.56326532
v 84.42060089 44.67809677 5.85566521
v 86.44909668 42.74759674 5.8424654
v 84.4048996 36.24499893 5.96186543
v 88.32379913 37.22109985 5.89166546
v 84.46150208 32.14781952 6.13486576
v 84.45490265 26.61610031 6.30576515
v 87.60909271 28.89220047 6.21276569
v 91.37740326 26.59870148 6.31586552
v 91.39579773 35.65160751 5.96786547
v 91.2845993 44.45069885 5.82298565
v 91.22531128 32.02050781 6.10586548
v 91.72750092 44.36339951 5.5508852
v 92.3651886 42.62069702 5.52326536
v 92.83280182 44.70539856 5.90517521
v 91.73699951 35.69849777 5.69621563
v 92.80319977 39.26809692 5.93046522
v 92.41539001 35.06720734 5.69868565
v 91.4835968 29.46190071 6.13666534
v 92.76759338 33.2974968 6.09346533
v 92.31108856 26.80512047 5.93319559
v 92.87728882 26.52091026 6.36976528
v 96.85340118 46.97639847 5.90548563
v 96.58969879 31.96131134 6.11046553
v 99.75959778 41.99449921 5.85466528
v 99.76309967 36.88419724 5.94666529
v 96.19850159 26.70390129 6.28056526
v 99.81890106 30.75119972 6.17456532
v 100.27940369 43.10540009 5.51229525
v 99.8844986 26.61840057 6.27276516
v 101.46608734 87.15641022 5.83956528
v 101.06089783 87.03871155 5.46956539
v 101.34149933 82.33321381 5.88536549
v 111.03440094 94.23252106 8.11306572
v 106.40969849 87.22370148 8.12386513
v 107.96421051 102.03730011 9.47386551
v 105.09248352 100.84950256 9.77341557
v 104.83640289 98.13059998 8.24086571
v 102.45939636 101.23132324 10.30956554
v 104.4280014 103.48129272 3.46227551
v 104.40650177 83.51940155 5.83416557
v 103.61180115 87.17150116 6.11146545
v 103.62259674 87.02330017 5.7841053
v 104.39190674 92.43491364 6.90476513
v 105.58370209 101.80102539 10.18934536
v 107.72979736 99.30500031 9.27554512
v 110.09089661 95.58181 8.62194538
v 106.18540192 86.99690247 5.78426552
v 110.67099762 96.92720032 7.89233541
v 112.43341064 96.42790222 8.37426567
v 108.44551086 92.03800201 6.77498531
v 113.93779755 90.09072113 7.40296555
v 112.6871109 102.45600128 8.92062569
v 106.84230042 100.57891083 9.59431553
v 107.23470306 99.57350159 9.61735535
v 112.72429657 94.8454361 8.47394562
v 107.8769989 88.15241241 8.79703522
v 108.11229706 100.93532562 10.32974529
v 108.17790222 103.16850281 3.70576525
v 113.09480286 103.15299988 6.22567558
v 106.83070374 87.1733017 6.09556532
v 109.05419922 97.33331299 8.12394524
v 110.44360352 91.04260254 6.83756542
v 113.43699646 89.7104187 7.96896553
v 110.66059875 89.0243988 8.08014488
v 110.91899872 98.44219971 8.78706551
v 114.49289703 87.5286026 8.5554657
v 110.13569641 87.2322998 8.14246559
v 107.53649902 103.37081146 3.44336557
v 108.4598999 87.18450165 5.74970531
v 108.27390289 78.56580353 5.78511524
v 108.60440063 77.01631165 5.51188564
v 108.83660126 87.05329895 5.4650054
v 111.72170258 103.10320282 8.60305595
v 111.2378006 98.13410187 8.21216583
v 115.97559357 93.042099 7.16798544
v 110.66059875 100.70663452 9.63336563
v 115.58660126 88.44229889 8.71846581
v 111.22219849 101.78452301 10.15026474
v 110.60099792 103.37950134 3.40006542
v 113.35919952 103.16651154 3.70036554
v 109.31220245 87.09010315 5.46406555
v 109.48108673 87.23390198 6.02376556
v 109.71240234 86.90711212 5.81146526
v 111.2496109 87.1989212 6.17298508
v 109.32759857 74.2602005 5.50576544
v 112.46360016 91.84320068 6.74046516
v 111.31069946 100.95580292 10.20541573
v 112.75659943 99.56713104 9.59306526
v 116.95850372 98.61141205 8.94505501
v 113.10469818 87.08341217 5.73338556
v 109.71350098 76.42610168 5.80359554
v 115.42008972 97.3529129 8.10796547
v 114.6772995 90.95870209 6.83126545
v 113.82489777 87.22231293 5.9546752
v 116.96369934 102.0809021 9.38366508
v 113.75119781 101.03549957 10.18256569
v 115.5963974 99.31581116 9.25356483
v 117.71690369 87.95149994 8.76596546
v 114.8588028 103.37341309 3.40336561
v 115.70420074 85.53381348 5.72036552
v 116.73931122 82.28681183 5.68516541
v 116.58329773 92.18131256 6.79096508
v 127.54840851 89.1855011 8.03116608
v 115.17700195 87.26660156 8.12736511
v 117.60959625 101.85240173 10.09236526
v 120.95671082 103.11401367 8.69404602
v 116.99389648 100.8302002 9.74142551
v 116.24500275 100.58779907 9.57626534
v 118.72200012 98.15991211 8.2111454
v 121.3789978 95.55370331 8.57486534
v 116.47579956 87.22512054 5.92566538
v 130.00680542 96.85690308 7.92444515
v 125.8154068 97.0424118 7.90206528
v 119.52590179 91.5322113 6.72407532
v 120.58889771 90.62789917 6.97599554
v 117.62049866 87.19862366 6.02986526
v 116.0727005 100.9697113 10.17460537
v 119.0605011 99.61691284 9.62174511
v 118.65261078 87.28191376 8.20944595
v 121.24230194 103.37831116 3.40537548
v 118.78559113 103.19560242 3.70147562
v 116.8234024 87.08950043 5.64820528
v 117.06040192 80.76689911 5.42801523
v 117.82099915 87.2743988 5.47716522
v 120.53559113 103.17269897 5.97456551
v 123.31520081 94.66831207 8.35633564
v 121.31089783 102.4453125 8.97576523
v 119.15059662 100.94382477 10.23634529
v 118.23419952 87.00131226 5.90176535
v 120.479599 87.19612122 6.15646553
v 122.66609955 97.3635025 8.08824539
v 123.45449829 92.46469879 6.87887573
v 123.88600159 89.70561218 7.97344542
v 126.93390656 88.99549866 8.14364529
v 120.20279694 100.61871338 9.60956573
v 123.4799118 99.34091187 9.25554562
v 125.58088684 98.49301147 8.80654526
v 127.51470184 88.69300079 8.58244514
v 123.73970032 103.22491455 3.63197565
v 121.39240265 87.03980255 5.7678256
v 120.42220306 83.73149872 5.82826519
v 123.13020325 87.18900299 5.7548852
v 125.73970032 90.08992004 7.39266539
v 125.58731079 100.96961212 10.24654579
v 124.71829987 98.16049957 8.19974518
v 124.31220245 96.42851257 8.35955524
v 125.89820862 87.80361176 8.7372551
v 127.65509796 103.2137146 6.07126522
v 125.19889832 87.20770264 5.74120522
v 125.313797 93.68981171 7.65238571
v 124.27600098 91.21472168 6.76027536
v 127.99880981 91.83161163 6.73316574
v 125.17019653 87.292099 8.2165556
v 127.12049103 87.22000122 6.87957573
v 128.52259827 102.12102509 9.45294571
v 124.31950378 101.85481262 10.1332655
v 129.47981262 102.50640106 9.01885605
v 125.04679871 100.62310028 9.59866524
v 124.3710022 100.84711456 9.74764538
v 127.15518951 99.6108017 9.61326599
v 127.53981018 88.42770386 8.72576523
v 124.85959625 103.41441345 3.4079752
v 124.10209656 87.25920105 5.88806534
v 129.11630249 97.36740112 8.09084511
v 131.32551575 90.43122101 7.07696533
v 128.8052063 103.15000153 8.72366524
v 129.88980103 98.87770081 9.06236553
v 128.73779297 95.01599884 8.50284576
v 128.7204895 103.49358368 3.40646553
v 125.51828766 87.0891037 5.48920536
v 126.11908722 87.31420898 5.43806553
v 126.53019714 87.1922226 5.76566553
v 125.45890808 78.31700134 5.39278555
v 125.08778381 80.03530121 5.72620535
v 126.48370361 79.45059967 5.73028564
v 131.23469543 93.08821869 7.15338516
v 131.7618866 91.32009888 6.72156525
v 128.7374115 100.88040161 9.76486588
v 128.98579407 101.75881195 10.1841259
v 130.40769958 95.7154007 8.55304527
v 128.28359985 103.23490143 3.59956551
v 130.01841736 103.24931335 3.66137552
v 128.5098877 87.1953125 5.76806545
v 130.97358704 98.16110229 8.18754578
v 134.01719666 94.21440125 8.02676582
v 131.24110413 92.4776001 6.84716511
v 134.68899536 89.72949982 7.96444511
v 132.43800354 87.31581116 8.18314552
v 132.27430725 101.87521362 10.14326477
v 128.84988403 100.63741302 9.58785534
v 130.67840576 100.94120026 10.25345612
v 135.63319397 99.26461029 9.1972456
v 135.25119019 99.44522095 9.37506485
v 133.06860352 96.1871109 8.44794559
v 100.85250092 78.89080048 5.52176523
v 100.23179626 69.97160339 5.57016563
v 101.13509369 75.08190155 5.95176554
v 100.78800201 72.27149963 5.60956526
v 100.13339996 57.23040009 5.60738564
v 100.66590118 61.6891098 5.60216522
v 101.01628876 58.41839981 5.9766655
v 101.16989899 69.41300201 6.01146507
v 104.03939819 60.65699768 5.90956545
v 100.56970978 50.61309814 5.53636551
v 104.17140961 67.36141968 5.92447519
v 108.12619781 70.9776001 5.84306526
v 108.01319885 62.31739807 5.85126543
v 105.53610992 49.96519852 5.89156532
v 108.49980927 58.41489792 5.53486538
v 108.01580048 50.23789978 5.81270552
v 112.3608017 68.63770294 5.81410551
v 109.69641113 64.89250946 5.86796522
v 109.24658966 61.39349747 5.56172562
v 109.35379791 57.35009766 5.62528563
v 109.57630157 56.13529968 5.8612752
v 112.40380859 58.10910797 5.86788559
v 109.6257019 50.18509674 5.93696547
v 114.32569885 75.04131317 5.71616554
v 116.68080139 63.20890808 5.75132561
v 116.68009949 71.2582016 5.70656538
v 116.61859131 53.43930054 5.78756523
v 118.07730103 77.97000885 5.71606541
v 117.13200378 72.88610077 5.38376522
v 117.77269745 77.52461243 5.41288519
v 118.02839661 73.34731293 5.7193656
v 117.61109924 68.95709991 5.44146538
v 117.00669861 57.47060776 5.45436525
v 117.91309357 64.55319977 5.82386541
v 117.50520325 58.56149673 5.44228554
v 117.8411026 60.74720001 5.76426554
v 117.84190369 54.05299759 5.7877655
v 120.75319672 70.8835144 5.73356533
v 124.91899872 68.9618988 5.6956954
v 122.96499634 59.07799911 5.82126522
v 120.56159973 52.90379715 5.84306526
v 125.04019928 74.48953247 5.64826536
v 124.85939789 56.44229889 5.79226542
v 125.23828125 60.23999786 5.4883852
v 126.04409027 68.44881439 5.39586544
v 126.39379883 69.51541901 5.7598753
v 129.80960083 68.49741364 5.72876549
v 126.35800171 56.18389893 5.82569551
v 129.230896 61.42009735 5.77886534
v 125.98670959 56.34560776 5.52206564
v 128.63490295 52.1012001 5.8667655
v 101.06510162 50.6411972 5.89436531
v 101.05049896 45.08969879 5.85530519
v 100.68099976 39.01020813 5.56208563
v 101.06929779 40.75569916 5.87847519
v 100.15599823 35.51239777 5.71119547
v 101.14050293 32.74339676 6.16126537
v 100.72789764 32.59071732 5.80021524
v 103.33798218 35.40399933 6.04296541
v 100.23149872 26.74430084 5.99608564
v 100.86109924 26.81170082 6.01068544
v 101.26300049 26.57009125 6.38976574
v 104.98539734 29.10960007 6.2421751
v 104.91400146 40.459198 5.91388559
v 108.28608704 26.73830032 6.23076534
v 108.03398895 40.0182991 5.88408566
v 109.22750092 48.25769806 5.58871555
v 108.39691162 41.50090027 5.61736536
v 108.15350342 32.63881683 6.10126543
v 108.51409912 31.81410027 5.85818529
v 109.13200378 33.23350906 5.78148556
v 108.97058868 26.73021126 5.9574852
v 109.24169922 40.59819794 5.65788555
v 109.55940247 43.21870041 5.95958519
v 111.39839935 38.05780029 5.99036551
v 109.51229858 33.61369705 6.09026527
v 111.08139801 29.97211075 6.23356533
v 109.61019897 26.64439964 6.32206535
v 114.00710297 47.78149796 5.90486526
v 114.30158997 34.63479996 6.04566574
v 113.63938904 26.70429993 6.2719655
v 116.54660034 41.64039993 5.8983655
v 116.57259369 30.62021065 6.16467571
v 116.58699799 26.64611053 6.25276566
v 117.08029938 45.94590759 5.5780654
v 117.47579956 49.57379913 5.56916523
v 117.86170959 45.95359802 5.97036552
v 117.47920227 36.27360916 5.74060535
v 116.97058868 38.63850021 5.65836525
v 117.86160278 37.24639893 6.11806536
v 116.98259735 26.80990982 5.9582653
v 117.92720032 29.85880089 6.30666542
v 117.62819672 26.79339981 5.97986555
v 118.03678894 26.61250114 6.35156536
v 120.9382019 38.54999924 5.99526548
v 120.478302 29.7836113 6.23046541
v 124.77629852 44.84919739 5.90246534
v 122.3207016 26.70161057 6.26256561
v 124.87908936 35.86449814 6.01586533
v 125.2201004 39.27019882 5.66036558
v 125.27619934 30.31520081 5.87826538
v 124.95149994 26.71010971 6.21776533
v 125.96051788 46.17969894 5.59070539
v 126.37341309 48.58639908 5.91976547
v 126.28251648 41.65859985 5.93756533
v 129.4777832 45.82169724 5.90318537
v 128.97229004 41.70359802 5.91726542
v 125.90519714 33.56179047 5.80608559
v 126.28640747 35.47860718 6.05416536
v 126.20278931 26.73910141 6.28576565
v 129.66387939 29.26461029 6.17616558
v 125.56330109 26.75920105 5.88526535
v 131.19180298 87.22679901 5.93756533
v 131.2518158 87.09100342 5.70586538
v 137.36000061 96.56430054 8.23076534
v 141.04110718 90.07871246 7.42676544
v 133.12820435 100.62490082 9.55676556
v 132.88218689 99.68180084 9.62704563
v 136.1071167 87.64980316 8.61404514
v 132.84092712 103.2507019 3.64936543
v 133.97457886 103.52139282 3.39127541
v 133.46969604 87.26570892 5.72108555
v 132.18730164 87.25170135 7.17526531
v 136.31959534 103.20181274 8.61404514
v 138.13308716 102.1470108 9.46706581
v 133.59010315 100.88561249 9.72336578
v 135.64772034 100.94782257 10.2590456
v 135.77830505 98.48690033 8.7721653
v 136.3177948 98.18450165 8.18544579
v 135.61500549 95.00250244 8.47464561
v 136.35749817 88.16989899 8.77864552
v 135.97610474 103.25540161 3.65857553
v 133.49438477 82.57671356 5.62171555
v 133.93969727 87.1038208 5.36466551
v 134.51029968 87.36401367 5.44136524
v 139.35620117 97.35761261 8.05232525
v 139.1078949 93.83200073 7.69859552
v 138.38250732 91.00270081 6.80168533
v 137.19691467 91.9881134 6.70950508
v 140.53619385 90.42292023 7.10356522
v 136.83079529 103.10050201 8.80495548
v 139.90649414 102.50121307 9.07956505
v 140.07411194 87.44071198 8.39946556
v 139.2993927 88.69772339 8.61834526
v 138.15861511 101.90412903 10.19456482
v 140.01898193 103.48640442 3.38216543
v 134.88580322 87.23181152 6.10276508
v 134.91841125 87.05251312 5.75776529
v 134.85758972 82.40630341 5.6707654
v 142.68852234 97.03340149 7.86713552
v 138.82229614 87.26061249 7.09907532
v 142.82870483 100.8871994 9.71776581
v 137.4178009 99.93019867 9.64064598
v 140.65052795 95.61784363 8.55396557
v 137.80740356 101.14170074 10.29016495
v 138.54827881 103.25491333 3.64427519
v 141.34269714 103.20653534 8.61885548
v 137.01309204 87.23020935 5.89536524
v 140.2401886 87.13400269 5.70226526
v 134.90359497 77.41361237 5.68596554
v 139.22120667 87.26740265 5.93008566
v 141.23118591 93.19332123 7.18956566
v 139.27418518 100.63381195 9.55726528
v 142.20658875 99.5814209 9.56275558
v 147.15730286 98.78739929 8.97844505
v 142.26890564 103.2609024 3.59656525
v 142.79641724 98.06900024 8.15116501
v 145.60699463 96.352211 8.38156509
v 142.38722229 92.5904007 6.86206532
v 141.03361511 91.82180023 6.70546532
v 144.65600586 87.32321167 8.03915596
v 146.88310242 89.04399872 8.15134525
v 145.03527832 98.26711273 8.31064606
v 142.94369507 87.40660095 5.44650555
v 142.90678406 87.27642059 6.01056576
v 150.93391418 96.63362122 8.19355583
v 148.05529785 94.7472229 8.33824539
v 145.22302246 91.13410187 6.76147556
v 145.91969299 89.75041199 7.95254517
v 145.521698 100.93720245 10.22826576
v 142.22909546 100.63339996 9.51114559
v 142.38818359 99.88761139 9.6301651
v 142.85740662 95.18212128 8.510355
v 145.31629944 87.82871246 8.71024513
v 144.93980408 101.16970062 10.32964516
v 145.45178223 103.24549866 6.59836531
v 141.9178009 87.1217041 5.66629553
v 142.30528259 87.2303009 5.38652563
v 141.82220459 78.21620178 5.61926556
v 143.2966156 87.05821228 5.7478652
v 143.22930908 78.9442215 5.65756559
v 146.29022217 91.87171173 6.69778538
v 148.38241577 102.15801239 9.51605511
v 148.24110413 103.19161224 8.81116486
v 145.10871887 101.90752411 10.20596504
v 146.04200745 100.66850281 9.51136589
v 151.23019409 88.24030304 8.76134491
v 148.09129333 88.6108017 8.6495657
v 145.08880615 103.28031158 3.81776524
v 144.92280579 103.5851059 3.35966539
v 144.53959656 87.25401306 5.90506554
v 146.30830383 87.24073029 5.94666529
v 154.20019531 89.184021 8.00984573
v 148.84359741 87.44470978 8.37516594
v 148.84379578 102.52011108 9.11244583
v 149.84158325 99.42562866 9.2327652
v 146.94569397 103.2924118 3.7247653
v 147.57220459 103.59229279 3.34066534
v 149.95103455 97.4154129 8.06963539
v 155.04029846 98.24211121 8.16584587
v 151.35261536 93.61042023 7.49426556
v 148.45019531 92.66442108 6.88046551
v 148.99868774 90.58701324 6.97216511
v 153.13990784 101.92103577 10.2582655
v 148.22529602 99.67179871 9.61816597
v 150.34240723 100.90950012 9.68845558
v 150.72381592 95.63680267 8.56174564
v 154.83291626 88.79260254 8.49876595
v 150.78501892 103.29820251 3.88556528
v 150.19522095 103.24639893 7.20087528
v 146.78930664 87.14041138 5.7119956
v 150.47181702 96.99191284 7.86205578
v 154.76150513 90.13860321 7.33916569
v 150.84158325 99.89649963 9.60964584
v 152.92707825 98.51351166 8.72015572
v 152.98629761 101.13430023 10.37643528
v 153.42430115 103.60089111 3.32889557
v 150.27919006 87.10929871 5.64900541
v 148.65318298 82.24291229 5.6410656
v 150.45571899 87.2826004 5.86466551
v 153.27729797 90.77091217 6.86446571
v 152.02688599 91.6525116 6.65806532
v 155.9552002 89.74430084 7.94004536
v 151.15408325 87.26560211 6.94996548
v 152.88670349 103.22431183 8.68654537
v 152.97911072 100.71730042 9.47246552
v 150.64260864 87.14952087 5.39006519
v 151.23321533 87.11240387 5.38876534
v 151.70449829 87.2664032 5.86106539
v 151.25810242 81.90940094 5.38850546
v 151.62919617 83.9178009 5.71828556
v 154.01042175 92.49160004 6.79096508
v 155.29238892 87.30500031 8.02144527
v 156.8500824 100.99612427 10.29276562
v 157.0993042 96.1388092 8.48955536
v 155.60351562 87.69920349 8.62726593
v 155.16409302 103.30400085 3.85316563
v 156.27207947 103.27541351 7.02406549
v 155.12269592 87.11521149 5.66236544
v 156.87820435 97.03340149 7.8415451
v 156.85292053 94.68470001 8.28983498
v 157.93081665 102.18302155 9.52406502
v 159.51681519 103.25051117 8.86616516
v 159.95970154 102.60240173 9.12204552
v 157.8631134 100.94302368 9.65996552
v 156.36047363 99.68684387 9.58994484
v 160.42080688 87.37342072 8.2415657
v 159.80130005 97.44721222 8.05846596
v 159.49191284 90.90601349 6.85836554
v 158.57191467 91.68781281 6.70006561
v 161.97149658 98.86660004 8.94664574
v 158.51400757 87.25759888 5.66108561
v 160.11331177 93.06159973 7.04868507
v 158.1880188 100.77529907 9.39946556
v 164.73649597 98.54573059 8.63412571
v 162.82177734 87.92880249 8.72766495
v 164.40058899 88.46391296 8.73204517
v 131.53738403 76.55442047 5.64366531
v 133.38630676 55.05550003 5.73366547
v 133.37481689 66.53269958 5.68506527
v 134.44830322 73.68771362 5.3567152
v 133.77099609 65.92140198 5.40818548
v 133.70758057 49.81309891 5.48676538
v 134.36340332 59.33319855 5.40436554
v 134.76931763 63.49919891 5.71386528
v 136.07380676 66.97102356 5.73176527
v 135.62361145 55.28791046 5.78968525
v 134.64689636 49.56219864 5.78156519
v 138.83992004 66.02600098 5.72356558
v 141.69041443 50.36929703 5.79138565
v 142.86010742 77.29930115 5.34326553
v 142.29058838 77.02380371 5.30476522
v 142.10760498 66.04881287 5.41288519
v 141.78611755 69.51422119 5.6379652
v 142.75038147 66.27320099 5.39620543
v 143.10658264 68.58321381 5.71020555
v 141.77418518 60.41059875 5.7247653
v 143.08641052 57.49129868 5.80718565
v 142.00869751 52.53649902 5.53437519
v 142.67658997 52.06349945 5.51051521
v 142.26530457 49.73719788 5.50308561
v 145.61769104 77.43411255 5.68696547
v 144.9355011 69.07040405 5.72768545
v 146.73620605 58.00029755 5.73876524
v 150.14030457 71.75002289 5.6077652
v 150.07040405 62.86229706 5.6452055
v 150.60339355 78.43720245 5.3173852
v 150.5355072 68.45780945 5.32756519
v 150.41600037 53.87409973 5.39367533
v 150.04841614 49.61129761 5.71286535
v 151.63858032 77.26760101 5.6865654
v 151.18461609 71.88800049 5.3492856
v 151.10180664 63.85239792 5.33866549
v 151.49000549 67.45181274 5.65377522
v 154.1401062 66.30590057 5.6712656
v 151.47122192 61.17539978 5.71106529
v 151.38261414 52.45190048 5.77306557
v 151.07249451 52.82320023 5.41656542
v 158.54309082 73.12750244 5.57536554
v 158.59120178 79.96411133 5.57429552
v 158.3901825 63.38209915 5.65570545
v 155.83798218 53.81149673 5.72696543
v 131.71401978 50.25 5.82438564
v 133.28131104 43.271698 5.82036543
v 133.25210571 35.66569901 5.92316532
v 133.18771362 26.92700005 6.17336559
v 134.26699829 46.97279739 5.49146557
v 133.68229675 40.3932991 5.54036522
v 134.27560425 39.4669075 5.54826546
v 133.64579773 31.48140144 5.77558565
v 134.23890686 32.14839935 5.75836563
v 134.17771912 26.84950066 5.8957653
v 135.61680603 39.89999771 5.8976655
v 138.28199768 45.20399857 5.84496546
v 134.61669922 38.47231674 5.88426542
v 134.6204071 31.68521118 6.11286545
v 138.12011719 30.48190117 6.07906532
v 134.5630188 26.68632126 6.28906536
v 141.56190491 26.90500069 6.11967564
v 139.04559326 37.71320724 5.89616537
v 141.63360596 41.82740021 5.83107519
v 141.63470459 34.57181931 5.97117519
v 142.75701904 43.41869736 5.67326546
v 143.19508362 47.68169785 5.90536547
v 142.09669495 40.64029694 5.5480752
v 143.04098511 42.62379837 5.9473052
v 142.60891724 34.02021027 5.70886564
v 143.01341248 36.60910034 6.02086544
v 141.97659302 34.6527977 5.67766523
v 141.98808289 26.95610046 5.84757519
v 143.01449585 29.78711128 6.15796566
v 142.59127808 26.80949974 5.87108564
v 142.91760254 26.81482124 6.20676517
v 147.19030762 47.80909729 5.80518532
v 145.73953247 41.69389725 5.87756538
v 149.96490479 30.72071075 5.9978652
v 149.99841309 42.98970032 5.7707653
v 146.92689514 34.99919891 5.95406532
v 149.96299744 38.0404892 5.83066559
v 150.35150146 39.17791748 5.51726532
v 150.34170532 26.86750031 5.78056526
v 149.93980408 26.86310005 6.05796528
v 150.96629333 44.6228981 5.46566534
v 151.33969116 44.36999893 5.82508564
v 150.90699768 38.91079712 5.50908566
v 152.30841064 41.54549789 5.86346531
v 151.29011536 38.18330002 5.89506531
v 150.90800476 32.58761978 5.68516541
v 151.29208374 32.53629684 6.08186531
v 151.25610352 26.8302002 6.20636559
v 150.9624176 27.03830147 5.85406542
v 154.60450745 36.18709946 5.91546535
v 155.42848206 44.6792984 5.8030653
v 158.29319763 39.42829895 5.80226564
v 158.16821289 26.90480042 6.09596539
v 158.37269592 48.31159973 5.72958565
v 158.27900696 32.47311783 5.96369553
v 159.21351624 103.36431122 3.51186562
v 159.04960632 103.58279419 3.30287552
v 158.98249817 87.30519867 5.36347532
v 159.3085022 87.54621124 5.60486555
v 159.03869629 87.26170349 6.24626541
v 164.80189514 98.2668457 8.12784576
v 162.75938416 92.30509949 6.75126553
v 171.50570679 90.20059967 7.32486534
v 165.19338989 87.33660126 7.98714542
v 163.20777893 101.98591614 10.22756577
v 160.54159546 100.98429871 10.03456497
v 160.52241516 99.74513245 9.56176567
v 164.55781555 99.50469971 9.18774605
v 162.27352905 95.46572113 8.52134514
v 161.20648193 101.44210052 10.34876537
v 159.88369751 103.33000946 3.56046534
v 161.36619568 103.42230225 3.36087561
v 162.95358276 103.32810211 6.32747555
v 159.59030151 87.25340271 5.36526537
v 160.0025177 87.26750183 5.71256542
v 159.49572754 80.66040039 5.30726528
v 167.19477844 89.80091095 7.90334511
v 172.8742218 90.63780212 6.95876551
v 163.99427795 89.14041901 8.04072571
v 167.64630127 87.51499939 8.38764572
v 164.18580627 103.35620117 4.50586557
v 165.82330322 103.29579926 3.57256556
v 165.66029358 103.45172119 3.29106522
v 164.46620178 87.32681274 5.88058519
v 163.76968384 87.14929962 5.58856535
v 161.55981445 82.0019989 5.6410656
v 163.64968872 97.03131104 7.83104515
v 168.9848938 94.41422272 8.02932549
v 172.06718445 95.10649872 8.40124512
v 168.65609741 91.38121033 6.69599533
v 166.74209595 102.22241211 9.57936573
v 163.9125061 99.7411499 9.54425526
v 165.48869324 100.76950073 9.35246563
v 162.91740417 101.02741241 10.03212547
v 164.75741577 100.95310211 9.59216499
v 167.37460327 88.77072144 8.56285572
v 170.86489868 97.51210022 8.04896545
v 169.22940063 96.27480316 8.41874504
v 172.62539673 96.98220062 7.87816525
v 176.55340576 96.70181274 8.19324493
v 167.85969543 93.05551147 7.01016521
v 167.30822754 102.59429932 9.12386513
v 163.45640564 101.00521088 10.29940605
v 165.26841736 101.03240204 10.28492546
v 168.41090393 103.38140106 4.59486532
v 167.35450745 103.33322906 7.19769573
v 166.80961609 87.311409 6.16866541
v 166.90049744 87.18730164 5.55836535
v 170.34179688 103.28581238 8.85525513
v 172.13619995 97.23860168 7.89823532
v 166.30918884 99.75900269 9.50231552
v 169.99450684 100.99639893 9.47716522
v 171.29318237 101.02291107 10.07706547
v 172.48019409 95.70001221 8.50656509
v 168.73800659 101.1937027 10.36326599
v 167.84379578 87.63330078 5.30020523
v 168.27490234 87.17001343 5.61258554
v 168.78721619 87.29560089 5.8818655
v 167.26060486 82.63111877 5.26576519
v 167.81642151 78.27529907 5.22626543
v 172.94082642 98.28839874 8.12895584
v 171.13589478 92.27809906 6.69846535
v 171.87930298 89.18370056 7.9934454
v 172.3184967 102.07112885 10.08906555
v 168.13569641 99.81310272 9.58056545
v 168.99928284 100.57311249 9.37076569
v 175.81790161 98.95452118 8.9460659
v 177.46672058 88.86830139 8.45604515
v 172.68580627 101.90621185 10.25492477
v 171.14360046 103.36811066 3.6240654
v 171.33831787 87.14810944 5.56316519
v 168.16932678 74.61440277 5.56536531
v 173.54627991 102.7806015 9.05414581
v 172.92851257 103.37969971 6.08206558
v 171.28718567 99.80979919 9.54616547
v 171.62628174 100.81751251 9.3069458
v 174.40751648 87.9598999 8.69512558
v 171.35821533 103.74660492 3.27037525
v 172.48429871 87.31291199 5.84396553
v 173.39990234 93.21703339 7.09066534
v 178.11309814 87.4107132 8.15186501
v 174.5592041 102.34410095 9.402565
v 183.86747742 103.3277359 8.79006577
v 173.83818054 99.85102081 9.53886509
v 173.06889343 99.52050018 9.17826557
v 176.18710327 88.59010315 8.64994526
v 176.27548218 101.13230133 10.33632565
v 173.52589417 103.457901 3.38896561
v 174.831604 103.71230316 3.25806522
v 174.05349731 103.35771942 3.5978756
v 178.42739868 103.42001343 5.0226655
v 175.2651062 87.27561188 5.51567554
v 175.12019348 87.3914032 5.84076548
v 176.01448059 87.33100128 6.2252655
v 172.84989929 82.32289886 5.53651524
v 174.64089966 91.63600159 6.65268517
v 178.460495 89.85761261 7.85185528
v 174.9355011 101.00360107 9.50946522
v 174.93249512 100.81159973 9.35466576
v 177.34489441 96.23551941 8.43776512
v 177.20054626 103.32550049 3.64067554
v 175.70410156 87.53211212 5.22478533
v 175.50572205 75.0522995 5.2513752
v 177.55349731 92.53031158 6.74488544
v 184.06147766 94.21340179 7.82734537
v 175.95121765 99.97019958 9.53224564
v 180.24441528 98.34931183 8.13264561
v 186.3921051 98.68572998 8.64504528
v 178.31350708 103.59499359 3.26277542
v 178.00869751 103.42311096 4.20146561
v 176.18821716 87.63565063 5.2879653
v 176.54118347 87.31439972 5.61246538
v 180.28689575 87.3690033 5.88676548
v 179.792099 87.22260284 5.52536535
v 176.10209656 80.06371307 5.25486565
v 188.30569458 97.58969879 8.02124596
v 180.4992981 93.42340088 7.20598507
v 179.73060608 91.62220001 6.64196539
v 181.85118103 87.34941101 7.1398654
v 184.65301514 102.72820282 9.11664581
v 180.54570007 102.040802 10.24406528
v 178.72579956 99.84059906 9.47876549
v 181.54690552 99.54350281 9.15796566
v 180.45750427 97.11450195 7.85236549
v 182.64271545 89.21710205 7.94685555
v 181.646698 102.30522156 9.49744511
v 178.70010376 101.04270172 9.4450655
v 179.30632019 100.78820038 9.27596569
v 184.44181824 101.08180237 10.11396599
v 181.63180542 87.96559906 8.64643478
v 182.82641602 101.19309998 10.34936523
v 181.95152283 103.70049286 3.24897528
v 180.25309753 103.36019897 3.64316559
v 181.31410217 87.54740143 5.71658564
v 184.59382629 97.11881256 7.8269453
v 185.75779724 95.01042938 8.33764553
v 192.11651611 90.95522308 6.77366543
v 183.704422 90.33300018 7.16748524
v 186.46589661 101.07791138 9.51526546
v 192.80369568 99.89952087 9.45532513
v 185.23779297 99.86813354 9.45986557
v 192.77218628 101.09970093 9.41206551
v 187.8808136 95.70050049 8.51325607
v 185.60890198 103.42671204 3.82966566
v 185.35531616 103.69379425 3.2433753
v 183.05039978 87.40029907 5.74678564
v 183.46492004 87.27021027 5.4907856
v 183.49168396 82.55460358 5.48336554
v 189.36340332 96.24069977 8.44974518
v 184.98121643 92.93109894 6.90719509
v 185.77650452 91.72811127 6.62029552
v 184.88079834 88.60929871 8.61846542
v 185.15510559 103.43141174 6.12596512
v 183.91560364 87.50530243 5.17906523
v 184.5480957 87.62200165 5.24358559
v 185.18850708 87.35411072 5.86356544
v 185.7447052 89.83930206 7.8333354
v 186.17372131 87.38880157 7.92983532
v 187.78370667 102.06571198 10.25226593
v 193.20840454 87.86750031 8.50175571
v 188.52529907 103.48280334 5.72270536
v 184.86630249 87.23320007 5.55000544
v 187.18467712 87.37840271 5.8268652
v 184.78302002 77.98930359 5.56527519
v 189.78430176 81.12840271 5.53270531
v 186.5425415 74.85781097 5.58436537
v 195.23518372 94.6317215 8.08646584
v 200 89.97370148 7.68176556
v 190.15667725 89.23222351 7.90164566
v 200 90.73509979 6.86276531
v 188.12649536 102.29640198 9.61286545
v 189.78417969 99.01721191 8.90006542
v 190.07659912 101.14681244 10.31026554
v 158.9552002 80.16442108 5.3353653
v 158.83010864 66.2999115 5.35550547
v 159.37892151 72.57450867 5.2879653
v 159.36000061 62.44300842 5.34956551
v 158.82698059 55.91279984 5.39820528
v 158.76872253 51.18379974 5.40678549
v 159.33409119 46.85639954 5.45537519
v 159.84768677 75.36060333 5.6267252
v 161.84703064 69.93652344 5.64486551
v 159.79627991 66.20661163 5.69171524
v 159.81480408 61.75 5.71397543
v 159.63830566 53.18890762 5.71497536
v 163.68899536 55.09689713 5.64556551
v 160.78790283 50.35579681 5.7445755
v 164.83250427 73.02281189 5.55746555
v 166.78977966 68.47720337 5.54826546
v 166.65939331 56.00709915 5.57858562
v 164.67341614 49.17490005 5.66636562
v 167.17419434 70.95149994 5.24366522
v 167.8184967 67.82041931 5.31506538
v 167.58688354 60.41549683 5.25506544
v 168.12150574 64.78851318 5.60576534
v 167.08538818 59.9937973 5.30926561
v 168.05029297 55.46649933 5.62796545
v 167.57591248 45.66889954 5.32356548
v 172.37049866 69.18990326 5.57776546
v 169.98249817 50.69120026 5.66376543
v 173.64199829 51.4394989 5.64221525
v 175.09449768 67.48602295 5.56286526
v 175.46232605 62.4618988 5.30578566
v 174.98249817 51.32659912 5.60116529
v 176.4618988 79.05239868 5.61700535
v 176.23847961 69.06280518 5.5013752
v 175.93339539 66.13291931 5.29316521
v 176.50280762 68.66561127 5.64706564
v 176.27810669 54.68980026 5.65456533
v 175.62620544 51.5746994 5.31286526
v 178.66059875 61.98399734 5.65246534
v 175.92648315 52.06549835 5.35816526
v 180.38201904 76.11270142 5.54720545
v 183.36689758 69.03649902 5.53616524
v 180.05131531 53.30799866 5.66108561
v 183.27619934 59.1201973 5.58426523
v 184.35220337 72.24510193 5.21646547
v 183.68110657 64.32260132 5.28100538
v 184.67721558 63.99501801 5.64466524
v 183.98599243 56.99449921 5.27500534
v 184.26370239 61.57460785 5.30656528
v 184.56500244 55.00689697 5.63231564
v 184.28631592 53.80500031 5.37886524
v 183.20829773 46.37809753 5.61076546
v 186.63618469 50.98869705 5.70200539
v 158.72491455 38.1361084 5.50908566
v 159.20770264 38.27330017 5.50351524
v 159.23880005 31.24261093 5.68026543
v 159.64630127 34.88729858 5.94006538
v 158.85180664 27.01029968 5.74446535
v 159.60479736 41.39640045 5.79666519
v 160.98991394 44.32099915 5.78288555
v 162.46089172 37.1724968 5.8065753
v 164.02041626 42.63360977 5.71856546
v 161.55961609 30.63871002 5.96046543
v 159.56648254 26.96111107 6.06796551
v 164.35119629 26.89961052 5.94766521
v 166.58099365 38.5963974 5.69296551
v 166.644104 47.69079971 5.61886549
v 166.51591492 26.9428997 5.8971653
v 167.09828186 50.19829941 5.31406546
v 167.97747803 44.30109787 5.70106554
v 166.98260498 37.61429977 5.4129653
v 167.53709412 33.17920685 5.48436546
v 167.9447937 33.75931931 5.82818556
v 167.9078064 26.88870049 5.93766546
v 167.46641541 26.89101028 5.5681653
v 170.48139954 44.90219879 5.69236565
v 171.15640259 39.55049896 5.69976521
v 171.36082458 30.20899963 5.81646538
v 173.26080322 42.28879929 5.67626524
v 174.89649963 33.33929825 5.7478652
v 174.79718018 27.02009964 5.81610537
v 175.28010559 50.49950027 5.37546539
v 174.89129639 42.33519745 5.63606548
v 175.26199341 42.78489685 5.38356543
v 175.80003357 41.22929764 5.34606552
v 175.24690247 33.10260773 5.45666552
v 175.80340576 34.52260971 5.42546558
v 175.55001831 26.92380142 5.49846554
v 177.89259338 48.43439865 5.69721556
v 176.25210571 46.56419754 5.6943655
v 176.23240662 43.54139709 5.71278524
v 176.18269348 40.82312012 5.71536541
v 179.52453613 36.39069748 5.7355752
v 176.16342163 35.41489792 5.78968525
v 176.16610718 26.96660995 5.90467548
v 180.3276062 26.9973011 5.85976553
v 181.50430298 45.39830017 5.68970537
v 183.12782288 35.92731857 5.73066521
v 183.11979675 27.05111122 5.8440752
v 183.54110718 45.42539978 5.37736559
v 184.11489868 39.811409 5.36936522
v 184.5552063 45.08580017 5.70821524
v 183.53349304 33.15571976 5.46406555
v 184.44857788 37.13720703 5.7412653
v 184.04582214 27.25 5.56616545
v 183.55531311 26.95240021 5.57858562
v 184.48971558 27.0454998 5.89376545
v 188.0605011 40.90029907 5.74888563
v 194.28489685 103.61018372 3.22079563
v 195.01800537 103.49480438 3.86339521
v 193.49859619 103.48428345 5.27147532
v 191.84829712 87.27799988 5.50526524
v 188.53430176 96.88941193 8.02004528
v 200 98.48049927 8.09762573
v 192.74299622 93.1962204 7.02186537
v 190.25102234 91.88841248 6.60926533
v 188.01100159 88.83331299 8.41723537
v 192.9967804 87.43231964 8.04062557
v 190.35159302 87.36591339 6.77036572
v 192.28829956 103.35391235 8.79385567
v 200 99.58280182 9.05633545
v 189.99589539 88.24120331 8.64905548
v 190.20152283 87.43192291 5.82008553
v 188.17770386 97.13809967 7.82824516
v 192.75239563 102.94152069 9.00496483
v 193.48539734 102.38301086 9.4457655
v 200 102.48842621 9.24264526
v 200 88.76930237 8.41476536
v 191.74159241 87.3871994 5.89856529
v 194.21931458 102.11849976 10.22626495
v 192.22058105 87.34722137 5.21981525
v 192.81451416 87.56340027 5.30196524
v 193.23031616 87.38249969 5.98816538
v 193.14689636 87.23371124 5.52979565
v 192.77227783 79.68080139 5.22538519
v 200 95.45629883 8.44396591
v 196.43739319 91.98442078 6.60306549
v 200 103.34273529 8.79156494
v 200 101.20761108 10.21834564
v 196.19299316 88.38741302 8.57312584
v 195.77182007 101.24802399 10.30566597
v 195.54522705 87.37541962 5.7957654
v 194.91348267 87.22660065 5.53718519
v 200 95.97940063 8.4516449
v 200 96.6875 8.19733524
v 200 87.42620087 7.97204542
v 200 101.11190033 9.52676582
v 200 99.0610199 8.8910656
v 200 103.79710388 3.28577566
v 200 103.52190399 3.7801652
v 200 103.47540283 7.77756548
v 197.7980957 87.25430298 5.50930548
v 198.2117157 87.3914032 5.8157053
v 200 94.65981293 8.08764553
v 200 91.59400177 6.56406546
v 200 89.24590302 7.83914566
v 200 102.12801361 10.24806595
v 200 99.83779907 9.41175556
v 200 97.67520142 7.95176554
v 200 88.22100067 8.53644562
v 189.30659485 67.26711273 5.60936546
v 188.59571838 58.24449921 5.66556549
v 191.67552185 68.54511261 5.54116535
v 191.52542114 56.08440018 5.62628555
v 192.07440186 72.51830292 5.23150539
v 193.03982544 71.29592896 5.5622654
v 195.11148071 70.29901886 5.58820534
v 192.60009766 64.53651428 5.25146532
v 195.15197754 60.75050735 5.66186523
v 191.98332214 62.8358078 5.29670525
v 192.93960571 55.12680054 5.64920521
v 192.53160095 54.85219955 5.31677532
v 191.83779907 46.4731102 5.40176535
v 192.92817688 50.19619751 5.71728563
v 197.99819946 73.01100159 5.5737052
v 199.36521912 58.5481987 5.61906528
v 197.86367798 54.56489944 5.68650532
v 199.36521912 87.10912323 5.50496531
v 199.36521912 73.33270264 5.55999565
v 189.16297913 30.0945015 5.84866524
v 191.37930298 27.10950089 5.86206532
v 191.46208191 37.52019882 5.74418545
v 191.42689514 45.86010742 5.6931653
v 191.81790161 27.06661034 5.56416559
v 192.48649597 41.7845993 5.40536547
v 192.81440735 41.79729843 5.73526525
v 195.35452271 44.59779739 5.75036526
v 194.76139832 38.06210709 5.79138565
v 192.80052185 27.0848999 5.89316559
v 192.43331909 27.26189995 5.60496521
v 197.55780029 48.53019714 5.72776556
v 197.4356842 32.50439835 5.82468557
v 199.36521912 27.17840004 5.8497653
v 199.36521912 41.896698 5.70607519
v 199.36521912 48.98719788 5.67676544
v 198.54931641 48.78039932 5.69550562
v 199.36521912 34.49399948 5.75816536
v 199.77619934 87.10070038 5.13496542
v 200 73.56220245 5.13496542
v 200 87.09609985 5.13496542
v 199.75079346 73.4720993 5.13496542
v 199.7538147 34.48581696 5.13496542
v 200 41.70610046 5.13496542
v 199.74189758 41.78360748 5.13496542
v 200 34.48069763 5.13496542
v 200 48.99219894 5.13496542
v 199.74890137 58.58589935 5.13496542
v 199.74719238 48.99029922 5.13496542
v 200 58.61050034 5.13496542
v 199.77632141 27.16860962 5.13496542
v 200 27.16330147 5.13496542
v 0.28299713 40.4414978 5.13496542
v 199.80610657 87.10002136 5.24800539
v 200 87.40200043 5.8289752
v 0 87.09609985 5.13496542
v 200 92.17160034 6.5249052
v 200 93.38130951 7.00796509
v 200 97.2354126 7.75626564
v 0 73.56220245 5.13496542
v 0 58.61050034 5.13496542
v 0 48.99219894 5.13496542
v 0 41.70610046 5.13496542
v 0 34.48069763 5.13496542
v 0 27.16330147 5.13496542
v 7.61959076 110.55979156 4.63166523
v 0 110.89259338 3.97366524
v 0 110.39520264 4.7799654
v 2.38189697 105.414505 3.28486538
v 0 108.35459137 3.28857565
v 0 103.79710388 3.28577566
v 1.94937897 108.58087921 3.64296532
v 0 108.5708847 3.64296532
v 0 108.56699371 5.48456526
v 4.28730011 110.14610291 5.21400547
v 0 109.97140503 5.29326534
v 3.23880005 108.98599243 5.56146526
v 0 109.09399414 5.52220535
v 3.62490082 108.35459137 3.28857565
v 5.45020294 108.52190399 5.46646547
v 5.33529663 103.71420288 3.30956554
v 7.12609863 110.84920502 4.09036541
v 0 111.43140411 3.76747561
v 4.85489655 111.71199036 3.45437527
v 0 111.72270203 3.42986536
v 5.47029877 108.57509613 3.64296532
v 7.3361969 108.35459137 3.28857565
v 5.84100342 111.40910339 3.86236525
v 15.24980164 109.08589172 5.59396553
v 10.66960144 108.60179138 5.60156536
v 13.8891983 109.82400513 5.40770531
v 9.72097778 109.40649414 5.40770531
v 0 109.43549347 5.32906532
v 13.56330109 111.40389252 3.89366531
v 10.41209412 108.48168945 5.29706526
v 10.50189209 108.56220245 3.55226564
v 12.07659912 108.35459137 3.29577541
v 9.66639709 103.54389191 3.33506536
v 16.59159851 110.84809113 4.09866524
v 26.02009583 110.31640625 4.90956545
v 17.07859802 111.72270203 3.42986536
v 16.49649811 110.15489197 5.24121523
v 17.98979187 111.72270203 3.42986536
v 24.30560303 110.51968384 4.67676544
v 14.625 108.55710602 3.58896542
v 17.18389893 108.28549194 3.31646538
v 15.65678406 103.69730377 3.36506557
v 18.33599854 108.47459412 5.37808561
v 20.99420166 109.34350586 5.44650555
v 19.57559967 108.58379364 5.62506533
v 27.93589783 111.72270203 3.42986536
v 18.61019135 108.53040314 3.64580536
v 18.85569763 103.54279327 3.37097549
v 24.08979797 108.34249115 3.37281561
v 22.16049957 103.53349304 3.37281561
v 24.7641983 109.89300537 5.41896534
v 26.87560272 111.35040283 3.95330524
v 23.47730255 108.53929138 3.67367554
v 29.18630219 106.91029358 3.35816526
v 28.37129974 109.00639343 5.62926531
v 36.87517929 110.68130493 4.31266546
v 28.64320374 103.5894928 3.39956522
v 24.15159607 108.45779419 5.54320526
v 36.67238998 110.89970398 4.11596537
v 30.0109024 108.53259277 3.7259655
v 25.79869843 108.45119476 5.50806522
v 27.25859833 108.45658875 5.60286522
v 30.94419861 108.3190918 3.38296556
v 30.5617981 109.79019165 5.47816563
v 33.60600281 110.09399414 5.2641654
v 37.88188171 111.72270203 3.42986536
v 35.36959839 109.3194046 5.4574852
v 37.34880066 110.44720459 4.77256536
v 33.04100037 108.59609222 5.69116545
v 32.77450562 108.41299438 5.50277519
v 37.08069992 111.30660248 4.00316525
v 32.8832016 103.62567902 3.41316557
v 34.93737793 109.82899475 5.48866558
v 38.79309082 111.72270203 3.42986536
v 37.70230103 108.47588348 3.66497564
v 37.27099991 108.27669525 3.38266563
v 36.09680176 103.53220367 3.42716551
v 38.54980087 108.37109375 5.66668558
v 41.52050018 109.64690399 5.52666521
v 44.67210007 108.91460419 5.73697519
v 41.09249878 105.51489258 3.40696526
v 39.00529099 103.53729248 3.43897533
v 43.09487915 108.30080414 3.42866564
v 40.94070053 108.42179108 4.77768564
v 47.23619843 109.95599365 5.39626551
v 45.49549866 108.34399414 5.71070528
v 46.84840012 110.82809448 4.12856531
v 43.6006012 108.44839478 3.64896536
v 48.60400009 108.09799194 3.43866539
v 43.3368988 103.66569519 3.43177557
v 49.69279099 110.170784 4.98196554
v 44.08330154 109.20820618 5.55066538
v 44.35160065 111.29949188 3.9594655
v 44.82310104 111.61739349 3.63886547
v 49.47069931 110.40420532 4.74986553
v 47.37990189 103.66389465 3.45316553
v 48.55450058 109.67359161 5.5289855
v 48.29079819 111.27280426 4.00106525
v 52.32640076 111.5891037 3.68686533
v 49.70240021 109.23589325 5.52386522
v 47.90029907 108.39859009 3.67657566
v 55.32139969 110.70489502 4.28166533
v 51.76259995 108.27000427 3.51527548
v 50.55690002 108.3700943 3.83596563
v 53.70629883 105.32800293 3.46579552
v 51.4117012 103.67169189 3.47066545
v 50.49689865 108.32709503 5.68808556
v 54.02619934 111.24599457 4.06196547
v 53.20080185 108.92059326 5.7490654
v 55.66149902 108.33250427 5.58871555
v 54.5237999 108.44779205 3.71176529
v 54.76499939 108.28469086 3.47806549
v 57.58209991 107.3197937 3.43366528
v 56.60329819 103.71749115 3.48076534
v 60.11669922 109.74549103 5.58386564
v 60.83919907 110.03510284 5.41616535
v 57.09930038 108.45549011 5.77746534
v 60.7030983 110.44489288 4.81766558
v 59.74369812 109.20979309 5.61267519
v 61.32089996 110.22079468 5.06780529
v 58.95769882 111.55109406 3.59136534
v 62.92720032 111.31010437 4.11816549
v 60.06549835 108.26148987 3.47066545
v 60.92819977 108.4691925 3.69036531
v 60.97740173 103.73589325 3.47416544
v 62.64820099 108.97070312 5.78336525
v 67.36710358 110.66470337 4.43716526
v 62.85889816 108.37309265 5.70476532
v 68.39910126 110.9121933 4.22736549
v 63.27370071 111.72270203 3.42986536
v 65.16719055 108.23448944 3.48596525
v 63.13819885 103.62429047 3.50416565
v 67.79060364 111.519104 3.70786524
v 64.18489838 111.72270203 3.42986536
v 66.64389801 108.4947052 3.70256519
v 69.76390076 106.85940552 3.45977545
v 70.38349915 109.27760315 5.62326527
v 69.28328705 108.58810425 5.81556559
v 75.36589813 111.72270203 3.42986536
v 70.71360016 108.52370453 3.7021656
v 69.42890167 108.40419006 5.67302561
v 72.92729187 110.0296936 5.50558519
v 76.64028931 110.42059326 4.94938564
v 72.625 111.3272934 4.11696529
v 71.38899994 108.27830505 3.51956558
v 73.69998932 109.00279236 5.80766535
v 81.05809021 110.81660461 4.30126524
v 75.41959381 108.28159332 3.53737545
v 73.53469086 108.44789124 5.74146557
v 76.92629242 108.53780365 3.73977566
v 82.5667038 109.4967041 5.61286545
v 75.14360046 108.45049286 5.7799654
v 80.78600311 107.00210571 3.45516539
v 79.51850128 110.05799103 5.5037055
v 77.48349762 108.44890594 5.70066547
v 76.93079376 108.53149414 5.80906534
v 80.7589035 111.3720932 4.11866522
v 81.56999969 108.3055954 3.52997541
v 84.17858124 104.96230316 3.48187542
v 85.27929688 109.23139191 5.7119956
v 79.56060028 108.45360565 5.53970528
v 86.54689789 111.72270203 3.42986536
v 81.38729095 108.56138611 3.7313652
v 85.66207886 108.84249115 5.83506536
v 87.25309753 108.56789398 5.77736521
v 89.08969879 110.46279144 4.90146542
v 86.79740143 109.8414917 5.58820534
v 87.36559296 108.47249603 5.5695653
v 90.07180023 111.12730408 4.13196564
v 87.72949982 111.34480286 4.07356548
v 84.93299866 108.55788422 3.78587532
v 86.99568939 108.26260376 3.53977537
v 89.00058746 107.07059479 3.45416546
v 91.34449768 110.11340332 5.42728519
v 90.68779755 110.76089478 4.34466553
v 87.45809174 111.72270203 3.42986536
v 88.53929901 108.55099487 3.74597549
v 94.84320068 111.72270203 3.42986536
v 95.24938965 109.0045929 5.75216532
v 94.70279694 111.25939178 4.04176521
v 92.06929779 108.27219391 3.56196547
v 93.00730133 108.50169373 3.76126528
v 94.44750214 109.81719208 5.55106544
v 95.24559021 109.3000946 5.58998537
v 94.52940369 108.41119385 5.7634654
v 96.42939758 110.74020386 4.22630548
v 98.70359802 110.34450531 4.84307528
v 96.97989655 107.15970612 3.45056534
v 98.01930237 108.22549438 3.53106546
v 97.44480133 108.41849518 3.78416538
v 104.98880005 108.40759277 5.76182556
v 101.21109772 108.31689453 5.64300537
v 102.22840881 111.72270203 3.42986536
v 98.68540192 109.35120392 5.53216553
v 103.74060059 109.95170593 5.42906523
v 105.85140228 110.6009903 4.3728652
v 102.94360352 108.39970398 3.83077526
v 106.34880066 109.21839142 5.58756542
v 107.11930084 110.82900238 4.14426565
v 106.35990143 111.23769379 4.02516556
v 104.20880127 107.32240295 3.44956541
v 104.01380157 108.22800446 3.50226545
v 103.83630371 105.81560516 3.46296549
v 109.20359802 108.93400574 5.75909519
v 110.31140137 110.29530334 4.8898654
v 109.6135025 111.72270203 3.42986536
v 107.60520172 108.20949554 3.48129559
v 107.55120087 108.40649414 3.71886539
v 107.74131012 106.07030487 3.4287653
v 110.55770111 108.20039368 3.43756533
v 110.80148315 108.41988373 3.69026566
v 112.70040894 109.9424057 5.45846558
v 111.3832016 108.33779144 5.67286539
v 117.38410187 111.23350525 4.00426531
v 114.85929871 111.46488953 3.6350956
v 110.52469635 111.72270203 3.42986536
v 113.97171021 108.26599121 3.46646547
v 118.39058685 110.76820374 4.15046549
v 114.31479645 108.41879272 3.76306534
v 118.96980286 108.36890411 5.70766544
v 117.60959625 110.47690582 4.69566536
v 117.1875 108.4763031 3.72156525
v 116.12270355 108.31349182 5.49320555
v 117.49069977 107.25960541 3.40627527
v 115.88210297 109.26289368 5.60808563
v 118.7609024 108.96940613 5.72152519
v 116.66870117 109.92380524 5.32770538
v 118.79959106 108.26340485 3.47577524
v 117.49790192 111.72270203 3.42986536
v 124.56749725 110.31290436 4.7884655
v 119.77850342 108.40019226 3.74496555
v 121.57189941 105.37109375 3.41116524
v 118.45030212 109.90820312 5.43779564
v 121.69400024 109.17999268 5.54856539
v 124.36509705 109.69379425 5.50908566
v 124.82830048 109.96120453 5.34806538
v 122.81420135 108.35468292 3.68016529
v 126.57601166 108.05129242 3.46286535
v 122.37229919 107.08459473 3.40146542
v 123.63140869 108.28329468 5.56018543
v 127.73679352 108.3055954 5.70926523
v 129.54499817 110.70709229 4.13776541
v 125.15560913 108.88950348 5.72530556
v 130.88551331 111.21490479 3.95656538
v 126.00279999 108.33880615 3.6702652
v 125.35700226 109.22350311 5.5017252
v 129.8170929 111.72270203 3.42986536
v 132.67219543 105.32050323 3.40758562
v 132.30230713 109.2171936 5.48596525
v 129.3795166 108.92719269 5.69350529
v 134.54440308 106.79800415 3.36927557
v 135.01019287 109.98910522 5.25526524
v 130.728302 111.72270203 3.42986536
v 131.64430237 108.3493042 3.64627552
v 132.52079773 108.31049347 5.54216528
v 131.31738281 108.4121933 5.6714654
v 137.94070435 110.34049225 4.72426558
v 133.86978149 108.10899353 3.47547531
v 133.80947876 109.60020447 5.47126532
v 134.43319702 108.77239227 5.69836521
v 142.35719299 110.68860626 4.11866522
v 136.18240356 108.36738586 3.6582756
v 137.42431641 111.72270203 3.42986536
v 137.32969666 108.33669281 5.54076529
v 137.43351746 109.248703 5.4570055
v 141.83071899 108.57050323 5.66976547
v 140.63619995 108.12280273 3.46496534
v 141.05761719 109.99750519 5.26070547
v 139.62968445 109.64259338 5.47386551
v 146.39880371 108.90468597 5.6410656
v 145.91020203 109.2463913 5.4370656
v 141.48910522 108.38049316 3.68026543
v 142.3513031 108.33769226 5.51567554
v 147.94819641 111.18700409 3.94466543
v 144.19711304 106.66399384 3.35587549
v 144.78741455 108.33440399 4.99958563
v 144.98579407 108.33880615 3.46187544
v 147.75502014 105.53179169 3.36266565
v 147.02049255 109.90440369 5.3482852
v 154.2651825 110.19859314 4.8502655
v 144.12019348 111.72270203 3.42986536
v 152.96080017 110.37280273 4.66546535
v 151.61660767 108.16830444 3.42897558
v 148.31460571 108.39950562 3.65937519
v 151.41958618 109.68359375 5.41256523
v 149.95509338 108.32938385 5.51330566
v 156.07357788 110.69689178 4.08966541
v 150.81611633 111.72270203 3.42986536
v 153.29402161 106.5226059 3.30897522
v 155.47270203 108.57040405 5.6211853
v 153.73649597 111.42259216 3.57966566
v 151.72729492 111.72270203 3.42986536
v 152.63189697 108.4121933 3.6827755
v 157.61572266 111.21420288 3.90626526
v 156.54919434 105.7447052 3.33227539
v 158.2875824 109.9345932 5.32096529
v 157.44291687 108.35227966 5.50106525
v 155.84321594 108.38779449 3.61306524
v 157.76429749 108.17960358 3.41046524
v 158.21661377 109.21529388 5.41026545
v 159.19888306 111.72270203 3.42986536
v 158.22122192 108.40910339 3.68337536
v 168.4980011 109.00300598 5.55706549
v 166.31469727 110.42919159 4.61197519
v 161.56500244 108.42238617 3.6155653
v 164.4750824 106.79089355 3.2865653
v 163.55021667 105.12489319 3.30927563
v 166.17030334 109.81719208 5.34646559
v 168.77630615 110.73878479 4.05596542
v 162.69911194 108.19900513 3.39136553
v 163.53068542 108.57459259 5.60506535
v 164.20739746 108.35659027 5.47650528
v 168.61889648 111.25159454 3.88366556
v 170.14759827 110.23779297 4.82826519
v 166.67037964 111.72270203 3.42986536
v 170.30839539 108.45969391 3.58506536
v 169.31410217 109.23879242 5.38770533
v 171.38310242 110.05260468 5.17906523
v 168.19702148 108.19740295 3.3818655
v 172.39102173 105.63149261 3.28676558
v 173.40049744 108.5819931 5.58056545
v 172.36218262 108.37890625 5.47156525
v 174.14199829 111.72270203 3.42986536
v 172.38902283 108.22990417 3.37976551
v 174.87669373 107.12579346 3.27506542
v 178.06520081 109.33499146 5.36688566
v 177.15789795 111.31460571 3.79556561
v 175.05317688 111.72270203 3.42986536
v 181.32150269 110.94070435 3.9438653
v 178.55729675 108.40640259 5.47370529
v 174.69078064 109.84720612 5.32456541
v 184.33018494 110.51520538 4.57226562
v 179.67700195 108.22780609 3.37206554
v 179.20518494 105.35439301 3.2798152
v 183.02760315 110.74649048 4.12436533
v 185.96272278 110.35149384 4.75700521
v 178.65609741 108.49039459 3.5851655
v 182.98410034 110.05440521 5.22586536
v 185.3296051 109.0362854 5.53356552
v 185.58540344 111.34380341 3.80706549
v 185.51068115 106.86320496 3.23236561
v 182.33810425 108.43968964 5.5268054
v 182.63699341 108.35739136 3.3820653
v 184.16940308 108.53208923 3.67887545
v 185.54821777 108.34469604 3.36796522
v 185.2631073 109.90330505 5.30147552
v 189.28489685 109.43549347 5.33856535
v 183.36880493 111.72270203 3.41836548
v 186.06739807 105.38719177 3.27686548
v 184.37617493 108.45210266 5.46426535
v 189.01222229 108.62540436 5.53216553
v 189.58032227 108.48028564 5.33636522
v 190.78451538 111.40520477 3.79566526
v 190.24650574 110.91200256 3.99206543
v 190.16992188 110.84209442 4.05526543
v 190.04890442 110.73319244 4.25516558
v 189.23617554 108.5708847 3.67766523
v 189.08399963 108.35459137 3.39186525
v 190.01701355 105.53100586 3.2563653
v 193.53967285 106.81429291 3.21506548
v 189.39599609 110.14339447 5.19026566
v 189.373703 109.90639496 5.30806541
v 194.03842163 109.9098053 5.3157053
v 191.68440247 111.72270203 3.40677547
v 193.62019348 108.61130524 3.64296532
v 195.17149353 108.35459137 3.28857565
v 196.17842102 105.63259125 3.2478652
v 193.96260071 108.59910583 5.51076555
v 193.93490601 108.51649475 5.3983655
v 200 108.56699371 5.48456526
v 195.77650452 111.44389343 3.79796553
v 194.38909912 110.89860535 4.01446533
v 193.98597717 108.8374939 5.52771521
v 200 109.09399414 5.52220535
v 194.00572205 109.07040405 5.52686548
v 194.11541748 110.0941925 5.21981525
v 200 109.97140503 5.29326534
v 194.12010193 110.13059235 5.0686655
v 200 111.72270203 3.42986536
v 194.20968628 110.3772049 4.77046537
v 200 110.39520264 4.7799654
v 194.23301697 110.43939209 4.7035656
v 200 108.5708847 3.64296532
v 200 108.35459137 3.28857565
v 194.00140381 109.43549347 5.33436537
v 200 109.43549347 5.32906532
v 194.00418091 109.28510284 5.4195056
v 200 111.43140411 3.76747561
v 200 110.89259338 3.97366524
v 189.76179504 110.47359467 4.64427519
v 189.6401062 110.36289215 4.7629652
v 189.52131653 110.25510406 4.89287519
v 0 26.8451004 6.09386539
v 7.02799988 25.4993 6.65476513
v 0 26.00051117 6.32926559
v 0 25.39830017 6.90016556
v 0 24.04321098 8.27874565
v 11.85269928 24.20429993 7.91454554
v 0 24.29440117 7.86364555
v 0 19.49720001 7.56218529
v 4.3319931 19.91901016 7.8722353
v 0 21.06019974 8.54966545
v 6.84249878 16.66489983 8.06556511
v 7.92749023 17.32830048 7.68536568
v 0 18.09430122 7.48796558
v 0 16.9598999 7.8415451
v 0 23.11090088 8.85375595
v 14.25119019 23.35890007 8.45425606
v 0 23.44650078 8.41344547
v 15.38230133 22.83650017 9.06726551
v 4.85520172 15.09509945 10.37426567
v 0 14.90979958 10.17236519
v 0 14.89009953 11.40594482
v 1.42980194 8.49638939 11.57706547
v 4.64628601 12.71928978 11.62496567
v 0 11.27449989 11.57566547
v 0 4.73650026 11.58546543
v 7.26100159 25.12371063 7.6702652
v 0 25.12899971 7.8022356
v 5.88479614 18.26782036 7.49096537
v 7.4469986 21.66370964 9.04372597
v 0 22.47130013 9.14644527
v 13.06568909 16.16410065 8.59066582
v 0 15.99529934 8.93304539
v 5.82240295 15.21689987 10.09666538
v 0 15.57210922 9.99236488
v 9.96659088 9.46019936 11.63756561
v 4.47068787 3.02081013 11.555336
v 0 0 11.45466518
v 9.31169891 14.9598999 11.63582516
v 4.29389954 6.37130022 11.55716515
v 12.3628006 23.91200066 8.34664536
v 9.90390015 20.42550087 8.2422657
v 7.96408081 15.62509918 9.91765594
v 8.63970184 5.90509987 11.60836601
v 7.92990112 0 11.54496574
v 12.45750427 25.02000046 7.82474518
v 10.46060181 19.46850967 7.69046545
v 15.15650177 22.27490044 9.20976543
v 12.54129791 2.95719004 11.62976551
v 21.47789764 25.66460037 6.47556543
v 16.74710083 17.5326004 7.60926533
v 11.8404007 18.37820053 7.51856518
v 15.74169922 15.80309963 9.17046547
v 10.98400116 15.39179993 10.06026554
v 10.91059875 15.05949974 10.38676548
v 7.94200134 0 11.43936539
v 23.62709808 25.15620995 7.03148556
v 13.28959656 20.85741043 8.58576584
v 17.01000214 15.5298996 9.97026539
v 15.26750183 15.14859962 10.11574554
v 17.22810364 0 11.62486553
v 16.23550415 24.86100006 7.84854507
v 15.91390228 19.70490074 7.80446529
v 17.05360413 16.63729095 8.05324554
v 18.02449799 21.41890144 8.97266579
v 15.94168854 14.96249962 11.62675571
v 16.87319183 12.92719936 11.67406559
v 16.64500427 8.42299938 11.64966583
v 36.70320129 25.82781982 6.38726521
v 38.93170166 26.46570015 6.25419521
v 20.76869202 24.11490059 7.92716551
v 19.37159729 23.89680099 8.3394556
v 19.84190369 18.7942009 7.57456541
v 18.17860413 15.05849934 11.50494576
v 20.88760376 14.95760918 10.30792522
v 20.88339996 25.00771141 7.77944565
v 19.88030243 19.48940086 7.73917532
v 20.54730225 22.04071045 9.20605564
v 17.06739807 3.42370009 11.67006493
v 21.28289795 23.28180122 8.49904537
v 19.61979675 20.73981094 8.54584503
v 25.13850403 22.69849968 9.13446522
v 22.16650391 8.66629982 11.67926598
v 20.68638611 3.90930009 11.69316483
v 24.41099548 20.10770988 8.0946455
v 23.08280182 18.1026001 7.5457654
v 28.12870026 16.49459076 8.14414597
v 31.25579834 22.92140007 8.92271519
v 20.34550476 15.44939995 9.96586514
v 27.01609802 15.6463995 9.45681572
v 21.834198 12.09998989 11.69293594
v 30.54599762 24.77410126 7.8979454
v 25.82420349 17.34119987 7.68516541
v 24.40740204 21.01821136 8.78096581
v 29.84230042 15.91919994 8.865345
v 28.14240265 15.45940971 10.01216507
v 26.8404007 14.92431927 10.24186516
v 24.7993927 14.97749996 11.61616516
v 24.27980042 1.77428997 11.70326519
v 29.68440247 23.82780075 8.40224552
v 34.78559113 23.97960091 8.04406548
v 25.72059631 21.95880127 9.23736572
v 29.04940033 14.82600975 11.6488657
v 24.40509796 5.59030008 11.70556545
v 29.70310211 0 11.70156479
v 29.26779938 20.17329979 8.17444515
v 29.25639343 19.144701 7.66348553
v 30.04959869 23.22981071 8.510746
v 28.87159729 12.81749916 11.70756531
v 32.03109741 14.96589947 11.39396572
v 28.23280334 9.42859936 11.71805573
v 29.76119995 6.40320015 11.75145531
v 29.29730225 2.58420014 11.75836563
v 36.61510086 24.92700005 7.74847507
v 39.19258881 25.32909966 6.69679546
v 37.28858948 25.06599998 7.0700655
v 30.51609802 18.15509987 7.56546545
v 28.74949646 21.02960968 8.80985546
v 29.99469757 21.92020035 9.21786499
v 37.49950027 17.17531013 7.7337656
v 35.50880432 22.501091 9.20336533
v 37.96829987 15.39449978 9.99641609
v 37.39797974 15.0376997 10.14976501
v 37.75350189 14.88529968 10.3811655
v 38.81700134 24.11830139 7.9333353
v 33.97799683 20.50961113 8.46945572
v 33.76928711 21.43010139 9.0715456
v 33.89430237 8.15799999 11.75495529
v 32.89260101 5.47000027 11.77376556
v 39.48460007 19.05750084 7.6797657
v 42.41199112 14.80359936 11.65586567
v 36.12078857 12.04568958 11.74105549
v 34.24420166 2.31281018 11.78475571
v 38.84859848 19.99061012 8.12084579
v 37.39390182 18.10470009 7.56976509
v 41.70600128 23.79360962 8.40964508
v 38.31100082 23.20880127 8.4820652
v 39.26189041 22.14529991 9.27182579
v 43.57699966 24.74470139 7.90633535
v 43.54930115 16.2656002 8.323946
v 43.96649933 15.80480003 8.94106483
v 47.08679962 15.3579998 9.98624611
v 38.76029968 7.36560011 11.78906536
v 38.14780045 4.22560024 11.81046486
v 37.99720001 0 11.79005527
v 42.98799896 22.70412064 9.08336544
v 42.3757019 20.83111 8.76722527
v 40.93259048 21.50810051 9.15506554
v 41.16030121 12.06699944 11.75126553
v 46.625 17.35330009 7.69056511
v 46.0248909 18.20120049 7.58756542
v 51.86159897 14.9116993 11.41246605
v 41.69329834 8.27279949 11.79943562
v 41.67879868 0 11.83036518
v 51.15578842 25.54059982 6.5615654
v 45.03210068 19.90719986 8.09674549
v 48.9897995 16.66090012 7.99414539
v 44.85179138 21.88170052 9.23646545
v 42.03549957 5.54098988 11.81636524
v 49.05110168 26.29421043 6.31618547
v 58.4496994 26.4204998 6.31519508
v 64.89968872 25.62520027 6.50006533
v 72.52319336 26.11421013 6.40266514
v 53.81259918 24.97090149 7.22656536
v 47.52220154 24.85461044 7.79782534
v 48.93790054 23.93340111 8.02084541
v 48.67720032 19.02499962 7.70616531
v 49.13399887 23.14450073 8.53746605
v 53.88209915 14.84969997 11.61706543
v 44.95429993 13.07290936 11.7337656
v 45.95149994 10.02049923 11.80105591
v 44.5447998 6.76639986 11.7945652
v 45.53730011 1.72649992 11.86736488
v 44.87950134 0 11.79246521
v 51.62039948 22.74860001 9.05882549
v 50.6629982 22.33282089 9.27524567
v 53.41540146 12.96879959 11.76535606
v 48.49110031 7.34059 11.83346558
v 47.83810043 3.15587997 11.88575554
v 49.47219849 19.89999962 8.11194515
v 51.14178848 21.59630013 9.22324562
v 50.26580048 14.86919975 10.28226566
v 52.81330109 0 11.88646507
v 51.88180161 24.79210091 7.91193533
v 51.92589951 23.74381065 8.43836594
v 51.55889893 20.73800087 8.74946594
v 51.98040009 8.94399929 11.84996605
v 57.36740112 25.15051079 6.87606525
v 54.30049896 19.50349045 7.92514515
v 55.80059814 18.73681068 7.66699553
v 53.19509888 17.81870079 7.61346531
v 60.99570084 15.55348969 9.33154488
v 57.87810135 15.9435997 8.6717453
v 58.81740189 15.3032999 10.05534554
v 50.42630005 4.51469994 11.88625526
v 54.19120026 3.21590018 11.91746521
v 53.54600143 23.95812035 8.02036572
v 57.27519989 20.37120056 8.51694489
v 60.47829056 23.13050079 8.56024551
v 59.52510071 14.65499973 11.71106529
v 53.27759933 5.46030998 11.90445518
v 55.29899979 24.80470085 7.92933559
v 62.89120102 23.72561073 8.42444515
v 56.15459824 22.0659008 9.33866501
v 58.48759842 21.58571053 9.25476551
v 58.66270065 14.79490948 10.30792522
v 56.56909943 9.84139919 11.84885597
v 56.3465004 6.1566 11.89285564
v 56.79079819 1.19289994 11.96455574
v 61.36199951 24.78111076 7.94614553
v 61.84830093 23.91839981 8.03242493
v 62.05459976 17.58390045 7.64916515
v 61.40449905 16.64681053 7.99016571
v 61.58769989 22.25481987 9.32924557
v 59.58570099 3.69420004 11.93275547
v 60.60559845 19.79310989 8.12994576
v 61.57289886 19.01000023 7.75408554
v 60.68730164 12.31229973 11.8146553
v 61.0306015 7.65588999 11.89175606
v 59.66460037 0 11.92886543
v 64.917099 22.69000053 9.11295509
v 62.39070129 21.3105011 9.15416527
v 70.01180267 14.8233099 11.55606556
v 63.93130112 11.81618977 11.83176517
v 66.28749847 1.88718998 11.9521656
v 65.1151886 0 11.91736603
v 67.53099823 19.81030083 8.1622448
v 66.35848999 19.05739975 7.78504562
v 68.89169312 23.09271049 8.58196545
v 66.21150208 20.66082001 8.76816559
v 71.88999939 15.91519928 8.69916534
v 72.14369202 16.66611099 7.99966526
v 67.94429779 14.82249928 10.29196548
v 77.85389709 14.70239925 10.46926498
v 64.41729736 4.73010015 11.93745518
v 69.47019196 24.7432003 7.96385574
v 74.68869781 24.89681053 7.23898554
v 76.45449829 25.18180084 6.82657528
v 70.0280838 23.91571045 8.03603554
v 68.14890289 17.73970032 7.66776562
v 73.10028839 23.60050011 8.4949255
v 68.93498993 21.80171013 9.33796501
v 72.21669006 15.44989967 9.61436558
v 69.89389801 15.2730999 10.10476494
v 67.50219727 12.33109951 11.82705498
v 70.75617981 21.17469978 9.13282585
v 74.15540314 22.65229988 9.11536598
v 70.31060028 14.6201992 11.73806572
v 69.22229767 9.23339939 11.89096546
v 72.37908173 7.45539999 11.92816544
v 68.83920288 5.21560001 11.94725513
v 70.92389679 18.73480034 7.69606543
v 75.34779358 22.25970078 9.33345604
v 72.30419159 2.70200014 11.98083496
v 73.76609039 24.72780037 7.97584534
v 73.97109985 19.29339981 7.89514542
v 76.88169098 19.96459961 8.28133583
v 76.25910187 14.88019943 10.25144577
v 73.01010132 4.9222002 11.95533562
v 90.585289 25.67181969 6.54786539
v 74.84290314 23.83390045 8.07374573
v 74.33670044 17.60070038 7.67776537
v 79.76618958 20.65261078 8.79915524
v 75.44068146 11.39989948 11.86086559
v 74.54308319 14.74750996 11.71725559
v 74.00627899 0 11.9651556
v 78.33149719 18.62610054 7.7058754
v 78.14610291 23.04721069 8.60296535
v 76.77279663 21.30319977 9.18716526
v 75.72319794 2.62350011 11.97206497
v 84.56060028 24.68600082 8.02335548
v 79.74790192 15.26119995 10.10516548
v 86.17289734 15.60109997 9.19195557
v 77.48078918 14.76079941 11.7054348
v 80.18179321 9.29830933 11.90633583
v 77.83809662 5.2184 11.94025517
v 81.7220993 23.88140106 8.09822559
v 81.50360107 19.36520004 7.93666553
v 81.58779144 17.47331047 7.70516539
v 90.84829712 16.79450035 7.95074558
v 81.35040283 23.6121006 8.49806595
v 83.49230194 21.78070068 9.36115551
v 80.65718842 14.80039978 11.57116508
v 79.26078033 1.98199999 11.96156502
v 79.90869141 0 11.93486595
v 87.97350311 16.16220093 8.38376522
v 82.58840179 14.61639977 11.72026539
v 83.97530365 11.50169945 11.86216545
v 82.82688904 6.31949997 11.94804573
v 92.55899811 22.65710068 9.08874512
v 95.07259369 23.03722 8.60124588
v 82.91809845 14.77829933 11.54106522
v 84.33869934 2.56420016 11.94856548
v 94.90059662 24.8647213 7.2655654
v 86.31600189 18.57871056 7.71606541
v 88.17179871 22.27420044 9.33504486
v 88.05490875 19.8409996 8.21754551
v 88.83590698 15.24609947 10.09914589
v 86.98358917 14.70529938 10.38205528
v 87.41641235 0 11.92016602
v 89.63089752 23.62380981 8.5051651
v 89.39820099 17.7463913 7.69006538
v 88.60829926 20.82080078 8.95454597
v 90.68309784 14.75809956 11.41485596
v 89.68080139 14.58769989 11.73716545
v 94.69259644 23.75871086 8.21264553
v 94.90599823 19.10690117 7.85663509
v 92.07740021 21.66570091 9.34605598
v 89.01200104 8.87899971 11.90906525
v 89.30470276 4.57999992 11.94884491
v 89.49890137 2.0854001 11.94535542
v 109.5632019 25.1739006 6.86646557
v 98.23239899 15.4382 9.48506546
v 95.95539856 14.87859917 10.24726486
v 96.95021057 24.71111107 7.86874533
v 97.10440063 24.50699997 8.03174591
v 93.34269714 18.58300018 7.72466564
v 94.60140228 17.53469086 7.70987511
v 96.41519928 19.96920967 8.3215456
v 96.68240356 14.67809963 10.43366528
v 92.85500336 5.25009012 11.93766594
v 92.27010345 2.61370015 11.92716599
v 96.88600159 23.96899986 8.07614517
v 98.73419952 23.59440994 8.51084518
v 97.48220062 22.13730049 9.36236572
v 97.08470154 20.85189056 8.98766518
v 96.69809723 14.63289928 11.67866516
v 95.37470245 12.73269939 11.80225563
v 95.56749725 7.18779993 11.92281532
v 95.15129852 0 11.91096497
v 99.03220367 15.20189953 10.12626553
v 96.62640381 3.99880004 11.92716599
v 98.75289917 18.09069061 7.68298531
v 101.17890167 16.57010078 8.06215572
v 101.20378876 21.50760078 9.31776524
v 102.93698883 15.87789917 8.70706558
v 99.90299988 12.8949995 11.7813549
v 99.60189819 8.34280968 11.90306568
v 101.3986969 0 11.89396572
v 108.62220001 24.8852005 7.24057531
v 104.94869995 23.96510124 8.10156536
v 101.47100067 19.09630013 7.85375547
v 100.62030029 17.41530037 7.71576548
v 101.5358963 22.48070145 9.25744534
v 105.56610107 14.71849918 11.4219656
v 106.82289886 14.64229965 10.56736565
v 103.22840118 14.59549999 11.66636562
v 102.26100159 9.98659992 11.87446594
v 101.61170197 5.13719988 11.91965485
v 111.040802 25.54430008 6.62546539
v 113.14810181 26.47030067 6.40796566
v 132.1151123 25.65600967 6.56856537
v 130.24490356 26.47010994 6.39776516
v 109.91159821 23.75430107 8.21866608
v 103.70619965 19.82999992 8.24394608
v 103.50209808 18.28900146 7.70438576
v 109.27700043 23.04520035 8.60586548
v 104.16639709 12.42199993 11.78736496
v 104.81610107 7.66069984 11.88764572
v 106.58850098 24.66340065 8.02984524
v 107.02950287 17.13300133 7.81272554
v 106.39080048 22.5247097 9.23346519
v 110.30680084 23.60840034 8.50634575
v 106.59269714 21.97830009 9.38446522
v 106.79380035 16.22669983 8.33082581
v 106.08760071 14.71480942 10.34445572
v 106.2881012 15.17469978 10.1332655
v 105.29859924 10.55539989 11.84666538
v 104.74958801 4.29710007 11.91435528
v 104.47450256 1.50899994 11.90725517
v 107.02861023 19.52840042 8.0413456
v 106.28511047 20.8743 9.01123524
v 109.09449768 21.45161057 9.29956532
v 106.85710144 12.92850971 11.75666523
v 110.64099884 14.59259987 11.62984562
v 106.95458984 17.98760033 7.68718529
v 109.23709106 19.03750992 7.83623552
v 121.01171112 15.44949913 9.42404556
v 113.93699646 15.19598961 10.10681534
v 109.80658722 11.39039993 11.79035568
v 108.19940948 8.79690933 11.86366558
v 107.44879913 4.99259996 11.90554523
v 114.38430023 23.96610069 8.07112503
v 112.44000244 17.54330063 7.70897532
v 115.10890198 18.44799042 7.71497536
v 112.46141052 16.17180061 8.34104538
v 112.48638916 22.67282104 9.08656502
v 111.22750092 13.21340942 11.71556568
v 112.05960083 7.00430012 11.85856533
v 110.18579865 0 11.86526489
v 111.8022995 24.68111038 7.97323513
v 114.69619751 19.9409008 8.29564571
v 115.21350098 14.70219994 10.33706474
v 112.4838028 9.7944994 11.80806541
v 111.57058716 4.8913002 11.8665657
v 113.07250214 2.46620011 11.87195587
v 117.65209198 19.25270081 7.9156456
v 119.16660309 17.11400032 7.79936552
v 115.38860321 20.57990074 8.79186535
v 117.28500366 22.24061012 9.35006523
v 116.02390289 21.63759995 9.34395599
v 123.08239746 15.77789974 8.84604549
v 116.69419861 14.72059917 11.41474533
v 123.37619781 23.05820084 8.60124588
v 116.10769653 13.52380943 11.68236542
v 115.41959381 11.06369972 11.77685547
v 116.89559937 8.78299999 11.82015514
v 116.24530029 4.64082003 11.8476553
v 115.32259369 0 11.84906578
v 119.21099091 24.68700981 7.99654531
v 127.5821991 24.92661095 7.23056507
v 119.3196106 14.58739948 11.6016655
v 117.90170288 2.29150009 11.85056496
v 120.20880127 23.62471008 8.509655
v 119.43309021 22.67000008 9.0854454
v 120.80249786 20.85000038 8.96954536
v 121.6309967 14.86809921 10.24506569
v 121.05699921 15.19519997 10.10836601
v 126.94611359 14.66719913 10.43366528
v 119.53050232 10.79389954 11.76916504
v 120.07749939 0 11.80536556
v 126.09519958 23.8789196 8.10156536
v 122.98600006 18.24370003 7.67236519
v 125.94400024 16.72750092 7.9601655
v 121.34519958 21.66740036 9.32916546
v 126.32730103 16.20660973 8.33995533
v 121.67690277 12.72779942 11.68876553
v 120.12449646 8.58819962 11.79943562
v 121.74880219 5.20860004 11.81035519
v 126.76309967 18.98089981 7.78866577
v 124.84400177 19.83011055 8.20314598
v 124.0098114 22.21170998 9.32994556
v 128.68870544 22.67370033 9.10966492
v 122.35199738 9.1018095 11.78755569
v 126.14749146 24.70021057 7.99973536
v 131.35441589 23.38540077 8.54246521
v 124.62120056 21.04232025 9.07836533
v 131.03898621 14.7241993 11.39536572
v 125.25299072 14.54319954 11.60136604
v 125.20030212 10.62109947 11.74066544
v 122.32080078 5.73269987 11.78456497
v 124.53659058 7.60979986 11.80265522
v 124.36370087 1.87949991 11.81575584
v 133.74769592 23.65400124 8.47604561
v 126.74688721 21.56330109 9.29536533
v 127.29418182 15.21679974 10.09106541
v 127.32898712 8.5067997 11.78326607
v 126.47299194 3.78240013 11.82186508
v 139.49671936 25.18519974 6.88076544
v 127.46920776 22.27992058 9.3436451
v 129.92550659 20.95540047 9.00346565
v 128.35780334 14.86199951 10.22742558
v 128.44491577 12.84739971 11.66256523
v 129.24960327 7.01670027 11.80116558
v 128.48179626 5.53539991 11.81655502
v 128.40759277 1.98229992 11.80466557
v 126.1184082 0 11.7707653
v 131.98269653 24.77099991 7.93133545
v 131.75379944 19.76250076 8.12974548
v 134.79359436 17.72370148 7.66256523
v 130.16220093 18.16790009 7.67228508
v 144.75758362 15.51139927 9.36684513
v 130.0493927 8.56379986 11.76724529
v 129.70501709 3.81299996 11.79645538
v 128.66650391 0 11.7630558
v 133.36260986 26.50922012 6.38026524
v 137.77461243 26.47132111 6.37786531
v 142.61630249 26.46471024 6.36976528
v 150.50619507 26.520401 6.35106564
v 159.97271729 26.57781029 6.30946541
v 161.08529663 25.9391098 6.4504652
v 136.58291626 24.68382072 8.02554512
v 133.79081726 22.22890091 9.3422451
v 135.76422119 21.67300034 9.30286598
v 143.47311401 15.27390003 10.04176521
v 135.50927734 15.13509941 10.13886547
v 133.76930237 14.53419971 11.57656479
v 131.08668518 11.78709984 11.68776512
v 131.39860535 1.89989996 11.7799654
v 137.53050232 23.93169975 8.07795525
v 135.38180542 18.87100029 7.73847532
v 139.21310425 23.06861115 8.62706566
v 138.54330444 16.10820007 8.43254566
v 136.59571838 14.86359978 10.2320652
v 137.23530579 14.68589973 10.43654537
v 133.28349304 9.60819912 11.72875595
v 133.37919617 6.96000004 11.75655556
v 131.71461487 4.7816 11.78173542
v 131.44207764 0 11.76836586
v 138.92060852 17.51241112 7.67396545
v 136.82969666 20.93270111 8.96416569
v 134.02609253 3.61198997 11.75486565
v 136.64369202 2.67710018 11.74235535
v 135.08068848 0 11.70946503
v 143.51600647 16.96720123 7.84096527
v 139.31289673 22.66551018 9.14264488
v 138.67590332 19.7894001 8.13264561
v 136.9868927 14.66989994 11.54966545
v 136.40950012 9.67249966 11.71495533
v 136.61149597 6.36091995 11.73985481
v 137.11839294 13.11779976 11.60516548
v 138.55979919 14.70479965 11.49612522
v 139.08599854 11.51309967 11.66896534
v 139.65699768 9.22439957 11.70996571
v 143.19691467 0 11.69535542
v 143.33399963 24.77330017 7.97704554
v 143.21308899 23.68991089 8.47954559
v 147.17900085 19.35150146 7.86654568
v 145.3394928 18.7269001 7.68896532
v 146.73980713 20.33320999 8.47496605
v 140.82330322 14.60339928 11.5547657
v 139.5165863 2.29659009 11.73026562
v 142.42341614 5.46810007 11.71525574
v 148.9400177 16.41500092 8.17234516
v 149.21092224 23.12681961 8.55534554
v 144.34880066 21.37190056 9.18716526
v 143.04241943 14.7020998 11.40936565
v 143.0466156 12.15430927 11.65032578
v 144.51339722 8.07299995 11.7028656
v 150.45327759 25.0053196 7.1790657
v 146.58779907 23.96261978 8.03714561
v 147.24029541 22.69511032 9.10606575
v 144.33528137 22.21850014 9.31986523
v 148.97688293 14.69509983 10.41245556
v 152.24803162 14.72970963 11.35324478
v 145.42118835 14.43208981 11.56136513
v 149.79281616 14.85769939 10.19956589
v 159.27590942 25.51891136 6.62029552
v 147.43380737 24.77321053 7.94514561
v 149.20730591 17.93670082 7.61496544
v 148.05169678 23.71380043 8.44984531
v 151.01829529 15.87119961 8.74494553
v 147.00531006 11.34519958 11.64732552
v 147.7485199 21.80619049 9.29316521
v 149.13407898 22.23480034 9.30806541
v 149.00819397 14.60529995 11.5452652
v 149.77160645 7.26609993 11.68286514
v 155.46469116 17.34790039 7.70406532
v 157.07177734 15.27170944 10.06776524
v 151.16691589 2.16581011 11.66796494
v 151.3939209 24.78082085 7.91906548
v 154.14039612 23.97630119 8.03023529
v 153.95327759 23.74220085 8.43346596
v 159.96180725 16.77429008 7.94296551
v 157.77192688 20.99990082 8.90144539
v 153.10569763 21.49071121 9.1804657
v 152.85119629 11.83019924 11.64325523
v 154.25842285 0 11.61204529
v 155.73449707 18.95248985 7.68076515
v 156.78450012 23.1760006 8.53335571
v 156.01101685 22.61021996 9.17386532
v 157.94688416 22.04640007 9.29056549
v 152.86097717 14.5994997 11.54106522
v 155.68319702 5.23300028 11.64676571
v 154.96153259 24.77909088 7.9106555
v 156.93881226 19.88090134 8.08414555
v 161.12971497 18.14170074 7.58467531
v 156.91479492 9.03799915 11.65336514
v 155.98371887 2.21370006 11.63776588
v 156.10980225 14.42010975 11.55316544
v 169.09468079 25.1053009 7.10846519
v 160.36410522 24.81130028 7.88083553
v 167.92759705 24.14669991 7.96385574
v 161.43490601 23.77260017 8.42782593
v 160.71931458 16.17150116 8.41664505
v 164.93890381 15.59729958 9.36104584
v 158.67370605 14.73509979 10.41824532
v 159.6809082 14.62299919 11.52296543
v 158.83561707 12.50579929 11.60496521
v 163.05529785 26.58821106 6.2969656
v 168.05999756 26.6060009 6.29406548
v 175.0630188 26.06130028 6.43076515
v 173.44067383 26.75730133 6.14556551
v 178.92303467 26.65171051 6.29356575
v 183.55760193 26.69390106 6.26116562
v 190.15899658 26.03061104 6.39926529
v 187.73249817 26.7405014 6.24026537
v 166.47250366 23.95700073 8.1092453
v 162.54930115 19.0764904 7.68246555
v 165.71211243 23.2112999 8.51185608
v 161.7434082 20.29981041 8.33136559
v 162.83111572 14.76209927 11.20544529
v 160.76379395 14.87599945 10.16596603
v 160.57698059 8.84879971 11.64416504
v 160.6862793 5.03320026 11.61216545
v 161.74511719 0 11.57506561
v 166.82261658 24.68500137 7.92323542
v 163.61772156 17.44510078 7.64558554
v 163.1204071 22.7650013 9.05185509
v 173.01339722 16.13451004 8.4774456
v 163.3361969 15.33488941 10.02296543
v 162.02029419 12.4581995 11.60476494
v 167.8106842 14.75139999 10.34856606
v 163.46821594 6.23070002 11.59396553
v 163.3381958 3.11269999 11.5846653
v 168.42709351 21.8404007 9.22854519
v 164.13580322 14.61919975 11.51904488
v 163.42172241 9.78909969 11.61446571
v 168.18060303 24.91030121 7.7960453
v 170.49517822 23.82271004 8.41064548
v 169.52531433 20.0272007 8.09725571
v 170.06739807 19.20680046 7.68896532
v 170.82267761 17.86580086 7.57537556
v 166.83120728 22.53709984 9.20916557
v 172.99317932 21.03180122 8.82374573
v 169.65318298 15.39319992 9.99626541
v 171.87191772 14.96269989 10.15054512
v 165.52830505 13.08678913 11.58036518
v 166.46357727 9.98629951 11.63276482
v 164.74801636 1.27539992 11.58506584
v 167.03671265 0 11.54726601
v 177.05029297 25.45499992 6.70606518
v 174.13960266 18.55060005 7.56326532
v 171.28340149 22.75850105 9.08046532
v 167.80804443 14.57909966 11.52324486
v 166.81170654 2.48590016 11.59156513
v 174.14199829 17.0265007 7.79533577
v 167.86920166 14.77360916 11.33616543
v 168.84989929 12.70399952 11.57496548
v 169.75059509 6.73650026 11.5998354
v 169.65988159 2.12580013 11.57746506
v 175.26048279 24.77670097 7.91804552
v 173.62660217 22.26189995 9.24132538
v 176.00849915 14.81699944 11.33236504
v 171.11799622 14.60179996 11.5238657
v 171.99290466 11.26279926 11.60316563
v 171.12800598 0 11.54562569
v 172.42527771 23.25220108 8.51216507
v 175.26390076 21.73410034 9.16354561
v 180.85931396 15.72600937 9.20406532
v 173.19032288 2.58910012 11.58434486
v 171.9138031 1.55849993 11.56976509
v 181.03239441 24.99232101 7.7856555
v 177.83909607 19.3987999 7.71108532
v 178.229599 15.44679928 9.99566555
v 173.94889832 14.58599949 11.51696587
v 176.09101868 8.94329929 11.61516571
v 174.91090393 11.75578976 11.59016514
v 178.05740356 6.78219986 11.60446548
v 173.42689514 0 11.56126595
v 180.82852173 24.10091019 7.94876575
v 175.84649658 22.80200005 9.06526566
v 179.38110352 23.29298973 8.49404526
v 176.87281799 14.60679913 11.50126553
v 185.10539246 14.81171989 10.3599453
v 176.55889893 3.76151013 11.59086514
v 176.18441772 0 11.49532509
v 176.63542175 1.87509 11.56996536
v 180.51159668 23.85500145 8.37025547
v 183.16181946 19.86810112 7.90473557
v 180.39599609 22.57069969 9.18666553
v 183.31329346 20.52750015 8.34656525
v 177.92410278 13.27119923 11.55036545
v 180.86759949 10.53659916 11.60346603
v 188.69151306 25.19550133 7.14787531
v 182.76820374 17.07201004 7.72726536
v 182.87210083 22.86630058 9.03056526
v 185.02272034 21.73821068 9.10704517
v 183.14450073 6.47140026 11.61876488
v 179.88659668 1.71089995 11.5499649
v 183.17059326 0 11.46134567
v 186.09060669 25.49130058 6.67590523
v 182.7315979 18.32209015 7.48877525
v 183.02282715 14.64599991 11.4759655
v 181.36541748 12.95398998 11.5561657
v 182.3394928 2.33100009 11.55526543
v 184.68769836 24.81599998 7.87944508
v 184.89439392 16.16040039 8.47594547
v 189.49259949 23.39019012 8.4212656
v 186.67179871 15.47829914 9.97646523
v 185.74589539 14.98819923 10.09711552
v 184.47149658 12.94519997 11.54906559
v 188.67030334 24.20899963 7.90856552
v 186.23860168 23.92020988 8.30462551
v 188.9651947 19.35400009 7.63576508
v 188.99499512 22.84480095 9.05971527
v 188.96621704 22.37250137 9.17276573
v 185.97810364 9.77130985 11.60846519
v 184.24499512 2.92320013 11.56516552
v 186.7220459 6.44540024 11.62446594
v 186.5717926 1.26569998 11.51386547
v 188.79910278 25.03782082 7.74726534
v 187.84017944 18.26589966 7.51066542
v 192.04421997 17.30381012 7.71248531
v 192.78031921 16.71409988 8.04993534
v 187.54020691 11.9761095 11.56826591
v 189.10679626 14.89009953 11.47396564
v 186.4329071 3.83941007 11.57556534
v 188.71022034 2.25189996 11.54816532
v 192.03482056 26.74780083 6.24596548
v 200 26.8451004 6.09386539
v 200 24.29440117 7.86364555
v 191.70521545 23.94000053 8.328125
v 195.81318665 19.3973999 7.60136509
v 195.17539978 21.6758213 9.02745533
v 194.98190308 15.8423996 9.21806526
v 189.38259888 7.13700008 11.61106491
v 189.6683197 4.125 11.56626511
v 190.71807861 0 11.4323349
v 200 25.39830017 6.90016556
v 195.70550537 24.95129967 7.84083557
v 193.21092224 20.23590088 8.05391502
v 192.63253784 16.31110001 8.42966557
v 191.28059387 12.59019947 11.54382515
v 191.13459778 9.8773098 11.60726547
v 192.40440369 6.06081009 11.60216522
v 200 25.12899971 7.8022356
v 194.33459473 15.55089951 9.97146511
v 195.51948547 15.00680923 10.10616493
v 192.32652283 14.89009953 11.47216606
v 192.78599548 1.46539998 11.5092659
v 194.72639465 4.1814003 11.56976509
v 194.4756012 18.13580132 7.50288534
v 200 23.11090088 8.85375595
v 200 23.44650078 8.41344547
v 196.31410217 22.82629967 9.07571602
v 194.85650635 14.85719967 10.36555481
v 194.29492188 12.09629917 11.55036545
v 195.1933136 9.51029968 11.59626579
v 200 26.00051117 6.32926559
v 200 24.04321098 8.27874565
v 200 22.47130013 9.14644527
v 197.5184021 14.89009953 11.46906567
v 197.07551575 7.36350012 11.60336494
v 197.49497986 2.86670017 11.54424572
v 200 0 11.45466518
v 200 21.06019974 8.54966545
v 200 18.09430122 7.48796558
v 200 19.49720001 7.56218529
v 200 15.57210922 9.99236488
v 200 16.9598999 7.8415451
v 200 15.99529934 8.93304539
v 200 14.90979958 10.17236519
v 200 11.27449989 11.57566547
v 200 4.73650026 11.58546543
v 200 14.89009953 11.40594482
v 4.54440308 180.87979126 3.80807543
v 0 180.28469849 3.7811656
v 4.54440308 155.58779907 3.67036533
v 4.88610077 155.67019653 3.78476524
v 4.54440308 220.68939209 4.02476549
v 0 222.21038818 3.99596548
v 0 206.9210968 3.91766548
v 4.54440308 206.17179871 3.9457655
v 4.54440308 115.77820587 3.45376539
v 0 127.01200104 3.50830555
v 4.54440308 130.29577637 3.53276539
v 0 153.64839172 3.64466524
v 4.88610077 116.11990356 3.5695653
v 4.88610077 130.5428772 3.64806557
v 4.88610077 220.34770203 4.13656521
v 4.88610077 205.92459106 4.05816555
v 4.88610077 180.79737854 3.9214654
v 3.05679321 224.67749023 5.93116522
v 0 224.67849731 5.8648653
v 0 224.36650085 5.62416553
v 3.5089035 223.68460083 5.58020544
v 0 223.3441925 5.11166525
v 3.69190216 223.3394928 5.11166525
v 0 223.67269897 5.5756855
v 2.248703 225.00009155 5.7425952
v 0 225.00009155 5.7425952
v 13.50810242 224.86499023 5.96996546
v 4.3730011 222.21038818 3.99596548
v 0 222.42919922 4.23336554
v 3.33339691 224.08869934 5.60820532
v 4.06419373 222.61769104 4.2721653
v 4.18119812 222.42919922 4.23336554
v 0 222.83509827 4.31296539
v 9.24410248 222.21038818 3.99596548
v 8.85607147 222.42919922 4.23336554
v 3.16929626 224.4487915 5.73746538
v 20.18209839 225.00009155 5.7425952
v 3.22090149 224.34329224 5.65186548
v 9.39647675 224.61048889 5.9601655
v 3.96700287 222.83189392 4.3424654
v 3.82089996 223.05609131 5.01196527
v 0 223.05609131 5.01196527
v 14.7614975 222.85198975 4.42686558
v 10.28369904 222.82679749 4.3893652
v 13.77560425 223.05609131 5.01196527
v 16.52548981 222.42919922 4.23336554
v 17.07827759 222.21498108 4.03486538
v 7.99987793 223.69969177 5.5858655
v 14.19999695 223.64529419 5.6247654
v 10.54538727 224.29058838 5.71470547
v 19.68638611 224.66069031 6.01526546
v 17.37599945 222.42919922 4.23336554
v 17.5338974 222.21498108 3.75456524
v 18.04548645 224.38529968 5.79256535
v 17.98950195 222.21498108 4.03486538
v 20.07829285 223.73219299 5.73346519
v 20.20709991 222.86650085 4.53466558
v 21.87939453 223.05609131 5.01196527
v 22.89349365 222.21038818 3.99596548
v 23.5923996 222.42919922 4.23336554
v 24.40589905 222.84368896 4.47187519
v 31.62310028 224.37438965 5.81856537
v 31.62310028 223.67919922 5.73906565
v 31.70449829 224.85879517 6.05176544
v 28.49710083 222.42919922 4.23336554
v 30.16339874 222.71060181 4.45986557
v 31.37999725 222.97290039 4.7039752
v 28.94110107 222.21038818 3.99596548
v 29.6217041 222.42919922 4.23336554
v 31.70449829 224.6579895 6.0853653
v 31.43438721 223.05609131 5.01196527
v 30.60960388 222.42909241 4.23336554
v 36.65940094 223.65570068 5.79418564
v 38.95029068 224.31269836 5.88776541
v 33.27949524 223.29460144 5.11166525
v 31.50119781 223.3033905 5.11166525
v 38.78089905 222.78269958 4.53316545
v 38.42200089 222.42909241 4.23336554
v 31.15260315 222.21038818 3.99596548
v 37.88169861 222.21498108 4.03486538
v 38.7387886 223.05609131 5.01196527
v 38.00559998 223.29429626 5.11166525
v 39.59249878 224.61000061 6.11506557
v 31.71009827 225.00009155 5.7425952
v 38.93249893 225.00009155 5.7425952
v 42.11529922 225.00009155 5.7425952
v 43.0196991 224.6960907 6.13896561
v 44.10160065 222.21269226 4.0153656
v 38.79290009 222.21498108 4.03486538
v 45.24079895 223.05609131 5.01196527
v 43.60860062 224.31269836 5.88719559
v 42.29529953 223.55870056 5.79418564
v 40.1330986 223.27999878 5.11166525
v 44.08750153 223.2796936 5.11166525
v 48.83459091 222.83509827 4.54586554
v 51.03900146 223.5868988 5.7327652
v 51.00930023 223.98069763 5.87966537
v 50.38650131 222.42909241 4.23336554
v 51.03319931 222.21498108 4.03486538
v 50.95529938 224.68528748 6.14796543
v 51.00289917 224.31129456 5.88688564
v 47.9905014 225.00009155 5.7425952
v 51.01490021 225.00009155 5.7425952
v 50.97909927 223.29019165 5.11166525
v 55.41930008 222.8638916 4.57496548
v 50.76210022 222.8434906 4.55436563
v 55.05690002 223.05609131 5.01196527
v 50.94079971 223.05609131 5.01196527
v 61.34209824 224.66600037 6.16406536
v 61.34209824 225.00009155 5.7425952
v 54.40660095 225.00009155 5.7425952
v 54.89419937 223.29089355 5.11166525
v 61.34209824 223.61839294 5.7548852
v 54.63159943 223.59970093 5.74166536
v 61.34199905 223.29170227 5.11166525
v 54.40660095 223.87649536 5.87626553
v 61.34029007 222.75639343 4.51356554
v 62.94530106 222.42909241 4.23336554
v 59.67620087 222.21038818 3.99596548
v 61.34199905 223.05609131 5.01196527
v 63.05149078 223.29159546 5.11166525
v 64.06069946 223.05609131 5.01196527
v 63.27360153 222.21498108 4.03486538
v 61.34209824 224.11099243 5.87716532
v 67.16149902 224.3474884 5.87816525
v 61.34209824 224.35289001 5.88216543
v 68.87519836 222.78030396 4.51176548
v 64.99749756 223.59159851 5.67386532
v 64.43479156 223.29669189 5.11166525
v 64.18479156 222.21498108 4.03486538
v 67.11250305 223.05609131 5.01196527
v 71.73670197 222.42919922 4.23336554
v 68.65718079 222.21498108 4.03486538
v 66.2684021 223.29660034 5.11166525
v 68.21328735 223.62789917 5.72958565
v 67.52149963 223.29528809 5.11166525
v 69.37509918 223.05609131 5.01196527
v 68.56929779 224.65769958 6.16606522
v 69.15390015 225.00009155 5.7425952
v 77.06680298 224.67399597 6.09166527
v 68.94358063 223.29519653 5.11166525
v 76.94259644 224.35639954 5.86718559
v 75.52189636 222.88870239 4.51736546
v 75.65119171 223.05609131 5.01196527
v 76.95269012 225.00009155 5.7425952
v 76.13529205 223.66079712 5.7417655
v 71.7806015 223.2980957 5.11166525
v 75.82319641 223.29779053 5.11166525
v 74.79000092 222.42909241 4.23336554
v 73.12960052 222.21498108 4.03486538
v 77.69168091 222.42909241 4.23336554
v 77.60198975 222.21498108 4.03486538
v 83.74089813 223.07730103 4.89886522
v 83.70449829 223.05609131 5.01196527
v 83.6446991 223.29759216 5.11166525
v 83.53479004 223.66569519 5.74406528
v 83.29810333 224.34860229 5.83956528
v 83.25440216 224.47399902 5.92846537
v 81.21128845 222.42909241 4.23336554
v 83.83439636 222.81079102 4.45746565
v 83.79450226 222.9250946 4.56330538
v 82.07450104 222.21498108 4.03486538
v 83.30400085 222.42909241 4.23336554
v 87.47978973 222.42909241 4.23336554
v 86.54689789 222.21498108 4.03486538
v 83.18810272 224.66429138 6.06916523
v 91.98390198 223.61180115 5.7485652
v 87.2826004 224.34368896 5.82228565
v 87.2826004 223.66819763 5.74517536
v 87.33409119 222.81298828 4.45906544
v 94.54299927 222.81748962 4.46236563
v 87.2826004 222.94049072 4.58266544
v 89.24520111 222.42909241 4.23336554
v 87.45809174 222.21498108 4.03486538
v 91.93769836 223.28939819 5.11166525
v 87.2826004 223.29759216 5.11166525
v 87.2826004 223.05609131 5.01196527
v 91.91040039 223.05609131 5.01196527
v 94.31590271 222.42909241 4.23336554
v 91.88909912 222.21498108 4.03486538
v 91.83159637 224.29849243 5.81296539
v 97.8789978 224.23849487 5.80076551
v 91.59838867 224.64369202 6.02166557
v 98.07830048 223.290802 5.11166525
v 98.09410095 223.61180115 5.73156548
v 98.06890106 223.05609131 5.01196527
v 96.89409637 222.42909241 4.23336554
v 101.67379761 222.85128784 4.46456528
v 101.26159668 222.42919922 4.23336554
v 102.54229736 224.64547729 5.98616552
v 104.85220337 223.05609131 5.01196527
v 103.19239807 225.00009155 5.7425952
v 113.95429993 224.67997742 5.9423852
v 113.99700165 225.00009155 5.7425952
v 103.96430206 224.33959961 5.77100563
v 101.00508881 223.30459595 5.11166525
v 106.28131104 223.6763916 5.67880535
v 103.08029938 222.42909241 4.23336554
v 104.21308899 222.74079895 4.4037652
v 104.19290161 222.42909241 4.23336554
v 105.36239624 223.30429077 5.11166525
v 104.31310272 222.90058899 4.51986551
v 105.97779846 224.35009766 5.72996521
v 104.23789978 222.83729553 4.44296551
v 112.87380219 224.36428833 5.69376564
v 111.21640015 222.42909241 4.23336554
v 105.18240356 222.21498108 4.03486538
v 109.6135025 222.21498108 4.03486538
v 109.90110016 223.00498962 4.63676548
v 113.73690033 223.05609131 5.01196527
v 110.52469635 222.21498108 4.03486538
v 111.08000183 223.30389404 5.11166525
v 114.72879791 223.73348999 5.64676523
v 114.07450104 223.31349182 5.11166525
v 120.40879822 222.21269226 4.0153656
v 122.46779633 222.94380188 4.37856531
v 111.12760162 222.79969788 4.38478565
v 116.9253006 223.31689453 5.11166525
v 122.72129822 223.3164978 5.11166525
v 122.85279846 223.72529602 5.60606527
v 120.62889862 222.42919922 4.23336554
v 122.65071106 223.05609131 5.01196527
v 125.21958923 224.42208862 5.66569519
v 128.26759338 222.42909241 4.23336554
v 125.21958923 224.82049561 5.8825655
v 125.0100174 223.31759644 5.11166525
v 129.58580017 223.74589539 5.61326551
v 129.81698608 222.21498108 4.03486538
v 135.58799744 224.79219055 5.85926533
v 135.92529297 224.42208862 5.63876534
v 125.21958923 225.00009155 5.7425952
v 135.74110413 225.00009155 5.7425952
v 133.48280334 223.43589783 5.11166525
v 132.47348022 223.05609131 5.01196527
v 130.84538269 222.93888855 4.35346556
v 130.72819519 222.21498108 4.03486538
v 131.11079407 222.42919922 4.23336554
v 132.22259521 222.93739319 4.34368563
v 136.77191162 223.74497986 5.57946539
v 143.98408508 224.6914978 5.80319548
v 145.60922241 224.91529846 5.76766539
v 142.88169861 222.93579102 4.33606529
v 145.67971802 223.62579346 5.44650555
v 141.65559387 222.21269226 4.0153656
v 148.25630188 223.39979553 5.08496523
v 145.58999634 223.88999939 5.59270525
v 148.95231628 224.43730164 5.59770536
v 149.54890442 222.42909241 4.23336554
v 149.68022156 223.05609131 5.01196527
v 149.83840942 222.8986969 4.31256533
v 150.81590271 222.21498108 4.03486538
v 151.72711182 222.21498108 4.03486538
v 156.16612244 222.42909241 4.23336554
v 154.89280701 223.72850037 5.54776525
v 156.7447052 222.21038818 3.99596548
v 155.80142212 224.78990173 5.82026529
v 155.66079712 224.97380066 5.5982852
v 155.88607788 224.43418884 5.6089654
v 159.78710938 222.91358948 4.3138752
v 161.1558075 223.41549683 5.07566547
v 162.16981506 223.83740234 5.55606556
v 161.01959229 223.05609131 5.01196527
v 164.19041443 224.97889709 5.62606525
v 164.18191528 224.69139099 5.80076551
v 163.94410706 224.43669128 5.59106541
v 164.63902283 223.62329102 5.41870546
v 166.43780518 222.42909241 4.23336554
v 165.5388031 223.03858948 4.59629536
v 165.32357788 223.05609131 5.01196527
v 165.76991272 222.89859009 4.31527519
v 165.12380981 223.30699158 4.9839654
v 164.44691467 223.84809875 5.56256533
v 164.98010254 223.40570068 5.07906532
v 170.81689453 224.39929199 5.59757519
v 171.07550049 223.38999939 5.08456564
v 171.11302185 223.69039917 5.53288555
v 168.58277893 223.86769104 5.57449532
v 170.68241882 222.21038818 3.99596548
v 166.43780518 222.21038818 3.99596548
v 170.28410339 222.42919922 4.23336554
v 169.79820251 222.88839722 4.31616545
v 178.70101929 224.3638916 5.60186529
v 180.45350647 222.86099243 4.32136536
v 174.71580505 222.42919922 4.23336554
v 174.14169312 222.21498108 4.03486538
v 180.1887207 223.68930054 5.56916523
v 170.77668762 223.05609131 5.01196527
v 184.53819275 223.05609131 5.01196527
v 179.07569885 224.66539001 5.83476543
v 183.86341858 223.37329102 5.11166525
v 182.62910461 222.42909241 4.23336554
v 175.05290222 222.21498108 4.03486538
v 182.76800537 222.21038818 3.99596548
v 192.61521912 224.35910034 5.63396549
v 189.90930176 223.56359863 5.4608655
v 191.58560181 223.85679626 5.61302519
v 189.7191925 222.86158752 4.35016537
v 189.4730072 222.21038818 3.99596548
v 189.7191925 222.42909241 4.23336554
v 196.11291504 222.6697998 4.26678562
v 196.11109924 222.84448242 4.32606554
v 192.63209534 224.67388916 5.85426521
v 189.75109863 222.99159241 4.76280546
v 196.11779785 222.42909241 4.23336554
v 196.08502197 222.21038818 3.99596548
v 195.9427948 223.62889099 5.52956533
v 195.93821716 223.76159668 5.5937252
v 189.86279297 223.3875885 5.11166525
v 189.76629639 223.05609131 5.01196527
v 195.95109558 224.12129211 5.61880541
v 195.96090698 224.36248779 5.62956524
v 87.20079803 224.65789795 6.05436516
v 87.28990173 225.00009155 5.7425952
v 91.57859802 225.00009155 5.7425952
v 83.07279205 225.00009155 5.7425952
v 105.29440308 222.42909241 4.23336554
v 54.40660095 224.35899353 5.88669538
v 54.40660095 224.68058777 6.15186548
v 179.04510498 224.98770142 5.67438555
v 192.6815033 224.99571228 5.71876526
v 195.93667603 224.67588806 5.85906553
v 195.97431946 224.99769592 5.7294755
v 200 222.21038818 3.99596548
v 200 222.42909241 4.23336554
v 200 222.83509827 4.31296539
v 196.09150696 222.91319275 4.45978546
v 200 223.05609131 5.01196527
v 196.03282166 223.05609131 5.01196527
v 200 223.67269897 5.5756855
v 196.00300598 223.40229797 5.11166525
v 200 223.3441925 5.11166525
v 200 224.36650085 5.62416553
v 200 224.67849731 5.8648653
v 200 225.00009155 5.7425952
v 9.43840027 223.05609131 5.01196527
v 13.98179626 223.32620239 5.11166525
v 8.93730164 223.33268738 5.11166525
v 21.35540009 223.31658936 5.11166525
v 96.32019806 222.21498108 4.03486538
v 100.751297 222.21498108 4.03486538
v 195.45559692 220.68939209 4.02476549
v 17.98979187 220.68930054 4.02496529
v 38.79309082 220.68930054 4.02496529
v 86.54689789 220.68930054 4.02496529
v 64.18489838 220.68930054 4.02496529
v 100.75140381 220.68930054 4.02496529
v 96.32029724 220.68930054 4.02496529
v 110.52469635 220.68930054 4.02496529
v 129.8170929 220.68930054 4.02496529
v 130.728302 220.68930054 4.02496529
v 150.81611633 220.68930054 4.02496529
v 174.14199829 220.68939209 4.02496529
v 174.59759521 220.34770203 4.13666534
v 195.11390686 220.34770203 4.13656521
v 17.53418732 220.68930054 3.74466562
v 17.07859802 220.68930054 4.02496529
v 17.53418732 220.34770203 4.13666534
v 174.59759521 220.68939209 3.74466562
v 175.05317688 220.68939209 4.02496529
v 38.33750153 220.68930054 3.74466562
v 37.88188171 220.68930054 4.02496529
v 38.33750153 220.34770203 4.13666534
v 63.72930145 220.68930054 3.74466562
v 63.27370071 220.68930054 4.02496529
v 63.72930145 220.34770203 4.13666534
v 87.00250244 220.68930054 3.74466562
v 87.00250244 220.34770203 4.13666534
v 110.0690918 220.68930054 3.74466562
v 109.6135025 220.68930054 4.02496529
v 110.0690918 220.34770203 4.13666534
v 87.45809174 220.68930054 4.02496529
v 130.27272034 220.68930054 3.74466562
v 130.27272034 220.34770203 4.13666534
v 151.271698 220.68930054 3.74466562
v 151.271698 220.34770203 4.13666534
v 151.72729492 220.68930054 4.02496529
v 174.5973053 222.21498108 3.75456524
v 38.33729935 222.21498108 3.75456524
v 63.72919083 222.09329224 3.75456524
v 87.00250244 222.06381226 3.75456524
v 110.0690918 222.12249756 3.75456524
v 130.27258301 222.12187195 3.75456524
v 151.27149963 222.14147949 3.75456524
v 51.03340149 220.68930054 4.02496529
v 105.18240356 220.68930054 4.02496529
v 91.8891983 220.68930054 4.02496529
v 175.05317688 115.77820587 3.45366526
v 195.45559692 115.77820587 3.45376539
v 17.98979187 115.77820587 3.45366526
v 63.27370071 115.77820587 3.45366526
v 38.79309082 115.77820587 3.45366526
v 86.54689789 115.77820587 3.45366526
v 64.18489838 115.77820587 3.45366526
v 110.52469635 115.77820587 3.45366526
v 129.8170929 115.77820587 3.45366526
v 130.728302 115.77820587 3.45366526
v 150.81611633 115.77820587 3.45366526
v 151.72729492 115.77820587 3.45366526
v 87.45809174 115.77820587 3.45366526
v 109.6135025 115.77820587 3.45366526
v 17.53418732 116.11990356 3.5695653
v 174.59759521 115.77820587 3.17337561
v 174.59759521 116.11990356 3.5695653
v 17.53418732 115.77820587 3.17337561
v 17.07859802 115.77820587 3.45366526
v 38.33750153 115.77820587 3.17337561
v 38.33750153 116.11990356 3.5695653
v 37.88188171 115.77820587 3.45366526
v 63.72930145 115.77820587 3.17337561
v 63.72930145 116.11990356 3.5695653
v 87.00250244 115.77820587 3.17337561
v 87.00250244 116.11990356 3.5695653
v 110.0690918 115.77820587 3.17337561
v 110.0690918 116.11990356 3.5695653
v 130.27272034 115.77820587 3.17337561
v 130.27272034 116.11990356 3.5695653
v 151.271698 115.77820587 3.17337561
v 151.271698 116.11990356 3.5695653
v 174.14199829 115.77820587 3.45366526
v 174.59759521 111.81529236 3.14966536
v 17.53418732 111.81529236 3.14966536
v 38.33750153 111.81529236 3.14966536
v 63.72930145 111.81529236 3.14966536
v 87.00250244 111.81529236 3.14966536
v 110.0690918 111.81529236 3.14966536
v 130.27272034 111.81529236 3.14966536
v 151.271698 111.81529236 3.14966536
v 195.11390686 116.11990356 3.5695653
v 17.53418732 179.96887207 5.77597523
v 8.32260132 179.96887207 5.77597523
v 8.32260132 156.49859619 5.64826536
v 17.53418732 116.2338028 3.91186523
v 17.53418732 116.2338028 6.59576511
v 5 116.2338028 6.59576511
v 195 180.76989746 4.2629652
v 195 180.76989746 6.94688511
v 195 155.69760132 6.81046534
v 174.59759521 220.23379517 4.47756529
v 174.59759521 220.23379517 7.16147518
v 195 220.23379517 7.16147518
v 5 155.69760132 4.12656546
v 5 155.69760132 6.81046534
v 5 180.76989746 4.2629652
v 17.53418732 116.48670197 6.87316513
v 17.53418732 116.98239136 6.91976547
v 5.74858856 116.98239136 6.91976547
v 194.74710083 180.70898438 7.22256565
v 194.25140381 180.58947754 7.26569557
v 194.25140381 155.87809753 7.13126564
v 174.59759521 219.98078918 7.43616533
v 174.59759521 219.48509216 7.47727537
v 194.25140381 219.48509216 7.47727537
v 5.25299835 155.7585907 7.08686543
v 5.74858856 155.87809753 7.13126564
v 5.25299835 180.70889282 7.22256565
v 17.53418732 117.8075943 5.96206522
v 17.53418732 118.36720276 6.17086554
v 7.13339996 118.36720276 6.17086554
v 193.42631531 180.39048767 6.30246544
v 192.86659241 180.25559998 6.50746536
v 192.86659241 156.2118988 6.37669563
v 174.59759521 218.6599884 6.51066542
v 174.59759521 218.10031128 6.71328545
v 192.86659241 218.10031128 6.71328545
v 6.57379913 156.07699585 6.1702652
v 7.13339996 156.2118988 6.37669563
v 6.57379913 180.39048767 6.30246544
v 174.59759521 119.55640411 5.44736528
v 174.59759521 119.55150604 5.52086544
v 191.67739868 119.55640411 5.44736528
v 8.31768799 179.97009277 5.84946537
v 8.31768799 156.49749756 5.72187519
v 17.53418732 216.91110229 5.97686529
v 17.53418732 216.91609192 6.05046558
v 8.32260132 216.91110229 5.97686529
v 191.67739868 156.49859619 5.64826536
v 191.68229675 156.49749756 5.72187519
v 191.67739868 179.96887207 5.77597523
v 17.53418732 117.34339142 6.87006569
v 6.10960388 117.34339142 6.87006569
v 17.53418732 117.6013031 6.7167654
v 6.36749268 117.6013031 6.7167654
v 193.89039612 180.50239563 7.21368551
v 193.63252258 180.44029236 7.05856514
v 193.89039612 155.96508789 7.08016539
v 174.59759521 219.12409973 7.42376518
v 193.89039612 219.12409973 7.42376518
v 174.59759521 218.86628723 7.26766539
v 193.63252258 218.86628723 7.26766539
v 6.10960388 155.96508789 7.08016539
v 6.10960388 180.50239563 7.21368551
v 6.36749268 156.02729797 6.92576551
v 6.36749268 180.44029236 7.05856514
v 174.59759521 117.8075943 6.09907532
v 174.59759521 117.75600433 6.45976543
v 193.42617798 117.8075943 6.09907532
v 174.59759521 117.6013031 6.7167654
v 193.47779846 117.75600433 6.45976543
v 6.57379913 180.39048767 6.43946552
v 6.52220154 180.40299988 6.80058575
v 6.52220154 156.06459045 6.66818523
v 17.53418732 218.6599884 6.64768553
v 17.53418732 218.71159363 7.00896549
v 6.57379913 218.6599884 6.64768553
v 17.53418732 218.86628723 7.26766539
v 6.52220154 218.71159363 7.00896549
v 193.42617798 156.07699585 6.30726528
v 193.47779846 156.06459045 6.66818523
v 193.42617798 180.39048767 6.43946552
v 193.63252258 156.02729797 6.92576551
v 193.47779846 180.40299988 6.80058575
v 6.57379913 156.07699585 6.30726528
v 174.59759521 117.8075943 5.96206522
v 193.42631531 156.07699585 6.1702652
v 17.53418732 218.6599884 6.51066542
v 192.44439697 118.78940582 5.93080521
v 174.59759521 118.78940582 5.93080521
v 174.59759521 118.36720276 6.17086554
v 192.44439697 156.31369019 6.13486576
v 192.44439697 180.15379333 6.26456547
v 7.55558777 217.67819214 6.46868515
v 17.53418732 217.67819214 6.46868515
v 17.53418732 218.10031128 6.71328545
v 7.55558777 180.15379333 6.26456547
v 7.13339996 180.25559998 6.50746536
v 191.83528137 119.39860535 5.70677519
v 174.59759521 119.39860535 5.70677519
v 191.83528137 156.46060181 5.90836525
v 191.83528137 180.00697327 6.03646564
v 8.16477966 217.06900024 6.23806572
v 17.53418732 217.06900024 6.23806572
v 8.16477966 180.00697327 6.03646564
v 7.55558777 156.31369019 6.13486576
v 174.59759521 119.49230194 5.64638519
v 191.68229675 119.55150604 5.52086544
v 8.25849915 179.98439026 5.9754653
v 8.25849915 156.48320007 5.84757519
v 17.53418732 216.97529602 6.17667532
v 8.31768799 216.91609192 6.05046558
v 191.74154663 156.48320007 5.84757519
v 191.68229675 179.97009277 5.84946537
v 17.53418732 119.39860535 5.70677519
v 17.53418732 119.49230194 5.64638519
v 8.25849915 119.49230194 5.64638519
v 191.74154663 179.98439026 5.9754653
v 174.59759521 217.06900024 6.23806572
v 174.59759521 216.97529602 6.17667532
v 191.74154663 216.97529602 6.17667532
v 8.16477966 156.46060181 5.90836525
v 174.59759521 116.48670197 6.87316513
v 174.59759521 116.2970047 6.7919755
v 194.74710083 116.48670197 6.87316513
v 194.74710083 155.7585907 7.08686543
v 194.93681335 155.71289062 7.00637531
v 194.93681335 180.75468445 7.14256573
v 17.53418732 219.98078918 7.43616533
v 17.53418732 220.17050171 7.35697556
v 5.25299835 219.98078918 7.43616533
v 5.06318665 180.75468445 7.14256573
v 17.53418732 116.2970047 6.7919755
v 5.06318665 116.2970047 6.7919755
v 174.59759521 220.17050171 7.35697556
v 194.93681335 220.17050171 7.35697556
v 5.06318665 155.71289062 7.00637531
v 5 180.76989746 6.94688511
v 174.59759521 179.96887207 5.77597523
v 174.59759521 156.49859619 5.64826536
v 195 116.2338028 6.59576511
v 174.59759521 116.2338028 6.59576511
v 174.59759521 116.2338028 3.91186523
v 5 220.23379517 7.16147518
v 17.53418732 220.23379517 7.16147518
v 17.53418732 220.23379517 4.47756529
v 194.25140381 116.98239136 6.91976547
v 174.59759521 116.98239136 6.91976547
v 5.74858856 219.48509216 7.47727537
v 17.53418732 219.48509216 7.47727537
v 192.86659241 118.36720276 6.17086554
v 7.13339996 218.10031128 6.71328545
v 8.31768799 119.55150604 5.52086544
v 17.53418732 119.55150604 5.52086544
v 8.32260132 119.55640411 5.44736528
v 191.68229675 216.91609192 6.05046558
v 174.59759521 216.91609192 6.05046558
v 191.67739868 216.91110229 5.97686529
v 193.89039612 117.34339142 6.87006569
v 174.59759521 117.34339142 6.87006569
v 193.63252258 117.6013031 6.7167654
v 6.10960388 219.12409973 7.42376518
v 17.53418732 219.12409973 7.42376518
v 6.36749268 218.86628723 7.26766539
v 6.52220154 117.75600433 6.45976543
v 17.53418732 117.75600433 6.45976543
v 6.57379913 117.8075943 6.09907532
v 193.47779846 218.71159363 7.00896549
v 174.59759521 218.71159363 7.00896549
v 193.42617798 218.6599884 6.64768553
v 17.53418732 117.8075943 6.09907532
v 174.59759521 218.6599884 6.64768553
v 7.55558777 118.78940582 5.93080521
v 192.44439697 217.67819214 6.46868515
v 17.53418732 118.78940582 5.93080521
v 8.16477966 119.39860535 5.70677519
v 174.59759521 217.67819214 6.46868515
v 191.83517456 217.06900024 6.23806572
v 191.74154663 119.49230194 5.64638519
v 8.25849915 216.97529602 6.17667532
v 5.25299835 116.48670197 6.87316513
v 194.74710083 219.98078918 7.43616533
v 194.93681335 116.2970047 6.7919755
v 5.06318665 220.17050171 7.35697556
v 38.33750153 179.96887207 5.77597523
v 17.53418732 156.49859619 5.64826536
v 38.33750153 116.2338028 3.91186523
v 38.33750153 116.2338028 6.59576511
v 38.33750153 116.48670197 6.87316513
v 38.33750153 116.98239136 6.91976547
v 38.33750153 117.8075943 5.96206522
v 38.33750153 118.36720276 6.17086554
v 38.33750153 216.91110229 5.97686529
v 38.33750153 216.91609192 6.05046558
v 38.33750153 117.34339142 6.87006569
v 38.33750153 117.6013031 6.7167654
v 38.33750153 218.6599884 6.64768553
v 38.33750153 218.71159363 7.00896549
v 38.33750153 218.86628723 7.26766539
v 38.33750153 218.6599884 6.51066542
v 38.33750153 217.67819214 6.46868515
v 38.33750153 218.10031128 6.71328545
v 38.33750153 217.06900024 6.23806572
v 38.33750153 216.97529602 6.17667532
v 38.33750153 119.39860535 5.70677519
v 38.33750153 119.49230194 5.64638519
v 38.33750153 219.98078918 7.43616533
v 38.33750153 220.17050171 7.35697556
v 38.33750153 116.2970047 6.7919755
v 38.33750153 220.23379517 7.16147518
v 38.33750153 220.23379517 4.47756529
v 38.33750153 219.48509216 7.47727537
v 38.33750153 119.55150604 5.52086544
v 38.33750153 119.55640411 5.44736528
v 17.53418732 119.55640411 5.44736528
v 38.33750153 219.12409973 7.42376518
v 38.33750153 117.75600433 6.45976543
v 38.33750153 117.8075943 6.09907532
v 38.33750153 118.78940582 5.93080521
v 63.72930145 179.96887207 5.77597523
v 38.33750153 156.49859619 5.64826536
v 63.72930145 116.2338028 3.91186523
v 63.72930145 116.2338028 6.59576511
v 63.72930145 116.48670197 6.87316513
v 63.72930145 116.98239136 6.91976547
v 63.72930145 117.8075943 5.96206522
v 63.72930145 118.36720276 6.17086554
v 63.72930145 216.91110229 5.97686529
v 63.72930145 216.91609192 6.05046558
v 63.72930145 117.34339142 6.87006569
v 63.72930145 117.6013031 6.7167654
v 63.72930145 218.6599884 6.64768553
v 63.72930145 218.71159363 7.00896549
v 63.72930145 218.86628723 7.26766539
v 63.72930145 218.6599884 6.51066542
v 63.72930145 217.67819214 6.46868515
v 63.72930145 218.10031128 6.71328545
v 63.72930145 217.06900024 6.23806572
v 63.72930145 216.97529602 6.17667532
v 63.72930145 119.39860535 5.70677519
v 63.72930145 119.49230194 5.64638519
v 63.72930145 219.98078918 7.43616533
v 63.72930145 220.17050171 7.35697556
v 63.72930145 116.2970047 6.7919755
v 63.72930145 220.23379517 7.16147518
v 63.72930145 220.23379517 4.47756529
v 63.72930145 219.48509216 7.47727537
v 63.72930145 119.55150604 5.52086544
v 63.72930145 119.55640411 5.44736528
v 63.72930145 219.12409973 7.42376518
v 63.72930145 117.75600433 6.45976543
v 63.72930145 117.8075943 6.09907532
v 63.72930145 118.78940582 5.93080521
v 87.00250244 179.96887207 5.77597523
v 63.72930145 156.49859619 5.64826536
v 87.00250244 116.2338028 3.91186523
v 87.00250244 116.2338028 6.59576511
v 87.00250244 116.48670197 6.87316513
v 87.00250244 116.98239136 6.91976547
v 87.00250244 117.8075943 5.96206522
v 87.00250244 118.36720276 6.17086554
v 87.00250244 216.91110229 5.97686529
v 87.00250244 216.91609192 6.05046558
v 87.00250244 117.34339142 6.87006569
v 87.00250244 117.6013031 6.7167654
v 87.00250244 218.6599884 6.64768553
v 87.00250244 218.71159363 7.00896549
v 87.00250244 218.86628723 7.26766539
v 87.00250244 218.6599884 6.51066542
v 87.00250244 217.67819214 6.46868515
v 87.00250244 218.10031128 6.71328545
v 87.00250244 217.06900024 6.23806572
v 87.00250244 216.97529602 6.17667532
v 87.00250244 119.39860535 5.70677519
v 87.00250244 119.49230194 5.64638519
v 87.00250244 219.98078918 7.43616533
v 87.00250244 220.17050171 7.35697556
v 87.00250244 116.2970047 6.7919755
v 87.00250244 220.23379517 7.16147518
v 87.00250244 220.23379517 4.47756529
v 87.00250244 219.48509216 7.47727537
v 87.00250244 119.55150604 5.52086544
v 87.00250244 119.55640411 5.44736528
v 87.00250244 219.12409973 7.42376518
v 87.00250244 117.75600433 6.45976543
v 87.00250244 117.8075943 6.09907532
v 87.00250244 118.78940582 5.93080521
v 110.0690918 179.96887207 5.77597523
v 87.00250244 156.49859619 5.64826536
v 110.0690918 116.2338028 3.91186523
v 110.0690918 116.2338028 6.59576511
v 110.0690918 116.48670197 6.87316513
v 110.0690918 116.98239136 6.91976547
v 110.0690918 117.8075943 5.96206522
v 110.0690918 118.36720276 6.17086554
v 110.0690918 216.91110229 5.97686529
v 110.0690918 216.91609192 6.05046558
v 110.0690918 117.34339142 6.87006569
v 110.0690918 117.6013031 6.7167654
v 110.0690918 218.6599884 6.64768553
v 110.0690918 218.71159363 7.00896549
v 110.0690918 218.86628723 7.26766539
v 110.0690918 218.6599884 6.51066542
v 110.0690918 217.67819214 6.46868515
v 110.0690918 218.10031128 6.71328545
v 110.0690918 217.06900024 6.23806572
v 110.0690918 216.97529602 6.17667532
v 110.0690918 119.39860535 5.70677519
v 110.0690918 119.49230194 5.64638519
v 110.0690918 219.98078918 7.43616533
v 110.0690918 220.17050171 7.35697556
v 110.0690918 116.2970047 6.7919755
v 110.0690918 220.23379517 4.47756529
v 110.0690918 220.23379517 7.16147518
v 130.27272034 220.23379517 7.16147518
v 110.0690918 219.48509216 7.47727537
v 130.27272034 219.48509216 7.47727537
v 130.27272034 218.10031128 6.71328545
v 110.0690918 119.55640411 5.44736528
v 110.0690918 119.55150604 5.52086544
v 130.27272034 119.55150604 5.52086544
v 110.0690918 219.12409973 7.42376518
v 130.27272034 219.12409973 7.42376518
v 130.27272034 218.86628723 7.26766539
v 110.0690918 117.8075943 6.09907532
v 110.0690918 117.75600433 6.45976543
v 130.27272034 117.75600433 6.45976543
v 130.27272034 117.6013031 6.7167654
v 130.27272034 117.8075943 6.09907532
v 110.0690918 118.78940582 5.93080521
v 130.27272034 118.36720276 6.17086554
v 130.27272034 118.78940582 5.93080521
v 130.27272034 119.49230194 5.64638519
v 130.27272034 216.97529602 6.17667532
v 130.27272034 116.2970047 6.7919755
v 130.27272034 220.17050171 7.35697556
v 110.0690918 156.49859619 5.64826536
v 130.27272034 156.49859619 5.64826536
v 130.27272034 179.96887207 5.77597523
v 130.27272034 116.2338028 3.91186523
v 130.27272034 116.48670197 6.87316513
v 130.27272034 117.8075943 5.96206522
v 130.27272034 216.91110229 5.97686529
v 130.27272034 116.98239136 6.91976547
v 130.27272034 117.34339142 6.87006569
v 130.27272034 218.6599884 6.64768553
v 130.27272034 218.71159363 7.00896549
v 130.27272034 218.6599884 6.51066542
v 130.27272034 217.67819214 6.46868515
v 130.27272034 217.06900024 6.23806572
v 130.27272034 216.91609192 6.05046558
v 130.27272034 119.39860535 5.70677519
v 130.27272034 219.98078918 7.43616533
v 130.27272034 116.2338028 6.59576511
v 130.27272034 220.23379517 4.47756529
v 151.271698 220.23379517 4.47756529
v 151.271698 219.48509216 7.47727537
v 151.271698 218.10031128 6.71328545
v 130.27272034 119.55640411 5.44736528
v 151.271698 119.55640411 5.44736528
v 151.271698 218.86628723 7.26766539
v 151.27180481 117.75600433 6.45976543
v 151.271698 117.6013031 6.7167654
v 151.271698 117.8075943 5.96206522
v 151.27180481 118.36720276 6.17086554
v 151.271698 119.39860535 5.70677519
v 151.27180481 119.49230194 5.64638519
v 151.271698 216.97529602 6.17667532
v 151.271698 116.48670197 6.87316513
v 151.27180481 220.17050171 7.35697556
v 151.271698 156.49859619 5.64826536
v 151.271698 179.96887207 5.77597523
v 151.271698 116.2338028 3.91186523
v 151.271698 216.91110229 5.97686529
v 151.271698 116.98239136 6.91976547
v 151.271698 218.71159363 7.00896549
v 151.27180481 218.6599884 6.51066542
v 151.271698 217.67819214 6.46868515
v 151.271698 216.91609192 6.05046558
v 151.271698 219.98078918 7.43616533
v 151.271698 116.2338028 6.59576511
v 151.27180481 220.23379517 7.16147518
v 151.27180481 119.55150604 5.52086544
v 151.27180481 219.12409973 7.42376518
v 151.27180481 117.8075943 6.09907532
v 151.27180481 118.78940582 5.93080521
v 151.27180481 217.06900024 6.23806572
v 151.27180481 116.2970047 6.7919755
v 174.59759521 216.91110229 5.97686529
v 151.27180481 117.34339142 6.87006569
v 151.27180481 218.6599884 6.64768553
v 5 116.2338028 3.91186523
v 195 155.69760132 4.12656546
v 195.11390686 155.67019653 3.78476524
v 195.11390686 180.79737854 3.9214654
v 195 220.23379517 4.47756529
v 195 116.2338028 3.91186523
v 5 220.23379517 4.47756529
v 8.32260132 203.43919373 5.90368557
v 17.53418732 203.43919373 5.90368557
v 17.53418732 133.02839661 5.5206852
v 8.32260132 133.02839661 5.5206852
v 195 205.8421936 7.08316517
v 195 205.84230042 4.39926529
v 195 130.62527466 3.99016523
v 195 130.62527466 6.67406559
v 5 130.62527466 3.99016523
v 5 130.62527466 6.67406559
v 5 205.84230042 7.08316517
v 5 205.8421936 4.39936543
v 194.74710083 205.65930176 7.3582654
v 194.25140381 205.30079651 7.40016556
v 194.74710083 130.80819702 6.95106554
v 194.25140381 131.16677856 6.99686527
v 5.25299835 130.80819702 6.95106554
v 5.74858856 131.16677856 6.99686527
v 5.25299835 205.65930176 7.3582654
v 5.74858856 205.30079651 7.40016556
v 193.42617798 218.6599884 6.51066542
v 193.42617798 204.70399475 6.43476534
v 192.86659241 204.29930115 6.63827515
v 193.42631531 117.8075943 5.96206522
v 193.42631531 131.76348877 6.03797531
v 192.86659241 132.16828918 6.24586535
v 6.57379913 117.8075943 5.96206522
v 6.57379913 131.76348877 6.03797531
v 7.13339996 132.16828918 6.24586535
v 6.57379913 218.6599884 6.51066542
v 6.57379913 204.70399475 6.43476534
v 7.13339996 204.29930115 6.63827515
v 8.31768799 203.44268799 5.97716522
v 8.31768799 133.02478027 5.59416533
v 191.68229675 133.02478027 5.59416533
v 191.67739868 133.02839661 5.5206852
v 191.68229675 203.4427948 5.97716522
v 191.67739868 203.43919373 5.90368557
v 193.89039612 205.03968811 7.34716511
v 193.89039612 131.42778015 6.94676542
v 193.63252258 204.85319519 7.19138527
v 193.63252258 131.61427307 6.79306507
v 6.10960388 131.42778015 6.94676542
v 6.10960388 205.03968811 7.34716511
v 5.74858856 180.58947754 7.26569557
v 6.36749268 131.61427307 6.79306507
v 6.36749268 204.85319519 7.19138527
v 6.52220154 204.74128723 6.93296528
v 6.57379913 204.70399475 6.57180548
v 6.52220154 131.72619629 6.53576565
v 6.57379913 131.76348877 6.17496538
v 193.47779846 131.72619629 6.53576565
v 193.42617798 131.76348877 6.17496538
v 193.47779846 204.74128723 6.93296528
v 193.42617798 204.70399475 6.57180548
v 192.44439697 132.47360229 6.0051856
v 192.44439697 203.99389648 6.39426517
v 7.55558777 203.99389648 6.39426517
v 7.55558777 132.47360229 6.0051856
v 191.83528137 132.91419983 5.78026533
v 191.83517456 203.55329895 6.16456509
v 8.16477966 203.55329895 6.16456509
v 8.16477966 132.91419983 5.78026533
v 8.25849915 203.4855957 6.10326576
v 8.25849915 132.98199463 5.7197752
v 191.74154663 132.98199463 5.7197752
v 191.74154663 203.4855957 6.10326576
v 194.93681335 130.67098999 6.87016535
v 194.93681335 205.79647827 7.27876568
v 5.06318665 205.79647827 7.27876568
v 5.06318665 130.67098999 6.87016535
v 174.59759521 203.43919373 5.90368557
v 174.59759521 133.02839661 5.5206852
v 38.33750153 203.43919373 5.90368557
v 38.33750153 133.02839661 5.5206852
v 63.72930145 203.43919373 5.90368557
v 63.72930145 133.02839661 5.5206852
v 87.00250244 203.43919373 5.90368557
v 87.00250244 133.02839661 5.5206852
v 110.0690918 203.43919373 5.90368557
v 110.0690918 133.02839661 5.5206852
v 130.27272034 133.02839661 5.5206852
v 130.27272034 203.43919373 5.90368557
v 151.271698 133.02839661 5.5206852
v 151.271698 203.43919373 5.90368557
v 195.11390686 130.5428772 3.64806557
v 195.11390686 205.92459106 4.05816555
v 195.45559692 155.58779907 3.67036533
v 200 153.64839172 3.64466524
v 200 180.28469849 3.7811656
v 195.45559692 180.87979126 3.80807543
v 200 127.01200104 3.50830555
v 195.45559692 130.29577637 3.53276539
v 200 206.9210968 3.91766548
v 195.45559692 206.17169189 3.9457655
v 200 225.00009155 0.00856543
v 177.77781677 225.00009155 0.00856543
v 155.55560303 225.00009155 0.00856543
v 22.22219849 225.00009155 0.00856543
v 0 225.00009155 0.00856543
v 44.44440079 225.00009155 0.00856543
v 66.66670227 225.00009155 0.00856543
v 88.88890076 225.00009155 0.00856543
v 111.11109161 225.00009155 0.00856543
v 133.3334198 225.00009155 0.00856543
v 193.74697876 218.74699402 6.533E-05
v 172.9143219 218.74699402 6.533E-05
v 6.25299072 218.74699402 6.533E-05
v 27.08570099 218.74699402 6.533E-05
v 47.91830063 218.74699402 6.533E-05
v 68.75099182 218.74699402 6.533E-05
v 89.58370209 218.74699402 6.533E-05
v 110.41629791 218.74699402 6.533E-05
v 131.24899292 218.74699402 6.533E-05
v 152.08169556 218.74699402 6.533E-05
v 0 16.07150078 0.00856543
v 0 0 0.00856543
v 0 24.0265007 0.00856543
v 0 104.91170502 0.00856543
v 0 100.2232132 0.00856543
v 0 48.21439743 0.00856543
v 0 64.28581238 0.00856543
v 0 80.35720062 0.00856543
v 0 88.83991241 0.00856543
v 0 96.42829895 0.00856543
v 6.25299072 101.11652374 0.00476503
v 6.25299072 104.91170502 0.00456572
v 6.25299072 82.14379883 0.00556517
v 6.25299072 89.73320007 0.00527525
v 6.25299072 66.96570587 0.00616503
v 6.25299072 51.78749847 0.00676584
v 6.25299072 36.60929871 0.0073657
v 6.25299072 21.43121147 0.00796556
v 6.25299072 6.25309992 0.00856543
v 6.25299072 97.32150269 0.0049758
v 0 220.8250885 0.00856543
v 0 111.72270203 0.00856543
v 0 179.42507935 0.00856543
v 0 153.12269592 0.00856543
v 0 205.72747803 0.00856543
v 0 126.82030487 0.00856543
v 6.25299072 111.72270203 0.00456572
v 6.25299072 205.72747803 0.00456572
v 6.25299072 179.42507935 0.00456572
v 6.25299072 153.12269592 0.00456572
v 6.25299072 126.82030487 0.00456572
v 200 16.07150078 0.00856543
v 200 0 0.00856543
v 200 32.14289856 0.00856543
v 200 220.8250885 0.00856543
v 200 104.91170502 0.00856543
v 200 100.2232132 0.00856543
v 200 48.21439743 0.00856543
v 200 64.28581238 0.00856543
v 200 80.35720062 0.00856543
v 200 88.83991241 0.00856543
v 200 96.42829895 0.00856543
v 193.74697876 6.25309992 0.00856543
v 193.74697876 21.43121147 0.00796556
v 193.74697876 101.11652374 0.00476503
v 193.74697876 104.91170502 0.00456572
v 193.74697876 82.14379883 0.00556517
v 193.74697876 89.73320007 0.00527525
v 193.74697876 66.96570587 0.00616503
v 193.74697876 51.78749847 0.00676584
v 193.74697876 36.60929871 0.0073657
v 193.74697876 97.32150269 0.0049758
v 200 111.72270203 -0.00883436
v 200 179.42507935 0.00856543
v 200 126.82030487 0.00856543
v 200 153.12269592 0.00856543
v 200 205.72747803 0.00856543
v 193.74697876 111.72270203 -0.01283503
v 193.74697876 126.9125061 -0.01043463
v 193.74697876 153.37548828 -0.00623465
v 193.74697876 179.83839417 -0.00203466
v 193.74697876 206.3013916 0.00216532
v 22.22219849 0 0.00856543
v 177.77781677 0 0.00856543
v 155.55560303 0 0.00856543
v 133.3334198 0 0.00856543
v 111.11109161 0 0.00856543
v 88.88890076 0 0.00856543
v 66.66670227 0 0.00856543
v 44.44440079 0 0.00856543
v 27.08570099 6.25309992 0.00856543
v 47.91830063 6.25309992 0.00856543
v 68.75099182 6.25309992 0.00856543
v 89.58370209 6.25309992 0.00856543
v 110.41629791 6.25309992 0.00856543
v 131.24899292 6.25309992 0.00856543
v 152.08169556 6.25309992 0.00856543
v 172.9143219 6.25309992 0.00856543
vn 0.00481 0.99975 0.02168
vn 0.00244 0.99999 -0.00435
vn 0.00401 0.9992 0.03989
vn -0.58895 -0.04599 0.80686
vn -0.04596 -0.00558 0.99893
vn -0.09643 -0.04859 0.99415
vn -0.24057 0.00076 0.97063
vn -0.00306 -0.17823 0.98399
vn -0.01113 -0.72961 0.68377
vn -0.0058 -0.21063 0.97755
vn -0.01301 -0.52731 0.84958
vn -0.01357 -0.57725 0.81645
vn -0.02187 -0.53173 0.84663
vn -0.01366 -0.30218 0.95315
vn 0.00309 0.74614 0.66578
vn 0.00036 0.49863 0.86682
vn 0.0012 0.61455 0.78888
vn -0.00169 0.59059 0.80697
vn -0.00504 0.37797 0.9258
vn -0.01325 -0.95463 0.29749
vn -0.0076 -0.99413 0.10792
vn -0.00657 -0.99893 0.04588
vn -0.00249 0.61089 0.79171
vn -0.00312 0.53814 0.84285
vn 0.00172 0.92087 0.38986
vn -0.00453 0.82935 0.55871
vn -0.00249 0.67962 0.73356
vn -0.00227 0.90197 0.43179
vn -0.00712 0.649 0.76076
vn -0.00682 -0.164 0.98644
vn -0.00748 -0.55076 0.83463
vn -0.00638 -0.22594 0.97412
vn -0.01145 -0.57435 0.81853
vn -0.01037 -0.82217 0.56914
vn -0.01253 -0.23956 0.9708
vn -0.01217 -0.49183 0.87061
vn -0.01366 -0.04447 0.99892
vn -0.00304 0.57356 0.81916
vn -0.0092 -0.71804 0.69594
vn -0.01001 -0.17311 0.98485
vn -0.00696 0.18582 0.98256
vn -0.02608 -0.98147 0.18983
vn 0.02124 -0.03301 0.99923
vn 0.0235 -0.09183 0.9955
vn -0.00351 0.27605 0.96114
vn -0.0036 0.24128 0.97045
vn -0.00242 0.50493 0.86316
vn -0.00536 0.19801 0.98019
vn -0.00655 -0.92244 0.3861
vn -0.00647 -0.95016 0.3117
vn 0.00227 0.97222 -0.23408
vn 0.00429 0.99992 -0.01165
vn 0.00689 -0.06551 0.99783
vn -0.00913 -0.44246 0.89674
vn -0.00984 -0.21644 0.97625
vn -0.00128 0.26136 0.96524
vn -0.00592 0.13759 0.99047
vn -0.00859 -0.60142 0.79889
vn -0.00547 0.73419 0.67892
vn -0.00759 -0.30605 0.95199
vn -0.00864 -0.62821 0.778
vn -0.00822 -0.51156 0.85921
vn 0.06743 -0.03908 0.99696
vn 0.00861 0.99788 0.06443
vn -0.00759 -0.24711 0.96896
vn -0.00754 -0.85015 0.52649
vn -0.00744 -0.47886 0.87786
vn -0.0049 -0.04158 0.99912
vn -0.00124 -0.99329 0.11562
vn 0.09979 -0.16014 0.98204
vn 0.3715 -0.10745 0.92219
vn 0.24023 -0.03315 0.97015
vn 0.04991 -0.01772 0.9986
vn -0.00594 -0.25439 0.96708
vn -0.00492 -0.53809 0.84287
vn 0.00997 0.62769 0.7784
vn 0.00807 0.87053 0.49204
vn 0.00879 0.99954 0.02907
vn -0.34583 -0.06705 0.9359
vn -0.00271 -0.99347 0.11406
vn -0.02576 -0.07649 0.99674
vn -0.66019 -0.02377 0.75072
vn -0.00756 -0.42402 0.90562
vn -0.00637 0.14923 0.98878
vn -0.00445 -0.27279 0.96206
vn -0.00059 0.71786 0.69618
vn -0.00866 0.42414 0.90555
vn -0.01755 -0.96663 0.25559
vn -0.00854 -0.17736 0.98411
vn -0.00559 0.13963 0.99019
vn 0.00214 0.99998 -0.00587
vn -0.00711 0.12071 -0.99266
vn -0.02472 -0.0264 0.99935
vn -0.00218 0.28822 0.95756
vn -0.00055 0.48986 0.8718
vn -0.00394 0.29997 0.95394
vn -0.00628 -0.99569 0.0925
vn -0.00049 0.55273 0.83336
vn -0.01031 -0.38864 0.92133
vn -0.01537 -0.44202 0.89687
vn -0.00785 -0.5535 0.83281
vn 0.01125 0.99989 0.00959
vn 0.00777 -0.04776 0.99883
vn -0.00116 0.52467 0.85131
vn -0.00775 -0.34681 0.9379
vn 0.01983 0.62459 0.7807
vn -0.276 0.00444 0.96115
vn -0.21502 8E-05 0.97661
vn -0.01502 0.00721 0.99986
vn -0.15986 0.00362 0.98713
vn -0.00615 0.0105 0.99993
vn -0.00605 0.00712 0.99996
vn -0.00541 0.00208 0.99998
vn 0.03275 0.00363 0.99946
vn 0.05899 0.01011 0.99821
vn 0.26186 -0.00012 0.96511
vn 0.2072 0.01072 0.97824
vn 0.12985 0.00417 0.99152
vn -0.2978 0.01253 0.95455
vn 0.16701 0.00049 0.98595
vn -0.30722 -0.0022 0.95164
vn -0.00015 0.0018 1
vn -0.39328 -0.01614 0.91928
vn -0.13828 0.00745 0.99037
vn 0.0024 -0.00242 0.99999
vn -0.47828 0.00962 0.87815
vn -0.02228 0.00857 0.99971
vn -0.11715 -0.0024 0.99311
vn 0.0065 0.0091 0.99994
vn 0.01083 -0.00457 0.99993
vn -0.0648 -0.01163 0.99783
vn 0.05414 -0.01554 0.99841
vn -0.3825 0.00126 0.92395
vn 0.00082 -0.00076 1
vn -0.10856 0.03153 0.99359
vn -0.83528 0.01472 0.54963
vn -0.31547 0.04915 0.94766
vn -0.61483 0.00938 0.7886
vn -0.25474 0.05033 0.9657
vn -0.00233 0.0569 0.99838
vn 0.00292 0.06029 0.99818
vn 0.0041 0.00677 0.99997
vn 0.00419 0.04721 0.99888
vn 0.0023 0.06185 0.99808
vn 0.00293 -0.00357 0.99999
vn 0.05644 0.05951 0.99663
vn 0.05326 0.05645 0.99698
vn 0.12469 0.00929 0.99215
vn 0.01323 -0.00222 0.99991
vn 0.33497 -0.00118 0.94223
vn 0.27243 0.02051 0.96196
vn 0.14719 0.04377 0.98814
vn 0.34441 0.05462 0.93723
vn -0.27321 0.04161 0.96105
vn -0.29486 0.06024 0.95364
vn 0.28061 0.05675 0.95814
vn -0.24389 0.00295 0.9698
vn -0.07511 0.00027 0.99718
vn 0.00596 -0.00864 0.99994
vn -0.14712 0.02385 0.98883
vn 0.00634 0.02908 0.99956
vn -0.12119 0.06681 0.99038
vn 0.01136 0.07184 0.99735
vn 0.02136 0.06851 0.99742
vn -0.27917 0.07696 0.95715
vn -0.49622 0.06031 0.8661
vn -0.00846 0.07463 0.99718
vn -0.46995 0.06108 0.88058
vn 0.0126 0.07026 0.99745
vn 0.02228 0.05649 0.99815
vn 0.0072 -0.00074 0.99997
vn 0.09937 -0.00526 0.99504
vn 0.00428 0.99923 0.03889
vn 0.21959 -0.10495 0.96993
vn -0.01129 -0.54103 0.84093
vn -0.00673 -0.7963 0.60486
vn -0.00296 0.45049 0.89278
vn 0.00996 0.9949 0.10041
vn 0.01235 0.59527 0.80343
vn 0.01665 0.87238 0.48855
vn -0.00639 -0.27042 0.96272
vn 0.00097 -0.48765 0.87304
vn -0.00946 -0.99363 0.1123
vn 0.10886 -0.03161 0.99355
vn 0.22561 -0.07901 0.97101
vn -0.34486 -0.05882 0.93681
vn 0.27386 -0.01629 0.96163
vn -0.31811 -0.02203 0.9478
vn -0.00731 -0.10753 0.99417
vn -0.00555 0.1294 0.99158
vn -0.00977 -0.62811 0.77806
vn 0.00395 0.99994 -0.00994
vn -0.00942 -0.99509 0.09852
vn -0.03271 -0.04678 0.99837
vn -0.0088 -0.50826 0.86116
vn 0.01379 0.60071 0.79935
vn -0.00623 -0.63501 0.77248
vn -0.00366 0.00973 0.99995
vn 0.04512 -0.12997 0.99049
vn 0.03754 -0.02442 0.999
vn -0.00665 -0.02033 0.99977
vn -0.00067 0.59354 0.80481
vn -0.00587 -0.20109 0.97955
vn -0.00594 -0.20876 0.97795
vn -0.00918 -0.53067 0.84753
vn -0.00217 0.17467 0.98462
vn -0.00544 -0.99748 0.0708
vn 0.00613 0.62551 0.78019
vn 0.00163 0.84662 0.53219
vn -0.01298 -0.52652 0.85006
vn -0.00475 -0.0802 0.99677
vn -0.00094 0.5899 0.80748
vn 0.00109 0.99994 -0.01123
vn 0.00667 0.96591 -0.25881
vn -0.00159 0.98684 -0.16169
vn 0.00648 -0.99411 0.10821
vn -0.00736 -0.6903 0.72348
vn -0.00425 0.34988 0.93679
vn -0.00371 -0.59153 0.80627
vn -0.0095 -0.26385 0.96452
vn -0.00016 0.75663 0.65385
vn -0.00063 0.6001 0.79993
vn 0.00124 0.53805 0.84291
vn -0.00128 0.46664 0.88445
vn -0.00162 -0.23181 0.97276
vn -0.00665 -0.5675 0.82334
vn 0.00075 0.99509 0.09902
vn -0.0044 -0.41278 0.91082
vn -0.00171 0.48751 0.87312
vn 0.00158 -0.947 0.32123
vn -0.00389 -0.3241 0.94602
vn 0.00298 0.99933 0.03646
vn 0.23516 -0.09644 0.96716
vn 0.33335 -0.01561 0.94267
vn -0.01479 -0.99502 0.09858
vn -0.41849 -0.07548 0.90508
vn -0.0396 -0.05345 0.99778
vn -0.00849 -0.99616 0.08715
vn -0.38705 -0.01232 0.92197
vn -0.00472 -0.52361 0.85195
vn -0.00624 -0.78947 0.61376
vn -0.00326 -0.07677 0.99704
vn 0.00097 -0.92442 0.38137
vn -0.00107 0.29483 0.95555
vn -0.00171 0.47788 0.87842
vn -0.00165 0.52051 0.85385
vn -0.00028 0.72377 0.69004
vn -0.00544 -0.4626 0.88655
vn -0.00311 0.30654 0.95185
vn -0.00726 0.98837 -0.15191
vn 0.05017 -0.09013 0.99467
vn 0.01247 -0.01655 0.99979
vn -0.00394 0.3964 0.91807
vn -0.00112 0.51397 0.85781
vn -0.00307 -0.11645 0.99319
vn -0.00281 0.45434 0.89082
vn -0.00548 -0.99677 0.08013
vn 0.0013 -0.99852 0.05445
vn 0.00072 0.58924 0.80795
vn -0.00093 0.58538 0.81076
vn -0.0008 -0.91873 0.39489
vn -0.00669 -0.58701 0.80955
vn -0.00268 0.09302 0.99566
vn -0.0017 0.07628 0.99708
vn 0.00321 0.99992 -0.01245
vn -0.00576 -0.22773 0.97371
vn -0.00015 -0.29598 0.95519
vn -0.00405 -0.52656 0.85013
vn -0.00422 -0.59685 0.80234
vn -0.00254 -0.99747 0.07105
vn -0.00238 -0.14436 0.98952
vn -0.00324 -0.99632 0.08568
vn 0.21501 -0.02317 0.97634
vn 0.23081 -0.26119 0.93729
vn 0.10419 -0.01599 0.99443
vn 0.00231 0.99673 0.08071
vn -0.00126 0.47496 0.88
vn 0.00144 0.87304 0.48765
vn -0.44153 -0.02942 0.89676
vn -0.04251 -0.05461 0.9976
vn -0.00627 -0.95297 0.30299
vn -0.00515 -0.55191 0.83388
vn -0.00488 -0.21054 0.97757
vn -0.00347 0.0709 0.99748
vn -0.0039 -0.96557 0.26013
vn -0.00016 0.77979 0.62604
vn -0.0024 -0.24467 0.9696
vn -0.00102 0.72742 0.68619
vn -0.00395 -0.5507 0.83469
vn -0.00398 -0.7974 0.60344
vn 0.0001 0.99996 -0.00888
vn -0.00317 -0.1887 0.98203
vn -0.00017 0.6092 0.79302
vn -0.00215 -0.22276 0.97487
vn 0.00395 0.99959 0.02839
vn 0.04881 0.49298 -0.86867
vn 0.00594 -0.02519 0.99966
vn 0.006 -0.01634 0.99985
vn -0.00197 -0.34434 0.93884
vn 0.00394 0.60395 0.79701
vn 0.0002 0.56169 0.82734
vn -0.00073 -0.29975 0.95402
vn -0.00372 -0.55295 0.8332
vn -0.00194 -0.79521 0.60633
vn -0.00235 -0.56013 0.8284
vn -0.0061 -0.99436 0.1059
vn 0.17745 -0.0595 0.98233
vn 0.02439 -0.00785 0.99967
vn -0.00244 -0.26836 0.96332
vn -0.00171 0.36931 0.92931
vn -3E-05 0.89543 0.44521
vn -0.00173 -0.9297 0.36832
vn 0.00193 0.99948 0.03218
vn 0.36019 -0.01549 0.93275
vn -0.00536 -0.11302 0.99358
vn -0.37686 -0.01552 0.92614
vn -0.11733 -0.82813 0.54812
vn -0.10888 -0.01259 0.99398
vn -0.00228 0.16307 0.98661
vn -0.00124 0.71557 0.69854
vn -0.00175 -0.42649 0.90449
vn -0.0009 -0.61501 0.78852
vn 0.00214 -0.29221 0.95635
vn 0.11041 0.00558 0.99387
vn 0.04709 0.00322 0.99889
vn -0.1788 -0.01249 0.98381
vn -0.30127 0.0026 0.95354
vn 0.31313 0.00271 0.94971
vn -0.28833 0.00638 0.95751
vn -0.36839 0.00127 0.92967
vn -0.03729 0.00149 0.9993
vn 0.24166 -0.00464 0.97035
vn -0.08101 -0.00307 0.99671
vn 0.00342 0.0034 0.99999
vn 0.00746 -0.00049 0.99997
vn 0.00163 0.00064 1
vn 0.00782 0.00172 0.99997
vn 0.04322 -0.02098 0.99885
vn 0.11153 -0.00744 0.99373
vn 0.05464 0.00094 0.99851
vn 0.09636 0.00029 0.99535
vn 0.00493 -0.00019 0.99999
vn -0.68273 -0.012 0.73058
vn 0.15353 -0.00644 0.98812
vn -0.39282 -0.00168 0.91961
vn -0.06264 -0.00633 0.99802
vn 0.27472 -0.00061 0.96153
vn 0.00473 0.0022 0.99999
vn -0.17118 0.00119 0.98524
vn -0.38171 -0.00253 0.92428
vn 0.00462 -5E-05 0.99999
vn -0.13214 -0.00168 0.99123
vn 0.2939 -1E-05 0.95584
vn 0.00405 0.00034 0.99999
vn 0.00308 -0.0012 0.99999
vn 0.09233 0.00186 0.99573
vn 0.0355 -0.0004 0.99937
vn 0.07536 -0.00356 0.99715
vn 0.18837 -0.00651 0.98208
vn 0.35601 0.00029 0.93448
vn -0.35897 -0.00106 0.93335
vn 0.28609 -0.00031 0.9582
vn -0.26539 -0.0151 0.96402
vn -0.34172 -0.00884 0.93976
vn -0.04141 -0.00308 0.99914
vn -0.00344 0.00061 0.99999
vn -0.05735 0.00125 0.99835
vn -0.35661 -0.00091 0.93425
vn -0.10332 0.00082 0.99465
vn -0.00621 0.00102 0.99998
vn -0.00578 0.00116 0.99998
vn 0.05299 0.00192 0.99859
vn 0.00045 -0.00353 0.99999
vn 0.10361 8E-05 0.99462
vn -0.28254 0.00087 0.95925
vn -0.13602 0.001 0.9907
vn 0.29417 0.00085 0.95575
vn -0.50885 0.0013 0.86085
vn 0.45609 0.00196 0.88993
vn -0.04371 0.00062 0.99904
vn -0.37476 -0.00018 0.92712
vn -0.08172 0.0006 0.99665
vn 0.05842 0.03805 0.99757
vn 0.23596 0.00416 0.97175
vn 0.06504 0.07344 0.99518
vn 0.12848 0.06776 0.98939
vn -0.37588 -0.00481 0.92666
vn 0.192 0.0034 0.98139
vn -0.3882 0.02979 0.92109
vn -0.18776 0.01779 0.98205
vn 0.25474 0.05036 0.9657
vn 0.43132 0.06605 0.89978
vn -0.24519 0.06636 0.9672
vn -0.24665 0.0591 0.9673
vn -0.44639 0.06254 0.89265
vn 0.19292 0.07303 0.97849
vn -0.12866 -0.00648 0.99167
vn -0.00646 0.00647 0.99996
vn -0.01144 0.05051 0.99866
vn -0.00966 0.05494 0.99844
vn -0.07671 0.04631 0.99598
vn -0.00426 0.04382 0.99903
vn 0.04674 0.04792 0.99776
vn 0.00039 0.0589 0.99826
vn 0.05186 2E-05 0.99865
vn 0.12049 0.01879 0.99254
vn 0.04745 0.05156 0.99754
vn 0.13077 0.05845 0.98969
vn -0.12795 0.00268 0.99178
vn -0.31197 0.00913 0.95005
vn 0.29649 0.02528 0.9547
vn -0.35232 0.04743 0.93468
vn -0.1388 0.03375 0.98975
vn 0.29908 0.05821 0.95245
vn -0.05929 0.04839 0.99707
vn -0.18541 0.05969 0.98085
vn -0.15922 0.04158 0.98637
vn 0.41355 0.05324 0.90892
vn 0.00121 -0.00231 1
vn 0.00237 0.02123 0.99977
vn 0.00809 0.04662 0.99888
vn 0.00121 0.05 0.99875
vn -0.00132 0.04467 0.999
vn 0.04159 0.04877 0.99794
vn 0.10342 0.0511 0.99332
vn 0.07491 0.00024 0.99719
vn 0.13892 0.01725 0.99015
vn 0.28857 0.00221 0.95746
vn 0.21037 0.03122 0.97712
vn 0.39479 0.04482 0.91768
vn -0.36369 0.01699 0.93137
vn 0.27931 0.04744 0.95903
vn 0.07356 0.05228 0.99592
vn -0.07146 0.00262 0.99744
vn -0.00329 0.00134 0.99999
vn -0.18112 0.0224 0.98321
vn -0.00241 0.02805 0.9996
vn -0.26158 0.04476 0.96414
vn -0.16445 0.0447 0.98537
vn 0.00232 0.04406 0.99903
vn -0.45521 0.03564 0.88967
vn -0.06932 0.03712 0.9969
vn 0.06041 0.01354 0.99808
vn 0.00172 0.04294 0.99908
vn 0.00559 0.03924 0.99921
vn 0.07875 0 0.99689
vn 0.08938 0.0403 0.99518
vn 0.05187 0.03929 0.99788
vn 0.22173 0.00269 0.97511
vn -0.29207 0.01937 0.9562
vn 0.32622 0.03212 0.94475
vn 0.14091 0.04171 0.98914
vn -0.38563 0.03699 0.92191
vn -0.08313 0.02444 0.99624
vn 0.35306 0.03138 0.93507
vn -0.29558 0.03333 0.95474
vn -0.03914 0.03836 0.9985
vn -0.09695 0.03053 0.99482
vn 0.00205 0.99965 0.0265
vn 0.00133 -0.99577 0.09188
vn 0.00853 -0.9883 0.15226
vn 0.00333 -0.04074 0.99916
vn -0.00397 -0.42807 0.90374
vn -0.00131 -0.21839 0.97586
vn -0.00162 0.46475 0.88544
vn -0.00227 -0.68131 0.73199
vn -0.00176 -0.1504 0.98862
vn -0.00252 -0.14395 0.98958
vn -0.00192 -0.56135 0.82757
vn -0.00129 0.51819 0.85527
vn -0.00207 -0.24994 0.96826
vn 0.00256 -0.14391 0.98959
vn 0.00091 0.99948 0.03226
vn 0.03537 -0.08415 0.99583
vn 0.01024 -0.01553 0.99983
vn -0.0008 0.84641 0.53253
vn -0.00119 0.17175 0.98514
vn 0.0015 -0.99591 0.09038
vn 0.00062 -0.15097 0.98854
vn 0.00059 0.59935 0.80048
vn -0.00239 0.2089 0.97793
vn -0.00138 0.66973 0.7426
vn -0.00459 0.68469 0.72882
vn 0.001 0.65479 0.75581
vn -0.01132 -0.32119 0.94695
vn 0.20497 -0.06535 0.97658
vn -0.37472 -0.02068 0.92691
vn -0.16505 -0.10923 0.98022
vn -0.06657 -0.01189 0.99771
vn -0.00048 0.47146 0.88189
vn -0.00012 -0.53365 0.84571
vn -0.00194 -0.41923 0.90788
vn 0.00733 -0.99453 0.10415
vn -0.00046 -0.99553 0.09448
vn 0.00133 0.99851 0.05464
vn -0.00094 -0.54501 0.83843
vn -0.00068 -0.53356 0.84576
vn -0.00186 0.32367 0.94617
vn -0.00791 -0.68009 0.73308
vn -0.00213 0.16487 0.98631
vn 0.01386 -0.03857 0.99916
vn -0.0017 -0.10628 0.99434
vn -0.00173 -0.19025 0.98173
vn -0.00071 -0.94817 0.31776
vn 0.0035 0.99951 0.03124
vn 0.06997 -0.06763 0.99525
vn 0.01322 -0.01581 0.99979
vn -0.00047 0.38395 0.92335
vn -0.00065 0.46689 0.88432
vn -0.00047 0.72098 0.69296
vn -0.00012 0.61646 0.78739
vn 0.00072 -0.56813 0.82294
vn -0.0013 -0.66143 0.75001
vn -0.00127 -0.27239 0.96219
vn 0.00066 -0.20427 0.97891
vn -5E-05 -0.22996 0.9732
vn -0.00085 -0.5825 0.81283
vn 0.00112 0.7622 0.64734
vn -0.00236 -0.36873 0.92953
vn -0.00046 0.12347 0.99235
vn -0.00284 0.99963 0.02696
vn -0.00254 -0.994 0.10936
vn 0.29278 -0.03089 0.95568
vn 0.11922 -0.00909 0.99283
vn -0.00047 0.99949 0.032
vn 0.00036 0.72991 0.68355
vn -0.00051 0.1865 0.98245
vn 0.00196 0.86609 0.49988
vn -0.0014 -0.2067 0.9784
vn -0.0119 -0.9991 0.04067
vn -0.43889 -0.05854 0.89663
vn -0.11952 -0.08144 0.98949
vn -0.00188 -0.99327 0.11582
vn 0.04768 -0.01601 0.99873
vn -0.00058 -0.98314 0.18285
vn 0.00154 0.99712 0.07578
vn -0.00215 -0.55898 0.82918
vn -0.00063 -0.72596 0.68774
vn 0.00323 0.20906 0.9779
vn 0.00519 0.9994 0.03435
vn -0.00416 0.99909 0.04244
vn 0.00927 -0.03615 0.9993
vn -0.02944 -0.0108 0.99951
vn -3E-05 -0.39275 0.91965
vn -0.001 -0.14333 0.98967
vn 0.00388 0.55246 0.83353
vn 0.00298 0.62307 0.78216
vn -0.00051 -0.14363 0.98963
vn 0.00106 -0.11215 0.99369
vn 0.00172 0.24408 0.96975
vn -0.00125 -0.71782 0.69623
vn 0.00271 0.99915 0.04116
vn -0.00338 -0.5969 0.80231
vn 0.00016 -0.59816 0.80138
vn -0.00041 -0.28364 0.95893
vn -0.00315 -0.67091 0.74154
vn 0.00042 -0.4513 0.89237
vn 0.00256 0.99963 0.0269
vn 0.00463 0.99838 0.05668
vn 0.16043 -0.45651 0.87513
vn 0.00127 -0.99605 0.08879
vn 0.00191 0.55613 0.8311
vn 0.0025 0.16115 0.98693
vn 0.00037 0.45106 0.8925
vn -0.00045 0.80558 0.59248
vn 0.00265 0.80452 0.59392
vn -0.00276 -0.93397 0.35734
vn 0.01147 0.08433 0.99637
vn -0.0154 0.87236 0.48863
vn 0.11669 -0.07525 0.99031
vn -0.00034 -0.99418 0.10773
vn -0.03813 -0.05875 0.99754
vn -0.30148 -0.03036 0.95299
vn 0.26472 -0.01282 0.96424
vn -0.09323 -0.00918 0.9956
vn -0.00075 -0.27198 0.9623
vn 0.00106 0.5058 0.86265
vn 0.00371 0.61465 0.78879
vn -0.00066 -0.79991 0.60011
vn -4E-05 -0.45427 0.89086
vn 0.00037 0.18719 0.98232
vn 0.00081 0.31363 0.94954
vn 0.00357 0.99987 0.01588
vn -0.00809 -0.99402 0.10892
vn 0.00972 -0.01552 0.99983
vn -0.001 0.25178 0.96778
vn -0.00046 -0.50659 0.86219
vn 0.00031 -0.15305 0.98822
vn 0.00355 -0.28527 0.95844
vn -0.0013 -0.34601 0.93823
vn 0.008 0.99144 0.13031
vn 0.00875 0.76235 0.64711
vn 0.0542 -0.06675 0.9963
vn 0.00288 0.99729 0.07345
vn 0.00346 0.89133 0.45335
vn 0.00231 -0.37355 0.92761
vn 0.00572 -0.95203 0.30596
vn 0.00357 -0.00368 0.99999
vn 0.00391 0.00294 0.99999
vn -0.0328 0.00121 0.99946
vn 0.00862 0.00173 0.99996
vn 0.00536 -0.00016 0.99999
vn 0.08501 0.00102 0.99638
vn 0.08559 -0.01434 0.99623
vn 0.1109 0.00096 0.99383
vn 0.18807 -0.00574 0.98214
vn -0.40896 -0.00032 0.91255
vn -0.0824 -0.00019 0.9966
vn 0.29757 0.0013 0.9547
vn -0.1046 0.00117 0.99451
vn -0.01065 0.00073 0.99994
vn -0.63085 -0.0002 0.77591
vn 0.01019 0.00505 0.99994
vn 0.25625 -0.00051 0.96661
vn 0.01031 -0.0037 0.99994
vn 0.01197 0.00291 0.99992
vn 0.00655 -0.00165 0.99998
vn 0.09224 0.00242 0.99573
vn 0.01025 -0.00075 0.99995
vn 0.21649 -0.0024 0.97628
vn -0.3799 -0.00443 0.92502
vn 0.36632 0.00134 0.93049
vn 0.13173 0.00127 0.99129
vn -0.07867 0.00019 0.9969
vn -0.19322 -0.00014 0.98116
vn 0.00479 0.00079 0.99999
vn -0.06092 0.00361 0.99814
vn -0.35843 0.00258 0.93355
vn -0.6141 -0.00028 0.78923
vn -0.04945 0.0016 0.99878
vn 0.05406 -0.00859 0.9985
vn 0.00985 0.00247 0.99995
vn 0.00946 0.00234 0.99995
vn 0.08945 0.00214 0.99599
vn 0.06758 0.00217 0.99771
vn -0.32167 -0.0042 0.94684
vn -0.06163 0.00268 0.9981
vn 0.19148 0.00068 0.9815
vn -0.46206 0.00121 0.88685
vn -0.06884 0.00181 0.99763
vn 0.30981 0.0024 0.9508
vn -0.19942 0.00054 0.97991
vn -0.25388 0.00115 0.96724
vn 0.01202 0.00346 0.99992
vn 0.0085 0.00328 0.99996
vn 0.00897 -0.00172 0.99996
vn -0.20186 0.00292 0.97941
vn 0.00368 0.00509 0.99998
vn 0.00189 0.03795 0.99928
vn 0.00545 0.03 0.99954
vn 0.06444 0.03986 0.99713
vn 0.09545 0.00961 0.99539
vn 0.06955 0.05396 0.99612
vn -0.31112 0.00093 0.95037
vn -0.17221 -0.0027 0.98506
vn 0.26365 0.00928 0.96457
vn -0.31225 0.01314 0.94991
vn -0.08293 0.00497 0.99654
vn 0.32441 0.03362 0.94532
vn -0.14625 0.03373 0.98867
vn 0.00355 0.01812 0.99983
vn 0.00282 0.03804 0.99927
vn -0.33979 0.03818 0.93973
vn -0.08454 0.03521 0.9958
vn 0.33075 0.04358 0.94271
vn -0.33841 0.0407 0.94012
vn 0.0051 -0.00167 0.99999
vn 0.00498 0.03785 0.99927
vn 0.04704 0.03549 0.99826
vn 0.00582 0.00267 0.99998
vn 0.06336 0.02654 0.99764
vn 0.19032 0.00508 0.98171
vn 0.07717 0.03672 0.99634
vn 0.01978 -0.00128 0.9998
vn 0.30095 0.00716 0.95361
vn -0.31358 0.01027 0.94951
vn 0.27699 0.03068 0.96038
vn -0.07516 0.04298 0.99624
vn -0.41686 0.0352 0.90829
vn -0.05635 0.0181 0.99825
vn 0.00993 0.00491 0.99994
vn -0.58865 0.03351 0.80769
vn 0.00725 0.03353 0.99941
vn -0.30291 0.03312 0.95244
vn -0.04158 0.03887 0.99838
vn -0.01726 0.02901 0.99943
vn 0.0446 0.03758 0.9983
vn 0.06142 0.00217 0.99811
vn 0.08727 0.03003 0.99573
vn 0.05431 0.01845 0.99835
vn -0.31884 0.00265 0.9478
vn -0.13058 0.00878 0.9914
vn 0.29429 0.01699 0.95557
vn -0.35207 0.0219 0.93572
vn -0.35306 0.03431 0.93497
vn -0.05183 0.03545 0.99803
vn 0.31224 0.03577 0.94933
vn 0.13837 0.03854 0.98963
vn -0.13007 0.04213 0.99061
vn -0.5025 0.0443 0.86344
vn -0.01975 0.03932 0.99903
vn -0.00328 0.00125 0.99999
vn -0.00378 0.00533 0.99998
vn 0.00061 0.02715 0.99963
vn 0.00621 0.03758 0.99927
vn 0.00517 0.81733 0.57615
vn 0.00294 0.99258 0.12153
vn -0.00144 -0.98825 0.15281
vn 0.00333 -0.79666 0.60442
vn -3E-05 -0.6109 0.79171
vn 0.00364 0.37647 0.92642
vn 0.00298 -0.99629 0.086
vn 0.27559 -0.05676 0.9596
vn 0.00021 0.16569 0.98618
vn -0.00163 -0.23687 0.97154
vn -0.00065 -0.61255 0.79043
vn -0.00113 -0.09121 0.99583
vn 0.00052 0.66532 0.74655
vn -2E-05 0.0784 0.99692
vn 0.0026 0.79223 0.61022
vn -0.37743 -0.21537 0.90065
vn -0.06657 -0.20496 0.9765
vn -0.37622 -0.01135 0.92646
vn 0.00198 -0.99687 0.079
vn 0.45556 -0.00979 0.89015
vn -0.00254 -0.60056 0.79957
vn -0.00042 -0.53041 0.84774
vn 0.00542 0.55059 0.83476
vn 0.00064 -0.87578 0.48271
vn -0.01236 -0.55548 0.83144
vn 0.00049 -0.81903 0.57375
vn -0.00103 -0.23713 0.97148
vn 0.00081 -0.24797 0.96877
vn 0.00129 0.4753 0.87983
vn 0.00622 0.99779 0.06616
vn 0.00997 -0.08276 0.99652
vn 0.01341 -0.014 0.99981
vn 0.00059 -0.25629 0.9666
vn 0.00084 0.46569 0.88495
vn 0.00044 0.73405 0.67909
vn 0.00044 0.49856 0.86685
vn 0.00535 0.65549 0.75518
vn 0.00609 0.54473 0.83859
vn 0.00537 -0.27055 0.96269
vn 0.00035 -0.18507 0.98273
vn -0.00029 0.43972 0.89813
vn -0.00119 -0.99999 0.00516
vn 0.0008 -0.97607 0.21744
vn -0.00364 -0.26598 0.96397
vn -0.00014 -0.53454 0.84514
vn 0.00468 0.99778 0.0664
vn 0.0018 0.69448 0.71951
vn 0.06656 -0.98518 0.15807
vn 0.04483 -0.045 0.99798
vn 0.00375 0.9999 0.01397
vn 0.00101 -0.64082 0.76769
vn -0.00074 -0.50842 0.86111
vn 0.00401 0.62236 0.78272
vn 0.00089 -0.50773 0.86152
vn 0.00037 -0.82038 0.57182
vn 0.00235 0.14675 0.98917
vn 0.2806 -0.03966 0.95901
vn -0.29086 -0.62306 0.72608
vn -0.32068 -0.00976 0.94714
vn 0.11381 -0.01193 0.99343
vn -0.00194 0.25532 0.96686
vn 0.00174 -0.18933 0.98191
vn 0.00063 0.1681 0.98577
vn 0.00048 0.50325 0.86414
vn 0.00183 0.99694 0.07815
vn 0.00432 0.87675 0.48092
vn -0.11233 -0.04509 0.99265
vn -0.02498 -0.99525 0.09414
vn -0.06507 -0.00324 0.99788
vn 0.00341 0.32117 0.94701
vn -0.0007 0.66008 0.75119
vn 0.00021 -0.91164 0.411
vn 0.00015 -0.09283 0.99568
vn 0.00225 -0.28317 0.95907
vn 0.00011 -0.14229 0.98983
vn -0.00071 0.60701 0.79469
vn 0.00793 -0.048 0.99882
vn 0.00062 -0.99745 0.07141
vn 0.00094 0.55183 0.83395
vn 0.00829 -0.5868 0.80969
vn 0.00928 0.64935 0.76044
vn 0.00526 0.5973 0.802
vn 0.00222 -0.69389 0.72008
vn 0.00027 0.05263 0.99861
vn 0.00197 0.99646 0.08408
vn 0.00176 -0.2737 0.96181
vn 0.00501 -0.55407 0.83245
vn 0.00213 0.12285 0.99242
vn -0.00017 0.73749 0.67535
vn 1E-05 0.43715 0.89939
vn 0.00318 -0.13012 0.99149
vn 0.00056 -0.53752 0.84325
vn 0.00261 -0.44283 0.8966
vn 0.00086 0.62545 0.78027
vn 0.07587 -0.01063 0.99706
vn 0.00544 -0.00097 0.99998
vn 0.06221 -0.42103 0.90491
vn 0.00179 0.30744 0.95156
vn 0.00158 -0.99467 0.10305
vn 0.00313 0.9728 0.23162
vn 0.00124 -0.90351 0.42857
vn 0.00438 -0.2528 0.96751
vn 0.00285 0.99994 0.01015
vn 0.28658 -0.08093 0.95463
vn -0.00852 -0.99918 0.0395
vn -0.32366 -0.0883 0.94204
vn -0.21906 -0.05472 0.97418
vn 0.29168 -0.00363 0.95651
vn -0.29607 -0.00673 0.95514
vn 0.003 -0.20373 0.97902
vn 0.00112 -0.36888 0.92948
vn -0.00192 0.78758 0.61621
vn 0.00125 -0.77598 0.63076
vn 0.00133 0.65992 0.75134
vn -0.10327 0.00058 0.99465
vn 0.00591 -0.03319 0.99943
vn 0.02509 -0.91447 0.40387
vn 0.00216 -0.19515 0.98077
vn 0.00068 -0.77489 0.6321
vn 0.00113 -0.28777 0.9577
vn 0.0067 -0.99773 0.06695
vn 0.00177 0.88287 0.46962
vn 0.00021 -0.25018 0.9682
vn 0.00235 0.22302 0.97481
vn 0.00243 -0.0848 0.9964
vn 0.00763 -0.05278 0.99858
vn 0.00114 0.21317 0.97702
vn 0.00167 -0.99057 0.13702
vn 0.004 0.48727 0.87324
vn 0.00277 0.01583 0.99987
vn 0.00097 0.30021 0.95387
vn 0.00038 -0.89629 0.44347
vn 9E-05 0.0035 0.99999
vn 0.04989 -0.16682 0.98472
vn -0.00042 -0.48785 0.87292
vn 0.00118 -0.57562 0.81771
vn 0.00116 0.52872 0.84879
vn -0.00094 -0.99983 0.01828
vn 0.00265 0.96572 0.25957
vn 0.00707 0.82726 0.56178
vn 0.00096 -0.89764 0.44074
vn 0.00214 -0.46249 0.88662
vn 0.00318 -0.32921 0.94425
vn 0.00033 0.68959 0.7242
vn -0.00013 0.98491 0.17308
vn 0.00016 0.99991 0.01313
vn 0.11356 0.003 0.99353
vn 0.33482 -0.05988 0.94038
vn 0.00261 -0.08743 0.99617
vn 0.00052 0.50099 0.86545
vn 0.00112 0.58272 0.81267
vn 0.005 0.63546 0.77212
vn 0.00107 -0.15999 0.98712
vn 0.00262 -0.26271 0.96487
vn 0.00144 -0.61359 0.78962
vn 0.05464 -0.0109 0.99845
vn 0.05286 0.00231 0.9986
vn 0.61083 0.00465 0.79175
vn 0.04366 0.0051 0.99903
vn -0.13107 -0.00806 0.99134
vn 0.0658 -0.00336 0.99783
vn 0.48156 0.00166 0.87641
vn -0.4531 0.00074 0.89146
vn 0.01242 0.00374 0.99992
vn -0.07974 0.00421 0.99681
vn 0.02269 0.00377 0.99974
vn -0.35155 0.00435 0.93616
vn -0.71458 0.00286 0.69955
vn -0.09599 0.00424 0.99537
vn 0.25656 0.00463 0.96652
vn -0.43594 0.003 0.89997
vn 0.00894 0.00482 0.99995
vn 0.0076 0.00055 0.99997
vn 0.06405 0.00471 0.99794
vn 0.0763 0.00491 0.99707
vn 0.08017 0.00409 0.99677
vn 0.26212 -0.00381 0.96503
vn 0.29836 0.00445 0.95444
vn -0.36652 0.00369 0.9304
vn -0.35941 0.00377 0.93317
vn 0.18036 0.00502 0.98359
vn 0.00471 0.00385 0.99998
vn -0.11225 0.00313 0.99368
vn 0.00147 0.00457 0.99999
vn -0.09387 0.00344 0.99558
vn 0.00013 0.00231 1
vn 0.03631 0.00402 0.99933
vn 0.05363 0.00414 0.99855
vn 0.10667 0.00474 0.99428
vn -0.29935 0.0058 0.95413
vn -0.05566 0.00829 0.99842
vn 0.18557 0.00744 0.9826
vn -0.33674 0.00694 0.94157
vn -0.06062 0.00305 0.99816
vn 0.28641 0.00413 0.9581
vn -0.6097 0.0003 0.79263
vn -0.17876 -0.0013 0.98389
vn -0.00199 0.00469 0.99999
vn -0.00058 0.00114 1
vn 0.074 0.00806 0.99723
vn 0.01176 -0.00104 0.99993
vn 0.21798 0.00494 0.97594
vn 0.0272 0.00156 0.99963
vn 0.17505 -0.00093 0.98456
vn 0.05115 0.02293 0.99843
vn 0.07271 0.0385 0.99661
vn -0.31735 0.01409 0.9482
vn 0.39847 0.01439 0.91707
vn -0.09896 0.01922 0.99491
vn 0.00895 0.00392 0.99995
vn 0.00997 0.01406 0.99985
vn 0.26258 0.03161 0.96439
vn -0.33885 0.03045 0.94035
vn -0.10694 0.03543 0.99363
vn 0.18441 0.02922 0.98241
vn -0.46703 0.02522 0.88388
vn -0.09094 0.03193 0.99534
vn 0.00703 0.03193 0.99947
vn 0.00716 0.03476 0.99937
vn 0.01143 0.00098 0.99993
vn 0.00906 0.03073 0.99949
vn 0.06036 0.00751 0.99815
vn 0.0803 0.03729 0.99607
vn 0.03984 0.03549 0.99858
vn 0.12564 0.03924 0.9913
vn 0.31068 0.01571 0.95039
vn -0.29887 0.00805 0.95426
vn -0.24745 0.02699 0.96852
vn 0.26692 0.03958 0.9629
vn -0.19989 0.04536 0.97877
vn -0.41366 0.00252 0.91043
vn -0.0907 0.00509 0.99587
vn 0.00732 0.00665 0.99995
vn -0.09112 0.02063 0.99563
vn 0.00201 0.02522 0.99968
vn -0.08004 0.03647 0.99612
vn -0.04624 0.03615 0.99828
vn 0.00507 0.03784 0.99927
vn 0.03901 0.05036 0.99797
vn 0.05057 0.02968 0.99828
vn 0.0621 0.00528 0.99806
vn 0.01559 0.02748 0.9995
vn 0.22037 0.00396 0.97541
vn -0.30423 0.00814 0.95257
vn -0.05585 0.00151 0.99844
vn 0.29453 0.02805 0.95523
vn -0.03283 0.01492 0.99935
vn -0.35087 0.02588 0.93607
vn 0.16988 0.0413 0.9846
vn -0.12758 0.03405 0.99124
vn -0.09922 0.03925 0.99429
vn -0.04652 0.03599 0.99827
vn 0.01123 -0.00028 0.99994
vn 0.006 0.03243 0.99946
vn 0.0499 0.00599 0.99874
vn 0.05495 0.02622 0.99815
vn 0.00693 0.02928 0.99955
vn 0.0901 0.0327 0.9954
vn 0.34394 0.00522 0.93898
vn 0.07009 0.02481 0.99723
vn -0.0665 -0.23462 0.96981
vn -0.25977 -0.00742 0.96564
vn -0.16157 0.01327 0.98677
vn 0.00209 -0.5774 0.81646
vn 0.00248 -0.98681 0.16187
vn 0.00242 0.88873 0.45843
vn -0.00402 -0.90054 0.43475
vn 0.00223 -0.51173 0.85915
vn 0.00554 0.17396 0.98474
vn 0.00369 0.65739 0.75354
vn 0.01692 0.00811 0.99982
vn -0.0005 -0.99676 0.08044
vn 0.00919 -0.07372 0.99724
vn 0.00281 -0.43052 0.90258
vn 0.00181 0.57477 0.81832
vn 0.00288 -0.63815 0.76991
vn 0.00266 0.06933 0.99759
vn 0.01477 -0.04366 0.99894
vn 0.00208 0.15669 0.98764
vn 0.00168 0.55777 0.82999
vn -0.00052 -0.12922 0.99162
vn 0.0008 0.72275 0.69111
vn -0.00082 0.60203 0.79847
vn 0.00228 -0.07672 0.99705
vn 0.00121 -0.19389 0.98102
vn 0.00329 -0.32607 0.94534
vn 0.0021 0.13583 0.99073
vn 0.00627 -0.41994 0.90753
vn 0.00097 0.99669 0.08132
vn -0.0015 0.99992 0.01223
vn 0.0098 -0.99538 0.09555
vn 0.0028 -0.2369 0.97153
vn 0.00371 0.18561 0.98262
vn 0.0012 0.4314 0.90216
vn 0.00116 0.45146 0.89229
vn 0.00326 -0.80487 0.59344
vn 0.00313 -0.69809 0.71601
vn 0.006 -0.99442 0.10528
vn 0.01927 0.81403 0.5805
vn 0.20036 -0.2536 0.94633
vn 0.04882 0.00534 0.99879
vn 0.28739 -0.00128 0.95781
vn 0.16744 -0.03588 0.98523
vn -0.00087 0.98158 0.19107
vn 0.00296 -0.43892 0.89852
vn 0.00237 -0.52594 0.85052
vn 0.00287 -0.44135 0.89733
vn -8E-05 0.30555 0.95217
vn 0.00903 0.49285 0.87007
vn 0.00208 0.81471 0.57986
vn -0.00228 0.99146 0.13039
vn -0.37236 -0.03263 0.92751
vn -0.02074 -0.99423 0.10528
vn -0.14695 -0.04159 0.98827
vn 0.00336 -0.99571 0.09248
vn -0.32859 0.00399 0.94446
vn 0.00126 -0.11652 0.99319
vn 0.02459 -0.62225 0.78243
vn 0.00326 -0.27313 0.96197
vn 0.00189 -0.5902 0.80726
vn 0.01836 -0.0253 0.99951
vn -0.02335 0.00297 0.99972
vn 0.0026 -0.28194 0.95943
vn 0.00134 0.32348 0.94623
vn 0.00443 -0.99903 0.04383
vn -0.003 0.88341 0.46859
vn 0.00787 -0.13008 0.99147
vn 0.00306 -0.54876 0.83597
vn 0.00185 -0.13599 0.99071
vn -0.00019 0.82098 0.57095
vn 0.02289 0.00729 0.99971
vn 0.06273 -0.00018 0.99803
vn 0.00442 -0.18917 0.98193
vn 0.00033 0.2521 0.9677
vn 0.00166 -0.9954 0.09579
vn -0.00309 0.55626 0.831
vn -0.00501 0.96894 0.24724
vn 0.00239 -0.84434 0.53579
vn -0.00066 -0.07509 0.99718
vn 0.00223 -0.60652 0.79506
vn 0.0021 -0.03073 0.99953
vn 0.02902 -0.95064 0.30894
vn -0.00048 0.62076 0.784
vn 0.00188 -0.36352 0.93158
vn -0.00054 0.04734 0.99888
vn 0.00175 0.45992 0.88796
vn -0.00833 -0.99901 0.04368
vn -0.01482 -0.31668 0.94842
vn -0.00085 -0.24902 0.9685
vn 0.0018 -0.96925 0.24607
vn -0.00226 0.83434 0.55124
vn -0.00402 0.99883 0.0482
vn 0.1461 -0.06 0.98745
vn 0.33694 -0.00999 0.94147
vn -0.22177 -0.0554 0.97352
vn -0.00364 0.99983 0.018
vn 0.00234 -0.51061 0.85981
vn -0.00638 0.58775 0.80901
vn -0.00519 -0.54895 0.83584
vn -0.09792 -0.06244 0.99323
vn 0.00161 -0.99675 0.08048
vn 0.00158 -0.22765 0.97374
vn 0.00214 -0.36106 0.93254
vn -0.00012 0.64895 0.76083
vn -0.00161 0.77697 0.62953
vn -0.00212 -0.10175 0.99481
vn 0.00078 -0.57103 0.82093
vn 0.00084 -0.80051 0.59932
vn -0.00072 0.63688 0.77096
vn -0.00472 0.99621 0.0869
vn 0.02557 -0.06224 0.99773
vn 0.01266 -0.00886 0.99988
vn 0.02356 -0.99371 0.10951
vn 0.00029 0.75884 0.65127
vn -0.00339 -0.24309 0.97
vn 0.00122 -0.44776 0.89415
vn 0.00096 0.40455 0.91452
vn 0.00119 -0.45149 0.89228
vn -0.0043 0.99984 0.0176
vn 0.05168 -0.07609 0.99576
vn 0.00131 -0.5728 0.81969
vn 0.004 0.07263 0.99735
vn 0.00535 -0.09796 0.99518
vn 0.00085 -0.96315 0.26898
vn 0.00219 -0.99928 0.03792
vn -0.00491 0.87544 0.4833
vn -0.00554 0.75442 0.65637
vn -0.00594 0.57948 0.81496
vn 0.00187 -0.12802 0.99177
vn 0.00306 -0.91582 0.40158
vn 0.00091 -0.3048 0.95242
vn 0.00043 0.16413 0.98644
vn -0.01231 0.7929 0.60923
vn 0.00901 -0.99995 -0.00441
vn 0.00198 -0.2329 0.9725
vn 0.00055 0.52174 0.85311
vn -0.0065 0.94186 0.33595
vn 0.00184 -0.46983 0.88276
vn 0.0018 -0.30103 0.95361
vn -0.00503 0.69229 0.7216
vn 0.41844 -0.02334 0.90795
vn -0.28806 -0.02211 0.95736
vn -0.13487 -0.21824 0.96653
vn 0.22298 -0.00338 0.97482
vn 0.06224 -0.0131 0.99798
vn -0.05216 -0.00087 0.99864
vn 0.0036 -0.53145 0.84708
vn 0.00097 0.17281 0.98495
vn 0.00252 -0.88093 0.47324
vn -0.00121 0.12214 0.99251
vn 0.00034 0.06919 0.9976
vn -0.00435 0.9947 0.10273
vn -0.00457 0.99471 0.10264
vn 0.01263 -0.16784 0.98573
vn 0.00243 -0.53123 0.84723
vn 0.0029 -0.55029 0.83497
vn 0.00106 -0.25439 0.9671
vn -6E-05 0.509 0.86077
vn 0.00226 -0.98356 0.18059
vn -0.00391 0.67241 0.74017
vn 0.00226 -0.05653 0.9984
vn 0.00069 -0.45248 0.89177
vn 0.00243 -0.44991 0.89307
vn 0.00216 -0.76841 0.63996
vn 0.00079 0.31351 0.94959
vn -0.36742 0.01589 0.92992
vn 0.14285 0.00558 0.98973
vn -0.06176 0.00733 0.99806
vn -0.43143 0.0089 0.9021
vn 0.33425 -0.00153 0.94248
vn -0.41625 0.00262 0.90925
vn -0.10559 -0.00353 0.9944
vn 0.01581 0.00026 0.99988
vn 0.01992 -0.0011 0.9998
vn -0.37618 -0.00437 0.92654
vn 0.02146 0.00159 0.99977
vn 0.055 0.00367 0.99848
vn 0.09806 -0.00127 0.99518
vn 0.01103 -0.00048 0.99994
vn 0.2076 0.00128 0.97821
vn 0.16472 0.00146 0.98634
vn 0.01845 0.00638 0.99981
vn -0.09331 0.00534 0.99562
vn -0.1663 0.00306 0.98607
vn -0.63975 0.00453 0.76857
vn -0.67208 0.00671 0.74045
vn 0.0179 0.00521 0.99983
vn -0.07204 0.00478 0.99739
vn 0.01645 0.00327 0.99986
vn 0.09827 0.00426 0.99515
vn 0.09883 0.00496 0.99509
vn 0.08015 0.00625 0.99676
vn -0.04753 -0.00908 0.99883
vn 0.23064 -9E-05 0.97304
vn -0.37226 0.00263 0.92813
vn -0.15008 0.0099 0.98862
vn -0.37051 0.00782 0.92879
vn 0.31189 0.0054 0.9501
vn -0.02293 0.00621 0.99972
vn -0.40242 0.0079 0.91542
vn -0.72089 0.00494 0.69304
vn -0.0819 0.00604 0.99662
vn 0.01007 0.00803 0.99992
vn 0.04787 0.00871 0.99882
vn 0.00616 0.00451 0.99997
vn -0.0052 0.01338 0.9999
vn 0.07428 -0.00106 0.99724
vn 0.08841 0.00885 0.99604
vn 0.23387 0.00555 0.97225
vn -0.31054 0.00492 0.95055
vn -0.08812 0.00456 0.9961
vn 0.01373 0.00547 0.99989
vn -0.11423 0.00784 0.99342
vn 0.01436 0.00658 0.99988
vn -0.25699 0.00942 0.96637
vn 0.01423 0.00925 0.99986
vn -0.0592 -0.00596 0.99823
vn -0.60301 -0.00288 0.79773
vn -0.39509 0.01429 0.91853
vn -0.04034 0.01057 0.99913
vn 0.32602 0.03001 0.94489
vn -0.12799 0.03373 0.9912
vn -0.2497 0.03061 0.96784
vn 0.00623 0.03053 0.99951
vn 0.27589 0.03421 0.96058
vn -0.46779 0.02231 0.88356
vn -0.03663 0.0316 0.99883
vn 0.0143 0.03123 0.99941
vn 0.00029 0.01035 0.99995
vn 0.08764 0.02724 0.99578
vn 0.05034 0.01553 0.99861
vn -0.19299 0.00524 0.98119
vn 0.2115 0.01296 0.97729
vn 0.07296 0.02973 0.99689
vn 0.30957 0.03235 0.95033
vn -0.24187 0.02523 0.96998
vn -0.06249 0.04015 0.99724
vn -0.42135 0.01358 0.9068
vn -0.03194 0.00684 0.99947
vn 0.00827 0.01933 0.99978
vn -0.15297 0.02364 0.98795
vn 0.00492 0.02826 0.99959
vn -0.1475 0.0277 0.98867
vn 0.01591 0.00556 0.99986
vn 0.00454 0.02659 0.99964
vn 0.00992 0.02083 0.99973
vn 0.0947 0.01242 0.99543
vn 0.05453 0.02575 0.99818
vn 0.0927 0.0224 0.99544
vn 0.1603 0.0109 0.98701
vn -0.38256 0.01287 0.92384
vn -0.04191 0.01284 0.99904
vn -0.41316 0.01549 0.91053
vn 0.26548 0.0178 0.96395
vn -0.05333 0.02185 0.99834
vn 0.31714 0.02409 0.94807
vn -0.20298 0.01858 0.97901
vn -0.43864 0.01272 0.89858
vn -0.02946 0.01751 0.99941
vn 0.01598 0.01677 0.99973
vn 0.02186 0.02393 0.99947
vn 0.04518 0.00978 0.99893
vn 0.01841 0.02205 0.99959
vn 0.0698 0.02086 0.99734
vn 0.26788 0.01303 0.96336
vn 0.33017 0.02408 0.94361
vn 0.13332 0.02432 0.99077
vn -0.27256 0.01135 0.96207
vn -0.07415 0.00749 0.99722
vn -0.06594 0.00865 0.99779
vn 0.01613 0.0045 0.99986
vn 0.01618 0.0116 0.9998
vn -0.29486 0.02261 0.95527
vn -0.03972 0.0226 0.99896
vn -0.08578 0.02675 0.99595
vn 0.0167 0.02741 0.99948
vn -0.13325 0.03185 0.99057
vn 0.01036 -0.99769 0.06716
vn 0.01663 -0.01865 0.99969
vn -0.00032 0.61467 0.78879
vn -0.00042 0.76855 0.63978
vn 0.00099 -0.15655 0.98767
vn 0.00015 -0.16099 0.98696
vn 0.0008 -0.59648 0.80263
vn -0.00162 0.99819 0.06009
vn 0.00094 0.70902 0.70518
vn 0.11733 -0.49334 0.86189
vn 0.00263 -0.99951 0.03128
vn -0.0025 0.99962 0.02739
vn -0.00342 0.88084 0.47341
vn 0.00172 -0.93231 0.36166
vn -0.00485 -0.61682 0.78709
vn 0.0039 -0.78077 0.6248
vn 0.00166 -0.57867 0.81556
vn 0.00263 -0.29053 0.95686
vn -0 0.04515 0.99898
vn -0.00058 0.99803 0.06269
vn 0.08299 -0.00352 0.99654
vn 0.28017 -0.00831 0.95991
vn -0.38049 -0.07805 0.92149
vn 0.00147 -0.24336 0.96994
vn 0.00349 -0.60793 0.79399
vn 7E-05 0.27329 0.96193
vn 0.00229 -0.22119 0.97523
vn -0.00025 0.52429 0.85154
vn -0.00493 0.52525 0.85093
vn -0.00421 0.5615 0.82747
vn 0.00191 -0.80653 0.59119
vn -0.00132 0.63294 0.7742
vn -0.00728 0.48752 0.87308
vn 0.00141 0.70545 0.70876
vn -0.0091 -0.99949 0.03057
vn -0.0285 -0.0387 0.99884
vn -0.59002 -0.00347 0.80738
vn -0.00017 0.04353 0.99905
vn 0.00214 -0.99946 0.03265
vn 0.00202 -0.91155 0.4112
vn 0.00438 0.04383 0.99903
vn 7E-05 0.08484 0.99639
vn -0.00713 -0.01946 0.99979
vn -0.00035 0.99857 0.05345
vn -0.0014 0.99966 0.026
vn 0.01405 -0.97981 0.19945
vn 0.01186 -0.02042 0.99972
vn -0.02066 -0.00043 0.99979
vn 0.01904 -0.99483 0.09974
vn 0.00292 -0.51329 0.85821
vn 0.00414 -0.04978 0.99875
vn 0.00343 -0.3765 0.92641
vn 0.00297 -0.55626 0.83101
vn -0.00531 0.99734 0.07274
vn 0.00188 -0.28405 0.95881
vn -0.00084 0.3429 0.93937
vn 0.0053 -0.31347 0.94958
vn 0.00166 -0.01026 0.99995
vn 0.00066 -0.99479 0.10196
vn -0.00135 0.75911 0.65097
vn 0.00306 -0.81493 0.57955
vn -0.40929 -0.15262 0.89955
vn -0.01452 -0.99922 -0.03671
vn -0.00095 0.61116 0.79151
vn 0.00233 -0.49826 0.86702
vn 0.0027 0.25067 0.96807
vn 0.00036 0.64894 0.76084
vn 0.00097 -0.90619 0.42287
vn 0.00722 -0.09046 0.99587
vn 0.00652 0.04886 0.99878
vn 0.00182 -0.3265 0.94519
vn 0.00127 -0.42548 0.90497
vn -0.00462 0.04845 0.99881
vn -0.00316 0.99985 0.01677
vn 0.15104 -0.01786 0.98837
vn 0.22389 -0.01887 0.97443
vn 0.06723 -0.00036 0.99774
vn -0.04587 -0.03457 0.99835
vn -0.13676 0.00052 0.9906
vn 0.00226 -0.10815 0.99413
vn -0.00326 0.87829 0.47812
vn -0.00398 0.88999 0.45596
vn -0.00411 0.66199 0.7495
vn 0.00287 -0.07711 0.99702
vn 0.00048 0.10323 0.99466
vn 0.00457 0.40492 0.91434
vn -0.0096 0.99434 0.10583
vn -0.01207 0.76598 0.64275
vn 0.00403 -0.76629 0.64248
vn 0.00154 -0.99854 0.05395
vn 0.00021 0.34742 0.93771
vn 0.00037 -0.81831 0.57477
vn -0.00469 0.54547 0.83812
vn 0.00454 -0.59001 0.80739
vn -0.00314 0.99656 0.08281
vn -0.00708 0.84426 0.53588
vn 0.00099 -0.28844 0.9575
vn 0.00324 -0.46128 0.88725
vn 0.00208 -0.57732 0.81651
vn 6E-05 -0.39818 0.91731
vn 0.0019 0.56246 0.82682
vn -0.00288 0.63916 0.76907
vn -0.0026 -0.30287 0.95303
vn 0.00526 -0.95485 0.29703
vn 0.00119 -0.06446 0.99792
vn -0.0008 0.68277 0.73064
vn -0.00327 0.99601 0.08921
vn -0.00363 0.99982 0.01885
vn 0.01664 -0.03793 0.99914
vn 0.00178 0.15874 0.98732
vn -0.0018 0.71425 0.69989
vn 0.00391 0.12056 0.9927
vn 0.00291 -0.79027 0.61275
vn -0.00048 0.01918 0.99982
vn 0.00231 0.87698 0.48052
vn 0.14331 -0.02274 0.98942
vn 0.01529 -0.00344 0.99988
vn 0.00893 -0.98935 0.14529
vn -0.00402 0.38226 0.92405
vn -0.00055 0.03498 0.99939
vn -0.00075 0.60495 0.79626
vn 0.0006 -0.9997 0.02461
vn -0.00489 0.99968 0.0249
vn 0.00978 -0.09132 0.99577
vn 0.26293 -0.05521 0.96323
vn -0.28109 -0.07346 0.95687
vn -0.02941 -0.87827 0.47726
vn -0.39665 -0.00192 0.91797
vn -0.10461 -0.0163 0.99438
vn 0.00261 -0.34325 0.93924
vn 0.00097 -0.9971 0.07604
vn 0.00903 -0.75256 0.65846
vn 0.0007 0.25085 0.96803
vn 0.00181 -0.55117 0.83439
vn -0.00336 0.99233 0.12357
vn -0.00533 0.99984 0.01687
vn 0.01846 -0.01505 0.99972
vn 0.00214 -0.03663 0.99933
vn 0.00272 -0.49324 0.86989
vn -0.00508 0.87045 0.49223
vn -0.00473 0.94997 0.31231
vn -0.00355 0.57866 0.81556
vn 0.00681 -0.95541 0.2952
vn 0.00896 -0.31585 0.94877
vn 0.00315 -0.86196 0.50696
vn 0.00245 -0.23683 0.97155
vn -0.00069 0.41647 0.90915
vn -0.00049 0.02082 0.99978
vn 0.00445 -0.48551 0.87422
vn 0.08294 -0.1937 0.97755
vn 0.00389 -0.55334 0.83295
vn 0.00839 -0.05348 0.99853
vn 0.005 -0.80431 0.59418
vn 0.00254 -0.29701 0.95487
vn 0.00074 0.22005 0.97549
vn 0.01513 0.00123 0.99988
vn 0.09694 0.00646 0.99527
vn 0.09332 0.00443 0.99563
vn -0.2852 0.00166 0.95847
vn 0.28748 0.00185 0.95779
vn 0.27047 0.00439 0.96272
vn -0.27723 0.00688 0.96078
vn -0.24248 0.00571 0.97014
vn -0.00519 0.00452 0.99998
vn -0.00288 0.00588 0.99998
vn -0.27656 0.00812 0.96096
vn 0.00927 0.00564 0.99994
vn 0.02957 0.00549 0.99955
vn -0.35978 0.00086 0.93304
vn 0.20245 0.00017 0.97929
vn 0.35807 0.0051 0.93368
vn 0.09461 0.00564 0.9955
vn -0.25689 0.00902 0.9664
vn -0.21488 0.00831 0.97661
vn 0.13608 0.00721 0.99067
vn -0.07999 0.00758 0.99677
vn 0.31494 0.00456 0.9491
vn -0.30359 0.00918 0.95276
vn 0.03671 0.00142 0.99933
vn 0.01058 -0.00144 0.99994
vn 0.01124 0.00467 0.99993
vn 0.02083 0.00525 0.99977
vn 0.06504 0.00163 0.99788
vn 0.13928 0.00391 0.99025
vn 0.24146 -0.00471 0.9704
vn 0.26794 0.00042 0.96343
vn 0.25665 0.00487 0.96649
vn 0.1155 0.00629 0.99329
vn -0.02249 -0.00093 0.99975
vn -0.32805 0.00157 0.94466
vn -0.33659 0.00643 0.94163
vn -0.15419 0.00293 0.98804
vn 0.00764 0.00472 0.99996
vn -0.11578 0.00873 0.99324
vn -0.05852 0.00715 0.99826
vn -0.35426 0.00867 0.93511
vn 0.05912 0.00283 0.99825
vn 0.05251 -0.00401 0.99861
vn 0.065 0.00558 0.99787
vn 0.01 0.00689 0.99993
vn 0.02486 0.00783 0.99966
vn 0.10409 0.00727 0.99454
vn 0.06093 0.02123 0.99792
vn 0.07988 0.02861 0.99639
vn -0.29743 0.00823 0.95471
vn 0.3337 0.01339 0.94258
vn -0.31218 0.01708 0.94987
vn 0.23873 0.03099 0.97059
vn -0.33223 0.02854 0.94277
vn -0.20651 0.043 0.9775
vn -0.00095 0.01453 0.99989
vn 0.00697 0.00675 0.99995
vn -0.25758 0.01829 0.96608
vn -0.12206 0.02968 0.99208
vn 0.01467 0.02616 0.99955
vn -0.02117 0.03469 0.99917
vn 0.0519 0.02554 0.99833
vn 0.00649 0.01661 0.99984
vn 0.11751 0.00928 0.99303
vn 0.08701 0.02077 0.99599
vn -0.48127 0.01107 0.8765
vn -0.01708 0.00881 0.99982
vn 0.08467 0.01022 0.99636
vn -0.02232 0.00861 0.99971
vn -0.32734 0.0176 0.94474
vn -0.04376 0.01898 0.99886
vn 0.33589 0.01847 0.94172
vn 0.25861 0.01984 0.96578
vn -0.06195 0.01942 0.99789
vn -0.40577 0.0242 0.91365
vn 7E-05 0.01625 0.99987
vn 0.02377 0.00836 0.99968
vn 0.02465 0.01287 0.99961
vn 0.06913 0.01989 0.99741
vn 0.05527 0.0078 0.99844
vn 0.02325 0.01991 0.99953
vn 0.0697 0.01686 0.99743
vn 0.31902 0.01323 0.94766
vn 0.23377 0.02128 0.97206
vn 0.0572 0.01518 0.99825
vn -0.29754 0.00974 0.95466
vn -0.32608 0.01047 0.94529
vn -0.43103 0.01794 0.90216
vn 0.00614 0.01242 0.9999
vn -0.36341 0.02189 0.93137
vn -0.3882 0.02387 0.92127
vn -0.06781 0.02328 0.99743
vn -0.03067 0.02458 0.99923
vn -0.42123 0.02346 0.90665
vn 0.01656 0.02067 0.99965
vn 0.01415 0.00944 0.99986
vn 0.10911 0.0132 0.99394
vn 0.07261 0.02469 0.99705
vn 0.08536 0.00622 0.99633
vn 0.08759 0.02248 0.9959
vn -0.00444 0.99933 0.03637
vn 0.01847 0.82567 0.56386
vn 0.28202 -0.02997 0.95894
vn -0.00462 -0.99972 -0.02325
vn 0.00237 -0.99993 0.01181
vn 0.00265 -0.37812 0.92575
vn 0.00206 -0.20804 0.97812
vn -1E-05 0.73897 0.67374
vn 0.00474 -0.9981 0.06149
vn -0.00574 0.62326 0.782
vn 0.02597 -0.86518 0.50079
vn 0.00694 -0.13043 0.99143
vn 0.00456 -0.57644 0.81713
vn 0.00174 -0.1446 0.98949
vn 0.01878 -0.08997 0.99577
vn -0.01917 0.99392 0.10844
vn -0.00038 0.99631 0.08583
vn -0.00505 0.99968 0.02476
vn -0.48502 -0.02541 0.87414
vn -0.06679 -0.34286 0.93701
vn -0.24491 -0.00128 0.96955
vn 0.00118 0.50153 0.86514
vn 0.00195 0.42257 0.90633
vn 0.00019 0.58357 0.81206
vn 0.00565 -0.73661 0.67629
vn 0.00275 0.99999 0.00273
vn 0.00105 0.99857 0.05343
vn -0.02057 0.79424 0.60726
vn 0.00265 -0.99586 0.09086
vn 0.01513 -0.01652 0.99975
vn 0.02064 -0.00144 0.99979
vn 0.00136 0.03226 0.99948
vn 0.00426 -0.57796 0.81606
vn 0.00301 -0.3776 0.92596
vn 0.00205 0.13385 0.991
vn -0.00399 0.87435 0.48527
vn 0.00856 0.01931 0.99978
vn 0.0021 -0.02998 0.99955
vn -0.00395 -0.82997 0.5578
vn 0.00655 -0.94593 0.32432
vn -0.00098 0.69502 0.71899
vn 0.00182 -0.22557 0.97423
vn 4E-05 0.38399 0.92334
vn -0.00258 0.60311 0.79765
vn -0.00062 0.58308 0.81242
vn 0.00369 -0.49866 0.86679
vn -0.00084 0.53095 0.84741
vn -0.08344 -0.60998 0.78801
vn 0.00164 -0.81043 0.58583
vn -0.00481 0.99997 -0.0053
vn -0.00482 0.99974 0.02246
vn 0.00852 -0.99988 -0.01306
vn 0.10563 -0.04459 0.99341
vn -0.00281 0.95963 0.28127
vn 0.00031 -0.30586 0.95208
vn -0.00641 -0.1245 0.9922
vn 0.00659 -0.93268 0.36064
vn 0.00566 -0.97845 0.20638
vn 0.00115 0.01704 0.99985
vn -0.00266 -0.07557 0.99714
vn -0.11301 -0.15685 0.98114
vn -0.14286 -0.01979 0.98955
vn -0.01715 -0.99799 0.06106
vn 0.35686 -0.01034 0.9341
vn -0.29427 9E-05 0.95572
vn 0.0023 -0.48228 0.87602
vn 0.00414 -0.21713 0.97613
vn 0.00255 0.43993 0.89803
vn -0.00429 0.90754 0.41994
vn -0.00314 -0.0242 0.9997
vn 0.00809 0.12389 0.99226
vn 0.00376 -0.50768 0.86154
vn 0.00246 0.76291 0.6465
vn 3E-05 0.23683 0.97155
vn -0.00328 0.98977 0.14261
vn 0.0134 -0.0359 0.99927
vn -0.05037 0.00106 0.99873
vn -0.00343 0.49096 0.87117
vn -0.00282 0.99982 0.01898
vn 0.0053 -0.28834 0.95751
vn -0.00028 0.0119 0.99993
vn 0.00644 -0.34455 0.93875
vn -0.00623 0.63879 0.76936
vn 0.00659 -0.99857 0.05311
vn 0.00332 -0.5532 0.83304
vn 0.0037 -0.94746 0.31987
vn -0.00318 0.82521 0.56482
vn -0.0032 0.98932 0.14576
vn -4E-05 -0.00459 0.99999
vn 0.00406 -0.57295 0.81958
vn 0.00441 0.22759 0.97375
vn 0.00298 -0.58256 0.81278
vn 0.00918 0.68061 0.73259
vn 0.00137 0.68548 0.72809
vn -0.00646 0.99899 0.04455
vn -0.00489 0.99995 0.00902
vn 0.12546 -0.02648 0.99174
vn 0.09478 -0.99486 -0.03573
vn -0.00288 -0.99999 -0.00223
vn 0.00556 0.00144 0.99998
vn 0.00039 0.08839 0.99609
vn 0.00245 0.46845 0.88349
vn 0.00851 -0.96346 0.26771
vn 0.00801 0.04637 0.99889
vn -0.00081 0.25098 0.96799
vn 0.00379 0.94661 0.32237
vn 0.19836 -0.02985 0.97967
vn 0.32117 -0.00015 0.94702
vn 0.00065 -0.28138 0.9596
vn 0.00253 -0.57956 0.81492
vn 0.01183 -0.1521 0.98829
vn 0.0043 -0.50466 0.86331
vn 0.00676 -0.78932 0.61394
vn -0.00157 0.80042 0.59944
vn 0.0001 0.99766 -0.06832
vn -0.44144 -0.23769 0.86524
vn -0.14638 -0.11852 0.9821
vn 0.01112 -0.99994 -0.00233
vn 0.01853 -0.02116 0.9996
vn -0.39022 0.00483 0.92071
vn 0.00446 -0.23369 0.9723
vn 0.00254 -0.55368 0.83272
vn 0.00357 0.16696 0.98596
vn 0.00072 -0.9999 0.01439
vn -0.0032 0.55973 0.82867
vn -0.00269 0.61469 0.78876
vn 0.00872 -0.16512 0.98624
vn 0.00489 -0.535 0.84484
vn 0.00092 -0.08329 0.99653
vn 0.00474 0.52951 0.84829
vn -0.0046 0.88067 0.47371
vn 0.00326 -0.96149 0.27483
vn -0.00818 3E-05 0.99997
vn 0.00269 -0.9933 0.11555
vn 0.00455 -0.33974 0.94051
vn 0.00089 -0.06451 0.99792
vn -0.01756 0.846 0.53289
vn -0.01115 0.98565 0.16843
vn 0.02797 -0.93922 0.34218
vn 0.0024 0.33347 0.94276
vn 0.00215 -0.41698 0.90891
vn 0.00271 0.3177 0.94819
vn -0.00123 0.69555 0.71848
vn -0.00418 -0.34448 0.93878
vn 0.0019 -0.26173 0.96514
vn -0.00812 -0.12625 0.99197
vn 0.00362 -0.77593 0.6308
vn 0.00123 -0.07225 0.99739
vn -0.00656 0.99667 0.08125
vn 0.00761 0.91123 0.41182
vn 0.01137 -0.99973 0.02048
vn 0.08674 -0.0462 0.99516
vn 0.11453 0.00174 0.99342
vn 0.00159 0.38654 0.92227
vn 3E-05 -0.3323 0.94317
vn -0.0002 -0.07533 0.99716
vn 0.00502 0.50637 0.8623
vn -0.00598 0.99962 0.02687
vn 0.22373 -0.01064 0.97459
vn -0.3729 -0.10424 0.922
vn -0.00561 -0.99994 -0.00887
vn 0.00266 0.59259 0.8055
vn 0.00305 -0.99929 0.0375
vn -0.0007 0.54564 0.83802
vn 0.01008 -0.58766 0.80904
vn -0.00491 0.99986 0.01582
vn -0.07719 -0.02442 0.99672
vn 0.00626 -0.99638 0.08484
vn -0.08259 0.00468 0.99657
vn 0.00877 0.00346 0.99996
vn 0.00336 0.00553 0.99998
vn 0.0064 -0.56116 0.82768
vn 0.00451 0.52255 0.85259
vn -0.00451 0.83822 0.54531
vn 0.00469 -0.44123 0.89738
vn 0.00661 -0.59613 0.80286
vn 0.29878 -0.00294 0.95432
vn 0.31253 0.00133 0.94991
vn -0.2799 0.00448 0.96002
vn -0.34582 0.00691 0.93827
vn 0.18202 0.00383 0.98329
vn 0.39984 0.00376 0.91658
vn -0.31611 0.00771 0.94869
vn -0.15789 0.00124 0.98746
vn 0.01646 0.00336 0.99986
vn -0.21122 0.00669 0.97742
vn -0.0079 0.00344 0.99996
vn -0.31134 0.0063 0.95028
vn 0.02251 0.00382 0.99974
vn 0.01375 0.00575 0.99989
vn 0.02033 0.001 0.99979
vn 0.07166 0.00129 0.99743
vn 0.11661 0.00334 0.99317
vn 0.02382 0.00625 0.9997
vn 0.24922 -0.00031 0.96845
vn -0.60883 0.00768 0.79326
vn -0.19396 0.00461 0.981
vn -0.02515 0.00415 0.99968
vn 0.3974 0.0005 0.91765
vn -0.24887 0.006 0.96852
vn -0.33948 0.00871 0.94057
vn 0.00385 0.00364 0.99999
vn 0.00227 0.00462 0.99999
vn 0.00926 0.00383 0.99995
vn 0.08897 0.00245 0.99603
vn 0.34888 0.00052 0.93717
vn 0.21342 0.00093 0.97696
vn -0.04915 0.00275 0.99879
vn -0.5939 0.00698 0.80451
vn -0.30465 0.00482 0.95245
vn -0.00696 0.00403 0.99997
vn -0.10963 0.00331 0.99397
vn 0.01166 0.00299 0.99993
vn 0.01098 0.00349 0.99993
vn -0.5295 0.00503 0.8483
vn 0.01669 0.00361 0.99985
vn 0.04849 0.00458 0.99881
vn 0.01284 0.00397 0.99991
vn 0.06649 0.00314 0.99778
vn -0.3261 0.00584 0.94532
vn 0.38306 0.00059 0.92372
vn -0.06905 0.00513 0.9976
vn -0.02443 0.00492 0.99969
vn -0.57187 0.00905 0.8203
vn -0.17884 0.00432 0.98387
vn -0.5526 0.00611 0.83342
vn 0.17369 0.00513 0.98479
vn -0.00173 0.00418 0.99999
vn 0.28779 0.01453 0.95758
vn -0.4165 0.01529 0.90901
vn -0.35946 0.02671 0.93278
vn -0.09983 0.01943 0.99481
vn 0.14279 0.03036 0.98929
vn -0.1261 0.01153 0.99195
vn 0.01765 0.00643 0.99982
vn 0.02379 0.01541 0.9996
vn 0.02478 0.00744 0.99967
vn 0.02823 0.01758 0.99945
vn -0.07781 0.01945 0.99678
vn 0.02628 0.01773 0.9995
vn 0.11037 0.01217 0.99382
vn 0.10338 0.00593 0.99462
vn 0.09984 0.01875 0.99483
vn 0.32586 0.00332 0.94541
vn -0.11806 0.00858 0.99297
vn 0.2741 0.0146 0.96159
vn -0.45537 0.01401 0.89019
vn -0.0472 0.01358 0.99879
vn -0.07524 0.01758 0.99701
vn 0.06764 0.0251 0.99739
vn 0.00617 0.00388 0.99997
vn 0.01184 0.01015 0.99988
vn 0.01411 0.01392 0.9998
vn 0.01145 0.00285 0.99993
vn 0.05545 0.01175 0.99839
vn 0.08601 0.015 0.99618
vn 0.36632 0.00029 0.93049
vn 0.13047 0.0065 0.99143
vn 0.30827 0.00385 0.95129
vn -0.26996 0.00752 0.96284
vn 0.34096 0.01076 0.94002
vn -0.43428 0.01486 0.90065
vn -0.07497 0.02336 0.99691
vn 0.00125 0.00467 0.99999
vn -0.15951 0.00581 0.98718
vn -0.06565 0.00403 0.99783
vn -0.0909 0.01019 0.99581
vn 0.00506 0.00942 0.99994
vn -0.07144 0.01382 0.99735
vn -0.13617 0.01541 0.99057
vn 0.00963 0.01385 0.99986
vn 0.01099 0.00556 0.99992
vn 0.07294 0.00911 0.99729
vn 0.07067 0.0134 0.99741
vn 0.27322 0.00459 0.96194
vn -0.28606 0.01005 0.95816
vn -0.12179 0.0057 0.99254
vn 0.32406 0.01092 0.94597
vn -0.14352 0.01119 0.98958
vn -0.37141 0.01535 0.92834
vn 0.28371 0.0187 0.95873
vn -0.03153 0.01109 0.99944
vn 0.00165 0.00789 0.99997
vn -0.00776 0.96077 0.27723
vn -0.00759 0.99749 0.07036
vn -0.00384 0.99948 0.03214
vn 0.11072 -0.03801 0.99312
vn -9E-05 0.57922 0.81517
vn 0.0054 -0.49752 0.86744
vn 0.0012 -0.14785 0.98901
vn 0.00439 0.60167 0.79873
vn 0.00413 -0.97355 0.22845
vn 0.00349 -0.99998 0.00602
vn -0.00104 0.985 0.17255
vn 0.00751 0.1301 0.99147
vn 0.00082 -0.99753 0.07029
vn 0.00233 0.28351 0.95897
vn 0.00242 0.57116 0.82083
vn 0.00388 0.83142 0.55563
vn 0.02963 -0.99949 -0.01228
vn -0.00323 0.66984 0.7425
vn 0.19016 -0.03147 0.98125
vn -0.317 -0.20676 0.92561
vn -0.00575 -0.99962 0.02685
vn -0.10547 -0.02051 0.99421
vn -0.32363 0.00197 0.94618
vn 0.01302 -0.15987 0.98705
vn 0.01128 0.01151 0.99987
vn 0.00438 0.0191 0.99981
vn 0.00188 -0.99777 0.06673
vn 0.00319 -0.00649 0.99997
vn 0.00351 0.10979 0.99395
vn 0.00677 -0.02732 0.9996
vn 0.00122 -0.99397 0.10964
vn 0.01218 0.00534 0.99991
vn 0.00778 0.00441 0.99996
vn 0.12013 0.00311 0.99275
vn 0.07137 0.00477 0.99744
vn 0.30455 -0.00043 0.9525
vn -0.15813 0.00558 0.9874
vn 0.00039 0.00424 0.99999
vn -0.33646 0.007 0.94167
vn -0.00202 0.00732 0.99997
vn 0.31505 0.00315 0.94907
vn -0.19549 0.0083 0.98067
vn -0.22999 0.00782 0.97316
vn 0.30335 0.00557 0.95286
vn -0.07246 0.00632 0.99735
vn 0.00515 0.0038 0.99998
vn 0.12019 0.00579 0.99273
vn 0.00959 0.00652 0.99993
vn 0.20612 -0.02267 0.97826
vn 0.33285 0.00337 0.94297
vn 0.0067 0.00982 0.99993
vn 0.07004 0.00928 0.9975
vn 0.11463 0.0089 0.99337
vn 0.08266 0.00605 0.99656
vn 0.24347 0.00908 0.96986
vn -0.31562 0.01034 0.94883
vn -0.11352 0.00782 0.9935
vn 0.00225 0.00391 0.99999
vn 0.00337 0.00866 0.99996
vn -0.0769 0.00907 0.997
vn -0.3177 0.01419 0.94808
vn 0.00754 0.0045 0.99996
vn 0.01052 0.00891 0.9999
vn 0.18411 0.0085 0.98287
vn 0.11448 0.00578 0.99341
vn 0.29463 0.005 0.9556
vn 0.02701 0.00475 0.99962
vn 0.35577 0.00862 0.93454
vn 0.38662 -0.00707 0.92221
vn 0 0 1
vn -0.00068 -0.02276 0.99974
vn 0.53051 0.00034 0.84768
vn 0.71178 0.00293 0.7024
vn 0.67953 0.00127 0.73365
vn 0.60797 0.00071 0.79396
vn 0.72273 0.00119 0.69113
vn 0.63009 0.00194 0.77652
vn -0.4478 0.00148 0.89413
vn 0.18051 -0.92215 0.34214
vn -0.00182 0.83279 0.55359
vn -0.00823 0.76291 0.64645
vn -0.00385 0.83616 0.54847
vn -0.00264 0.00149 1
vn 0.00053 -0.08736 0.99618
vn -0.00317 -0.99742 0.0717
vn 0.0051 -0.99534 0.09627
vn -0.0058 -0.96309 0.26911
vn 0.01296 0.76446 0.64454
vn -0.00524 0.6792 0.73394
vn -0.00895 0.26949 0.96296
vn -0.00643 0.15944 0.98719
vn -0.00605 0.17624 0.98433
vn -0.00196 -0.09118 0.99583
vn -0.00762 -0.9846 0.17466
vn -0.00235 0.06836 0.99766
vn -0.00513 0.57929 0.81511
vn -0.01027 0.54207 0.84027
vn -0.00176 0.80362 0.59514
vn -0.00068 -0.00513 0.99999
vn -0.00384 -0.99792 0.06436
vn -0.00046 -0.09374 0.9956
vn 0.00141 0.85246 0.52278
vn -0.00638 0.5824 0.81288
vn -0.00248 0.23841 0.97116
vn -0.00576 -0.39954 0.9167
vn -0.00374 0.22982 0.97322
vn -0.00556 0.23611 0.97171
vn -0.00566 0.27067 0.96265
vn -0.001 0.6504 0.75959
vn -0.00299 -0.99999 -0.00166
vn -0.00153 -0.99407 0.10871
vn -0.00395 -0.04489 0.99898
vn 0.01761 0.90445 0.42622
vn -0.00514 0.06656 0.99777
vn -0.00045 0.67146 0.74104
vn 0.0015 0.80665 0.59103
vn 0.00039 0.8227 0.56847
vn -0.0173 0.88166 0.47157
vn 0.00089 0.77183 0.63582
vn 0 0.82409 0.56646
vn 0.00115 0.855 0.51863
vn -0.00349 -0.99824 0.05913
vn -0.00349 -0.0263 0.99965
vn -0.00347 0.10717 0.99423
vn -0.00199 -0.99975 0.02217
vn 0.00336 0.71804 0.69599
vn -0.00171 0.21246 0.97717
vn -0.00314 -0.2247 0.97442
vn 0.00028 0.81715 0.57643
vn -0.00228 -0.98858 0.15067
vn 0.02229 0.83875 0.54405
vn 0.00162 0.09474 0.9955
vn -0.00413 -0.25543 0.96682
vn -0.00271 0.05995 0.9982
vn 0.00606 0.84422 0.53596
vn -0.00109 0.49909 0.86655
vn -0.00103 0.59199 0.80595
vn -0.00123 -0.9984 0.05652
vn -0.00354 0.00464 0.99998
vn -0.00331 0.79311 0.60907
vn -0.00296 0.24738 0.96891
vn 0.00113 0.83651 0.54795
vn -0.00395 0.1184 0.99296
vn -0.00341 -0.99987 0.01598
vn -0.00115 0.42086 0.90713
vn -0.00476 -0.99972 0.02335
vn -0.00073 -0.99979 -0.02039
vn -0.0064 -0.88466 0.46619
vn -0.00218 -0.34881 0.93719
vn -0.00295 0.14327 0.98968
vn -0.00159 0.74008 0.67252
vn 0.0003 0.81161 0.5842
vn 0.0061 0.72161 0.69227
vn -0.00329 0.23524 0.97193
vn 0.00222 0.80072 0.59903
vn -0.00715 -0.1381 0.99039
vn -0.0078 -0.99995 0.00583
vn 0.0022 0.63858 0.76955
vn 0.0015 0.58887 0.80823
vn -0.0032 0.06426 0.99793
vn -0.00234 0.32604 0.94535
vn -0.00122 0.77714 0.62933
vn -0.00496 -0.99768 0.06796
vn -0.00364 -0.03515 0.99938
vn -0.00307 0.04142 0.99914
vn -0.00853 0.73237 0.68086
vn -0.00557 -0.95143 0.3078
vn -0.02303 0.8154 0.57845
vn -0.00256 0.10869 0.99407
vn 0.00197 0.2075 0.97823
vn -0.00365 0.00482 0.99998
vn -0.00699 0.22741 0.97377
vn -0.00636 -0.14555 0.98933
vn -0.00414 -0.99881 -0.04863
vn -0.01334 0.85714 0.51492
vn -0.00034 0.73561 0.67741
vn -0.00695 -0.98713 0.15976
vn -0.00184 0.58464 0.81129
vn -0.00842 -0.99965 0.02496
vn -0.00304 -0.02375 0.99971
vn -0.00361 0.30679 0.95177
vn -0.00144 0.81114 0.58485
vn -0.00293 0.26438 0.96441
vn -0.0008 0.64755 0.76202
vn -0.00623 0.71464 0.69947
vn -0.00076 0.82533 0.56465
vn -0.00468 0.05121 0.99868
vn -0.00088 0.8065 0.59124
vn -0.00389 0.16154 0.98686
vn -0.00601 0.53396 0.84549
vn 0.00217 0.73436 0.67875
vn -0.00315 0.16407 0.98644
vn -0.00907 -0.99536 0.09579
vn -0.00482 0.65218 0.75805
vn 0.00969 -0.82422 0.56619
vn 0.00427 -0.99997 -0.00665
vn -0.00052 0.0093 0.99996
vn -0.00298 0.32438 0.94592
vn -0.00378 -0.86701 0.49828
vn -0.0059 0.59139 0.80636
vn 0.00208 0.79353 0.60852
vn -0.01495 0.22535 0.97416
vn 0.006 -0.99981 -0.01848
vn 0.00914 -0.99704 0.07635
vn -0.00079 -0.21073 0.97754
vn -0.0022 -0.00096 1
vn -0.00115 0.73469 0.67841
vn -0.00174 0.24814 0.96872
vn -0.00332 0.20909 0.97789
vn -0.00551 0.78577 0.61849
vn -0.00396 -0.19146 0.98149
vn -0.00477 0.82975 0.55811
vn -0.00533 0.29175 0.95648
vn -0.00599 0.82601 0.56362
vn -0.00436 0.84561 0.53378
vn -0.00422 0.63839 0.7697
vn -0.00098 -0.29949 0.9541
vn 0.00446 -0.99914 0.04118
vn -0.00067 0.02878 0.99959
vn 0.01892 0.6566 0.754
vn -0.00382 0.2429 0.97004
vn -0.00353 0.83083 0.55651
vn 0.00509 -0.99911 0.04178
vn -0.00209 0.40792 0.91301
vn -0.0035 0.85648 0.51617
vn -0.00243 -0.06441 0.99792
vn 0.01472 0.4818 0.87616
vn 0.00287 0.57637 0.81719
vn -0.00993 0.79717 0.60367
vn 0.04996 0.58799 0.80733
vn -0.00065 0.86286 0.50544
vn 0 0.80678 0.59086
vn 0.0051 -0.99976 0.02126
vn -0.00014 -0.00222 1
vn -0.00348 0.0373 0.9993
vn -0.00161 0.27305 0.962
vn 0.0008 -0.15887 0.9873
vn -0.00257 0.87155 0.4903
vn 0.00345 -0.98697 0.16086
vn 0.00566 -0.99998 -0.00234
vn -0.00279 0.52636 0.85026
vn -0.00298 0.84262 0.53851
vn -0.00349 0.64549 0.76376
vn -0.00431 -0.14171 0.9899
vn 0.00148 0.01786 0.99984
vn -0.00174 0.21027 0.97764
vn -0.00063 0.67113 0.74134
vn 1E-05 -0.14425 0.98954
vn 0.00077 0.01434 0.9999
vn 0.00801 -0.961 0.27644
vn 0.00379 -0.9986 0.0528
vn -0.00013 0.17948 0.98376
vn -0.00351 -0.97661 0.21498
vn 0.00016 -0.00967 0.99995
vn -0.00029 0.01571 0.99988
vn -0.00148 0.61269 0.79032
vn 0.00216 -0.95677 0.29083
vn 0.00154 -0.17954 0.98375
vn 0.00143 0.72086 0.69308
vn -0.00091 -0.24453 0.96964
vn 0.00099 0.01393 0.9999
vn 0.00155 0.39042 0.92064
vn 0.00318 -0.99986 -0.01626
vn 0.00238 0.88165 0.4719
vn 0.00232 -0.99985 0.01708
vn 0.00277 0.02463 0.99969
vn -0.00349 -0.68984 0.72395
vn 0.00156 0.01867 0.99982
vn 0.0048 0.85671 0.51578
vn 0.00132 0.27093 0.9626
vn -0.0039 -0.99983 -0.01785
vn 0.00866 0.50399 0.86367
vn 0.01049 0.788 0.61558
vn -0.00223 -0.98334 0.18178
vn -0.00154 -0.17259 0.98499
vn 0.00041 -0.0142 0.9999
vn 0.0014 0.01 0.99995
vn 0.00552 0.77643 0.63018
vn 0.00908 0.79003 0.613
vn 0 0.86237 0.50628
vn -0.00636 -0.98662 0.16289
vn 0.00446 0.7929 0.60933
vn 0.00318 0.22514 0.97432
vn 0.00064 0.66381 0.7479
vn -0.0001 -0.18964 0.98185
vn -0.01163 -0.99815 0.0597
vn 0.00714 0.16977 0.98546
vn 0.00684 0.26857 0.96323
vn -0.01081 -0.94036 0.34
vn 0.00661 0.6021 0.79839
vn 0.00805 0.85872 0.51239
vn 0.00106 -0.01306 0.99991
vn 0.00137 -0.28794 0.95765
vn -0.01227 -0.99967 0.0225
vn 0.00078 0.00572 0.99998
vn 0.00108 -0.13461 0.9909
vn -0.00324 -0.99999 -0.0029
vn 0.00103 0.78497 0.61954
vn 0.00521 0.24227 0.9702
vn 0.00356 0.59312 0.8051
vn 0.00109 0.82374 0.56697
vn -0.00058 -0.99349 0.11392
vn -0.0018 0.32275 0.94648
vn 0.00231 0.43522 0.90032
vn 0.00327 0.62696 0.77904
vn 0.00205 -0.01298 0.99991
vn 0.00435 -0.32904 0.94431
vn 0.00197 0.00342 0.99999
vn 0.00168 0.15886 0.9873
vn 0.00012 0.84519 0.53446
vn 0.0055 0.00266 0.99998
vn 0.00488 0.75825 0.65194
vn 0.00607 -0.17893 0.98384
vn 0.00297 -0.99978 0.02097
vn 0.00653 -0.00542 0.99996
vn 0.01015 0.00464 0.99994
vn 0.0031 -0.04238 0.9991
vn 0.00226 -0.99613 0.08784
vn 0.00325 -0.00541 0.99998
vn 0.00441 0.48664 0.87359
vn 0.00033 -1 0.00238
vn 0.00132 0.53559 0.84448
vn 0.00088 0.76715 0.64147
vn 0 0.62281 0.78238
vn -0.00124 -0.37702 0.9262
vn 0.00089 -0.00356 0.99999
vn 0.00206 0.7307 0.6827
vn 0.00223 -0.99996 -0.00862
vn -0.00469 -0.7741 0.63304
vn 0.00317 0.81038 0.58589
vn 0.00421 -0.99872 0.05048
vn 0.00843 -0.99891 -0.04582
vn 0.00076 -0.01937 0.99981
vn 0.00396 0.33225 0.94318
vn 0.00188 0.16185 0.98681
vn 0.00257 0.71722 0.69685
vn -0.00483 -0.30628 0.95193
vn -0.00058 0.73309 0.68013
vn 0.00332 0.83519 0.54995
vn -0.02044 -0.99966 0.01638
vn -7E-05 0.00061 1
vn -0.00045 -0.00283 1
vn -0.00127 0.3419 0.93973
vn 0.0101 0.284 0.95877
vn 0.00416 0.23912 0.97098
vn 0.00115 0.7789 0.62715
vn -0.011 -0.98585 0.16725
vn -0.00074 -0.17021 0.98541
vn 0.00128 -0.01005 0.99995
vn -0.00836 -0.99991 -0.01089
vn 0.00349 -0.91299 0.40797
vn 0.00284 0.66831 0.74387
vn 0.00346 0.25964 0.9657
vn 0.0018 0.58911 0.80805
vn 0.00178 -0.99751 0.07046
vn -0.00012 -0.00183 1
vn 0.0043 0.30749 0.95154
vn 0 0.71991 0.69407
vn 0.00241 0.0061 0.99998
vn 0.00099 -0.00264 1
vn 0.00489 0.23526 0.97192
vn 0.00582 0.25855 0.96598
vn 0.00216 -0.02332 0.99973
vn 0.00186 0.68442 0.72909
vn 0 0.71991 0.69407
vn 0.00226 -0.99235 0.12341
vn 0.00535 -0.995 0.09975
vn 0.01362 -0.17235 0.98494
vn 0.00118 0.84478 0.53511
vn 0.00072 -0.2038 0.97901
vn 0.01226 0.2466 0.96904
vn 0.00338 0.12479 0.99218
vn 0.00125 0.66106 0.75033
vn 0.00361 -0.99302 0.11788
vn 0.00215 -0.00751 0.99997
vn 0.00092 0.7082 0.70601
vn 0.00213 -0.98498 0.17263
vn 0.00272 0.00476 0.99998
vn 0.00079 0.31111 0.95037
vn 0.00168 -0.25865 0.96597
vn 0.00288 -0.16163 0.98685
vn 0.00141 0.78602 0.6182
vn -0.0026 0.22431 0.97451
vn 0.00465 0.31787 0.94812
vn 0.00329 0.2147 0.97668
vn -0.00072 -0.99842 0.0562
vn -0.00131 -0.99151 0.13001
vn 0.00268 0.56259 0.82673
vn 0.0023 -0.02565 0.99967
vn 0.00084 -0.99986 -0.017
vn 0.00446 -0.57012 0.82155
vn 0.00325 0.00334 0.99999
vn 0.00197 0.55992 0.82854
vn 0.0008 0.82398 0.56661
vn 0 0.6929 0.72103
vn -0.00018 0.84485 0.535
vn 0.00563 -0.00973 0.99994
vn 0.00274 -0.17226 0.98505
vn 0.00459 -0.9985 0.05453
vn 0.00364 -0.01169 0.99993
vn 0.00228 0.1263 0.99199
vn 0.00273 -0.98972 0.14297
vn 0.00034 0.68121 0.73209
vn 0.00888 0.65961 0.75156
vn 0.00092 -0.02766 0.99962
vn 0.00347 -0.00854 0.99996
vn 0.0027 0.04718 0.99888
vn 0.00051 0.68732 0.72636
vn 0 0.44661 0.89473
vn 0.00201 -0.99974 0.02261
vn -0.00139 0.52656 0.85013
vn 0.00331 -0.0092 0.99995
vn 0.00056 0.63902 0.76919
vn 0.00171 -0.99717 0.0752
vn 0.00154 -0.74588 0.66607
vn 0.00332 -0.1236 0.99233
vn -0.00011 -8E-05 1
vn 0.00247 0.24163 0.97037
vn -0.00402 0.6641 0.74763
vn 0.00129 -0.9987 0.05089
vn -0.00107 0.3189 0.94779
vn -0.00193 0.83541 0.54962
vn 0.00351 -0.99783 0.06581
vn 0.00429 -0.02679 0.99963
vn 0.00292 0.00329 0.99999
vn 0.00135 0.18159 0.98337
vn -0.00042 0.66914 0.74313
vn 0.00341 -0.25985 0.96564
vn 0.00233 0.02731 0.99962
vn 0.00243 -0.21819 0.9759
vn 0.00271 -0.99952 0.03099
vn 0.00143 0.5809 0.81398
vn 0.00904 0.00052 0.99996
vn -0.00228 0.82286 0.56824
vn 0 0.69375 0.72021
vn 0.00378 -0.99628 0.08604
vn 0.0006 0.25202 0.96772
vn -0.00205 0.78911 0.61424
vn 0.00267 -0.14062 0.99006
vn 0.00176 -0.00108 1
vn 0.00439 -0.10122 0.99485
vn 0.00352 -0.99219 0.12471
vn 0.00124 0.68489 0.72864
vn 0.00142 -0.22175 0.9751
vn 0.00227 -0.03708 0.99931
vn 0.00345 -0.00906 0.99995
vn 0.00054 0.21597 0.9764
vn 0.00148 0.49431 0.86929
vn -0.00114 0.68748 0.72621
vn -0.00171 0.45431 0.89084
vn 0.00621 -0.99225 0.12414
vn 0.0007 -0.01203 0.99993
vn 0.00295 0.27885 0.96033
vn -0.00322 0.83998 0.54261
vn 0.00243 -0.18966 0.98185
vn 0.00348 -0.00109 0.99999
vn 0.00126 -0.01032 0.99995
vn -0.00384 0.8129 0.58239
vn -0.00321 0.83964 0.54314
vn 0.00569 -0.99545 0.09509
vn -0.00243 0.59925 0.80056
vn 0.00146 0.12795 0.99178
vn -0.0025 0.5936 0.80476
vn 0.0017 -0.03225 0.99948
vn 0.00131 -0.00264 1
vn 0.00801 -0.9662 0.25765
vn 0.00517 -0.74683 0.66499
vn 0.00657 -0.99987 0.01454
vn -0.0001 -0.27778 0.96064
vn -0.00243 0.19426 0.98095
vn -0.00024 0.30663 0.95183
vn -0.00099 0.7337 0.67947
vn -0.00172 0.00356 0.99999
vn 0.00306 -0.01667 0.99986
vn 0.00611 -0.96499 0.2622
vn 0.00026 -0.21655 0.97627
vn 0.00739 -0.99997 0.00296
vn -0.00345 0.55647 0.83086
vn -0.00321 0.47653 0.87915
vn -0.00643 0.85474 0.51902
vn -0.0023 0.84293 0.53802
vn 0.00801 -0.99563 0.09304
vn 0.00605 -0.21772 0.97599
vn 0.0026 0.0022 0.99999
vn 0.00155 -0.03519 0.99938
vn -0.00164 -0.01082 0.99994
vn -0.00125 0.74259 0.66975
vn -0.00174 0.2053 0.9787
vn 0.00043 0.15535 0.98786
vn -0.00175 0.78781 0.61591
vn 0.00436 -0.99811 0.06131
vn 0.00101 -0.20713 0.97831
vn -0.00614 -0.005 0.99997
vn 0.00122 -0.48371 0.87523
vn 0.00844 -0.99993 -0.00808
vn 0.00146 0.59241 0.80564
vn 0.00067 0.70013 0.71402
vn 0.00297 -0.04845 0.99882
vn -0.00017 0.23248 0.9726
vn 0.00751 0.81229 0.58321
vn 0.0018 0.83761 0.54627
vn -0.00344 0.76464 0.64445
vn -0.00117 0.82487 0.56533
vn 0.00087 0.16387 0.98648
vn 7E-05 0.47544 0.87975
vn -0.00192 0.79625 0.60496
vn -0.00344 0.76013 0.64976
vn 0.00684 0.90442 0.42658
vn -0.15015 0.47574 0.86667
vn -0.03909 0.3545 0.93424
vn -0.00363 0.23544 0.97188
vn -0.00019 0.23252 0.97259
vn 0.08879 0.69232 0.71611
vn 0.05052 0.34246 0.93817
vn -0.10721 0.48636 0.86716
vn 0.0072 -0.26489 0.96425
vn 0.00967 -0.32692 0.945
vn 0.00489 0.71686 0.6972
vn 0.0015 0.41006 0.91206
vn 0.00887 0.92264 0.38557
vn 0.00211 0.65008 0.75986
vn 0.00114 0.44223 0.8969
vn -0.00088 0.40186 0.9157
vn -0.00843 -0.26604 0.96393
vn -0.00953 -0.52278 0.85241
vn -0.01448 -0.50328 0.864
vn 0.00288 0.53359 0.84574
vn 0.00398 0.3684 0.92966
vn -0.00061 0.22119 0.97523
vn 0.00134 0.65198 0.75823
vn 0.00047 0.58238 0.81291
vn 0.0021 0.58534 0.81079
vn -0.00051 0.4274 0.90406
vn 0.00027 0.61992 0.78467
vn -0.01687 0.98515 0.17086
vn -0.03257 0.89087 0.4531
vn -0.02289 0.42947 0.90279
vn -0.00545 0.00141 0.99998
vn -0.01694 0.01156 0.99979
vn 0.03335 0.01767 0.99929
vn 0.00129 -0.01157 0.99993
vn 0.00787 0.95818 0.28605
vn 0.00037 0.40894 0.91256
vn -0.00419 0.00867 0.99995
vn -0.01153 -0.41369 0.91035
vn -0.0126 -0.06559 0.99777
vn 0.00454 0.78826 0.61532
vn 0.00483 0.86957 0.49379
vn -0.00801 0.57105 0.82087
vn -0.00058 0.71992 0.69406
vn -0.00487 -0.00501 0.99998
vn -0.00422 -0.01112 0.99993
vn -0.00785 -0.0217 0.99973
vn -0.00836 0.20498 0.97873
vn -0.00683 -0.00694 0.99995
vn 0.00055 0.44617 0.89495
vn -0.00827 -0.54037 0.84138
vn 0.00396 0.88907 0.45775
vn -0.00775 -0.00514 0.99996
vn -0.00563 -0.01871 0.99981
vn 0.00584 0.81627 0.57765
vn -0.00625 -0.2829 0.95913
vn -0.00355 0.05516 0.99847
vn -0.00846 -0.01415 0.99986
vn 0.00066 0.45107 0.89249
vn -0.00118 0.26385 0.96456
vn -0.00392 -0.05461 0.9985
vn 0.00547 0.91443 0.4047
vn 0.00143 0.55106 0.83446
vn -0.00025 0.9865 0.16373
vn -0.00858 -0.05095 0.99866
vn 0.00535 0.90793 0.41909
vn -0.00683 -0.55554 0.83146
vn 0.01055 0.82131 0.57038
vn 0.0084 0.60574 0.79562
vn -0.01054 -0.01959 0.99975
vn -0.00132 0.14682 0.98916
vn -0.00592 -0.4888 0.87237
vn 0.00075 0.56845 0.82271
vn -0.00429 -0.45245 0.89178
vn -0.00118 0.26561 0.96408
vn -0.00321 0.00216 0.99999
vn -0.00495 -0.00196 0.99999
vn 0.01631 0.13352 0.99091
vn 0.02538 0.78332 0.6211
vn 0.02739 0.62178 0.78272
vn -0.01608 0.56002 0.82832
vn 0.00128 0.08725 0.99619
vn 0.00071 0.26953 0.96299
vn 0.01481 0.74753 0.66407
vn 0.09519 0.60808 0.78815
vn -0.02527 0.71926 0.69428
vn 0.00128 0.25785 0.96619
vn -0.00057 0.31744 0.94828
vn -0.00386 0.29476 0.95556
vn -0.00495 0.31153 0.95022
vn -0.0724 0.80731 0.58567
vn -0.04737 0.84517 0.5324
vn -0.00144 0.27257 0.96214
vn 0.00739 0.32129 0.94695
vn -0.0145 0.61139 0.79119
vn -0.00417 0.27824 0.9605
vn -0.0262 0.89165 0.45197
vn 0.00318 0.8405 0.5418
vn 0.00099 0.42324 0.90602
vn 0.00081 0.5711 0.82088
vn -0.00335 -0.16489 0.98631
vn 0.00468 0.99989 0.01384
vn 0.00722 0.99321 0.11613
vn 0.00432 0.8989 0.43813
vn -0.00933 -0.44748 0.89424
vn -0.00391 -0.20533 0.97869
vn -0.00689 -0.00125 0.99998
vn 0.00039 0.56662 0.82398
vn -0.00592 -0.55714 0.8304
vn -0.00012 0.28761 0.95775
vn -0.00537 0.0016 0.99998
vn -0.00609 -0.00289 0.99998
vn -0.00328 -0.47481 0.88008
vn -0.00176 0.02239 0.99975
vn 0.00156 0.62973 0.77681
vn 0.00339 0.73206 0.68123
vn 0.00284 0.78032 0.62538
vn 0.00314 0.92265 0.38562
vn -0.00289 0.011 0.99994
vn -0.00052 0.1876 0.98225
vn -0.00035 0.31254 0.94991
vn -0.00489 -0.51272 0.85854
vn 0.00327 0.83322 0.55293
vn 0.00162 0.68387 0.7296
vn 0.00372 0.90379 0.42797
vn 0.0022 0.48572 0.87411
vn -0.00745 -0.01075 0.99991
vn 0.00086 0.57417 0.81873
vn 0.00316 0.84752 0.53076
vn -0.00442 -0.16612 0.9861
vn -0.00189 0.08646 0.99625
vn -0.00773 0.00281 0.99997
vn -0.00774 -0.01968 0.99978
vn -0.00549 -0.51083 0.85966
vn -0.00241 -0.25467 0.96702
vn 0.0021 0.39932 0.91681
vn -0.0041 0.00888 0.99995
vn 0.00343 0.99864 0.05204
vn -0.00672 0.00522 0.99996
vn -0.00722 0.00555 0.99996
vn -0.00785 -0.00533 0.99995
vn 0.00512 0.93721 0.34874
vn 0.00178 0.71258 0.70159
vn 0.00368 0.93796 0.34673
vn -0.00167 0.06272 0.99803
vn -0.00514 -0.50703 0.86191
vn -0.00409 -0.22649 0.974
vn 0.00067 0.38477 0.92301
vn -0.00018 0.28734 0.95783
vn 0.00305 0.71882 0.69519
vn 0.00116 0.54583 0.8379
vn 0.00247 0.99979 0.02026
vn -0.00158 0.15925 0.98724
vn -0.00605 -0.57544 0.81782
vn -0.0061 -0.43785 0.89903
vn -0.00499 0.00694 0.99996
vn -0.00563 0.0041 0.99998
vn -0.00323 -0.30578 0.9521
vn -0.0019 0.14163 0.98992
vn -0.00257 0.01891 0.99982
vn -0.00691 -0.00804 0.99994
vn -0.00445 -0.52321 0.85219
vn -0.00107 0.01755 0.99985
vn 0.00071 0.49651 0.86803
vn 0.0023 0.58773 0.80906
vn 0.00071 -0.03267 0.99947
vn -0.00233 0.22816 0.97362
vn 0.00192 0.7002 0.71395
vn 0.00354 0.88477 0.46602
vn 0.00311 0.88162 0.47196
vn -0.00475 0.00823 0.99995
vn -0.00549 0.00242 0.99998
vn -0.00873 -0.0085 0.99993
vn 0.00091 0.57763 0.8163
vn -0.00474 -0.53322 0.84596
vn 0.00065 -0.3571 0.93406
vn -0.00358 0.01892 0.99981
vn -0.00197 0.25608 0.96665
vn -0.00296 -0.03104 0.99951
vn 0.00374 0.99997 0.00748
vn -0.00309 0.00737 0.99997
vn -0.00612 -0.00334 0.99998
vn -0.00113 0.45513 0.89042
vn -0.00382 -0.49032 0.87153
vn 0.00175 0.49951 0.86631
vn -0.00267 -0.13508 0.99083
vn -0.00531 0.0069 0.99996
vn -0.0022 0.26819 0.96336
vn 0.00471 0.32218 0.94667
vn -0.04072 0.5123 0.85784
vn -0.12534 0.89302 0.43221
vn -0.04244 0.81849 0.57295
vn -0.01003 0.33826 0.941
vn -0.00214 0.27426 0.96165
vn 0.04303 0.42384 0.90472
vn -0.02898 0.77042 0.63688
vn -0.01012 0.26597 0.96393
vn -0.00059 0.38598 0.92251
vn 0.01107 0.28073 0.95972
vn -0.00024 0.28775 0.95771
vn 0.06915 0.86401 0.49871
vn -0.22129 0.57838 0.78518
vn -0.00346 0.22799 0.97366
vn 0.00268 0.93731 0.34848
vn 0.00399 0.95571 0.29428
vn -0.00093 0.51073 0.85974
vn -0.0037 -0.25968 0.96569
vn -0.00148 0.51916 0.85468
vn 0.00171 0.77956 0.62633
vn -0.00347 0.02635 0.99965
vn -0.0047 0.01084 0.99993
vn -0.00507 0.00978 0.99994
vn -0.00775 -0.01125 0.99991
vn -0.00503 -0.04143 0.99913
vn -0.00081 0.64113 0.76743
vn -0.00661 0.16065 0.98699
vn -0.00353 0.03124 0.99951
vn -0.00955 0.00961 0.99991
vn -0.0067 0.00579 0.99996
vn -0.00505 -0.5447 0.83861
vn -0.0074 -0.34202 0.93966
vn 0.0024 0.88145 0.47228
vn -0.00865 -0.01709 0.99982
vn -0.00129 0.46009 0.88787
vn 7E-05 0.50243 0.86462
vn -0.0032 -0.53858 0.84257
vn -0.00477 0.01667 0.99985
vn 0.00099 0.74764 0.6641
vn -0.00732 -0.44576 0.89512
vn -0.00529 -0.18616 0.9825
vn -0.00229 0.10658 0.9943
vn 0.00143 0.90733 0.42041
vn 0.00056 0.78041 0.62527
vn 0.00012 0.76392 0.64531
vn -0.00834 0.01042 0.99991
vn -0.00616 0.00441 0.99997
vn -0.00051 0.51797 0.8554
vn -0.00512 -0.55233 0.83361
vn -0.00036 0.51214 0.8589
vn -0.00214 0.0903 0.99591
vn -0.00396 0.01026 0.99994
vn -0.00176 0.44169 0.89717
vn 0.0016 0.65558 0.75513
vn -0.00404 0.07787 0.99696
vn -0.00159 -0.40429 0.91463
vn 0.00546 0.99339 0.11465
vn -0.00327 0.01721 0.99985
vn -0.00228 0.01187 0.99993
vn -0.00455 -0.00419 0.99998
vn 0.00204 0.82542 0.56452
vn -0.00066 0.29508 0.95547
vn -0.00389 0.10924 0.99401
vn -0.001 0.53273 0.84628
vn -0.00187 0.18385 0.98295
vn -0.00186 0.00717 0.99997
vn -0.00289 -0.46366 0.88601
vn -0.00438 -0.21539 0.97652
vn -0.00264 0.0258 0.99966
vn -0.00246 0.01392 0.9999
vn 0.00037 -0.0113 0.99994
vn 0.00111 0.68315 0.73028
vn -0.00647 -0.40461 0.91447
vn 0.00595 0.99762 0.0687
vn -0.00246 0.02011 0.99979
vn -0.00266 -0.00211 0.99999
vn -0.00298 -0.01341 0.99991
vn -0.00223 -0.51438 0.85756
vn -0.00131 -0.22938 0.97334
vn 0.00119 0.61432 0.78906
vn -0.00314 -0.56739 0.82344
vn 0.00055 0.79497 0.60665
vn -0.00018 0.48225 0.87603
vn -0.00086 0.50886 0.86085
vn 0.00287 0.99981 0.0193
vn -0.00294 0.0119 0.99992
vn 0.00047 0.48256 0.87586
vn 0.00208 0.93671 0.35009
vn -0.00055 0.68006 0.73315
vn 0.00104 0.4811 0.87666
vn 0.00068 0.07996 0.9968
vn -0.00039 0.51569 0.85677
vn -0.00139 -0.17689 0.98423
vn 0.00076 0.91948 0.39313
vn 0.00019 0.68889 0.72487
vn -0.00178 0.03199 0.99949
vn -0.00226 -0.50795 0.86138
vn 0.00107 0.6498 0.7601
vn -0.00032 0.08226 0.99661
vn -0.00288 0.0167 0.99986
vn -0.0011 0.01361 0.99991
vn -0.00317 0.00822 0.99996
vn 0.0005 -0.17816 0.984
vn -0.00094 0.1094 0.994
vn -0.00281 -0.00177 0.99999
vn -0.00172 0.54304 0.83971
vn -0.00055 -0.4001 0.91647
vn -0.00164 -0.55739 0.83025
vn -0.00032 0.50425 0.86356
vn 0.00113 0.01088 0.99994
vn 0.00017 0.34019 0.94036
vn -0.00254 0.2603 0.96553
vn -0.00845 0.89259 0.45079
vn -0.14462 0.68886 0.71032
vn 0.01464 0.51172 0.85903
vn 0.00496 0.22636 0.97403
vn 0.00189 0.28565 0.95833
vn -0.00187 0.35882 0.93341
vn 0.05251 0.94961 0.30901
vn -0.00214 0.30315 0.95294
vn -0.00313 0.24083 0.97056
vn 0.02546 0.85256 0.52201
vn -0.00039 0.32249 0.94657
vn 0.00123 0.65969 0.75154
vn 0.01002 0.96039 0.27847
vn -0.00378 0.30523 0.95227
vn -0.00022 0.11139 0.99378
vn -0.0016 -0.5395 0.84198
vn -0.00027 0.03043 0.99954
vn 0.00563 0.42386 0.90571
vn -0.00043 -0.00797 0.99997
vn -0.00282 -0.12532 0.99211
vn 0.00047 0.57764 0.81629
vn 0.00182 -0.30973 0.95082
vn 0.00291 0.00427 0.99999
vn 0.00046 0.70785 0.70636
vn 0.00033 0.79606 0.60521
vn 0.00168 0.8837 0.46806
vn -0.00114 0.19332 0.98113
vn -0.00045 0.01431 0.9999
vn 0.00055 0.0074 0.99997
vn -0.00083 0.45577 0.8901
vn -0.00152 -0.38594 0.92252
vn -0.00118 0.17085 0.9853
vn -0.00014 0.40835 0.91283
vn -0.00072 0.39094 0.92041
vn -0.00301 -0.27404 0.96171
vn -0.00102 0.99737 0.07243
vn 0.00301 -0.00325 0.99999
vn 0.00335 -0.01237 0.99992
vn 0.00063 0.70781 0.7064
vn -0.00039 0.15475 0.98795
vn 0.00064 0.03132 0.99951
vn -0.0001 0.00899 0.99996
vn 0.00063 0.68759 0.7261
vn 0.00024 0.50757 0.86161
vn 0.00499 0.99875 0.04977
vn 0.00049 -0.0014 1
vn 0.00024 0.91052 0.41346
vn -0.00037 -0.1368 0.9906
vn 0.00067 0.29794 0.95458
vn -0.00227 -0.54773 0.83665
vn 0.00286 0.81252 0.58293
vn 0.00116 0.87686 0.48074
vn 0.00224 -0.00962 0.99995
vn 0.00079 0.59756 0.80183
vn -0.00102 0.09411 0.99556
vn -0.00307 -0.51765 0.85558
vn 0.00244 0.99956 0.02946
vn 0.00185 0.08014 0.99678
vn 0.00072 0.76001 0.64991
vn -0.00228 -0.35075 0.93647
vn -0.002 -0.26238 0.96496
vn 0.00172 0.01968 0.9998
vn 0.00188 0.00361 0.99999
vn 0.00274 -0.00739 0.99997
vn -0.00062 0.66771 0.74443
vn 0.00149 0.9072 0.4207
vn 0.00082 0.48835 0.87265
vn 0.00081 0.90699 0.42115
vn -0.00019 0.18144 0.9834
vn -0.00177 -0.08657 0.99624
vn 0.00307 0.12 0.99277
vn -0.00145 -0.54702 0.83712
vn 0.00304 0.99206 0.12574
vn 0.00174 0.00344 0.99999
vn 0.00293 -0.00557 0.99998
vn -0.001 0.23802 0.97126
vn 7E-05 0.48222 0.87605
vn -0.00118 0.15595 0.98776
vn -0.00192 -0.52749 0.84956
vn 0.00439 0.25609 0.96664
vn 0.00183 0.03094 0.99952
vn 0.00192 0.01468 0.99989
vn 0.00189 -0.00488 0.99999
vn 0.00118 0.72828 0.68527
vn 0.0023 -0.00175 1
vn -0.00053 -0.08823 0.9961
vn -0.00094 0.54647 0.83748
vn 0.00167 -0.29483 0.95555
vn 0.00091 0.81501 0.57945
vn 0.00168 0.04162 0.99913
vn 0.00128 0.01517 0.99988
vn 0.00189 -0.00679 0.99998
vn -0.00126 0.92489 0.38024
vn -6E-05 0.2345 0.97212
vn -0.0013 -0.33523 0.94214
vn -0.00235 0.23292 0.97249
vn -0.00078 0.64217 0.76656
vn 0.00182 0.99582 0.09129
vn 0.00085 0.99968 -0.02544
vn 0.00371 0.13854 0.99035
vn 0.0016 0.02345 0.99972
vn 0.00163 0.00074 1
vn -0.09849 0.78856 0.60702
vn -0.04045 0.87018 0.49107
vn -0.0002 0.30058 0.95376
vn 0.00253 0.34199 0.9397
vn 0.01641 0.80631 0.59127
vn 0.06161 0.99024 0.125
vn 0.00854 0.48901 0.87224
vn -0.00159 0.32344 0.94625
vn -0.00173 0.75193 0.65924
vn -0.00517 0.8881 0.45961
vn 0.0058 0.87057 0.492
vn 0.00164 0.28428 0.95874
vn -0.01763 0.98969 0.14215
vn 0.01598 0.2085 0.97789
vn -0.00151 0.34519 0.93853
vn -0.02822 0.99508 0.095
vn 0.00031 0.35241 0.93585
vn -0.00299 0.29921 0.95418
vn -0.00063 0.78308 0.62192
vn -0.00051 -0.56152 0.82746
vn -0.00199 -0.09801 0.99518
vn -0.00092 0.54278 0.83987
vn 0.00377 0.04126 0.99914
vn 0.00373 0.00988 0.99994
vn 0.0005 0.70085 0.71331
vn 0.00016 0.34918 0.93706
vn -0.00106 0.54392 0.83914
vn -0.00038 0.38252 0.92395
vn -0.00034 -0.02311 0.99973
vn 0.00032 0.57962 0.81489
vn 0.00079 0.57106 0.82091
vn 0.00083 0.86313 0.50498
vn 0.00545 0.02331 0.99971
vn 0.00249 0.00305 0.99999
vn 0.00289 -0.00636 0.99998
vn 0.00083 -0.46911 0.88314
vn 0.00096 -0.52399 0.85172
vn -0.00059 -0.3933 0.91941
vn 0.00479 0.0526 0.9986
vn 0.00393 0.20562 0.97862
vn 0.00313 -0.02186 0.99976
vn 0.00192 -0.29103 0.95671
vn -0.00047 0.90965 0.41539
vn 0.00056 0.68318 0.73025
vn 0.00771 0.02966 0.99953
vn 0.00614 0.01552 0.99986
vn 0.00614 0.00175 0.99998
vn 0.00133 0.20279 0.97922
vn 0.00036 0.08922 0.99601
vn 0.00209 -0.14097 0.99001
vn 0.00137 0.61527 0.78831
vn 0.00026 0.71961 0.69437
vn 0.00456 0.04055 0.99917
vn 0.00628 0.01048 0.99993
vn 0.00483 -0.0056 0.99997
vn 0.00069 0.67285 0.73978
vn 0.00158 -0.55094 0.83454
vn 0.00041 0.68385 0.72962
vn 0.00467 0.02216 0.99974
vn 0.00557 0.00188 0.99998
vn 0.00356 -0.00085 0.99999
vn 0.0019 -0.37985 0.92505
vn 0.00109 0.2803 0.95991
vn 0.00222 -0.52033 0.85396
vn 0.00218 0.25012 0.96821
vn 0.00199 -0.29606 0.95517
vn -0.001 0.82689 0.56236
vn -0.00065 0.99953 0.03071
vn -0.00074 0.54095 0.84106
vn 0.00431 0.04725 0.99887
vn 0.00256 0.02914 0.99957
vn 0.00481 0.01041 0.99993
vn 0.00511 0.00405 0.99998
vn 0.00519 -0.00464 0.99998
vn -0.00222 0.71193 0.70225
vn -0.00196 0.92318 0.38436
vn 0.00319 0.21417 0.97679
vn 0.00803 -0.00248 0.99996
vn -0.0008 0.58998 0.80742
vn -0.00018 0.63809 0.76996
vn 0.00084 -0.53445 0.8452
vn 0.00055 0.47846 0.87811
vn -0.00059 0.81589 0.57821
vn -0.00124 0.99497 0.10017
vn 0.00542 0.02797 0.99959
vn 0.00609 -0.00744 0.99995
vn -0.00115 0.42822 0.90367
vn -4E-05 0.00101 1
vn 0.00037 0.45881 0.88853
vn 0.00876 -0.22121 0.97519
vn -0.00089 0.68359 0.72987
vn 0.00488 0.03803 0.99926
vn 0.00542 0.00953 0.99994
vn 0.00415 0.00299 0.99999
vn 0.00215 -0.29157 0.95655
vn 0.00242 -0.53857 0.84258
vn 3E-05 0.14946 0.98877
vn -0.0019 0.67837 0.73472
vn 0.00423 0.01693 0.99985
vn -0.00341 0.56894 0.82237
vn 0.00137 0.23006 0.97318
vn 0.00248 -0.45649 0.88972
vn 0.00091 0.99214 0.12514
vn 0.0027 0.08888 0.99604
vn 0.00388 0.02964 0.99955
vn -0.00263 0.00626 0.99998
vn -0.00194 0.00791 0.99997
vn 0.00064 -0.00744 0.99997
vn -0.0006 0.5739 0.81893
vn -0.00339 -0.22379 0.97463
vn -0.0013 0.79605 0.60522
vn 0.00373 0.01988 0.9998
vn 0.0009 0.00042 1
vn -0.00112 0.70365 0.71054
vn -0.00153 0.16756 0.98586
vn 0.00323 -0.52805 0.84921
vn 0.00028 0.49053 0.87142
vn 0.00299 0.03285 0.99946
vn 0.00729 0.0103 0.99992
vn 0.0044 0.00255 0.99999
vn 0.00531 -0.01185 0.99992
vn 0.00437 -0.01974 0.9998
vn -0.00358 0.94434 0.32896
vn 0.00233 -0.51616 0.85649
vn 0.0016 0.08315 0.99654
vn 0.00203 -0.01758 0.99984
vn -0.00181 0.89358 0.4489
vn 0.00558 0.02185 0.99975
vn 0.00829 -0.00288 0.99996
vn 0.00312 -0.01568 0.99987
vn 0.02897 0.44111 0.89698
vn 0.00994 0.32788 0.94467
vn 0.00315 0.32744 0.94487
vn 0.07627 0.75107 0.65581
vn -0.0087 0.532 0.8467
vn 0.02415 0.51906 0.8544
vn 0.00421 0.34537 0.93846
vn -0.09591 0.81649 0.56934
vn 0.20422 0.82352 0.52926
vn -0.01316 0.55997 0.82841
vn 0.00158 0.32632 0.94526
vn 0.03696 0.68411 0.72844
vn -0.0963 0.82195 0.56136
vn -0.05913 0.51858 0.85298
vn -0.2725 0.71165 0.64753
vn 0.01711 0.5541 0.83227
vn 0.00416 0.43023 0.90271
vn 0.00195 0.27818 0.96053
vn 0.00168 0.14029 0.99011
vn 0.0023 0.10224 0.99476
vn 0.00308 -0.29759 0.95469
vn -0.00104 0.85962 0.51093
vn 0.00138 0.38742 0.9219
vn 0.00496 0.06416 0.99793
vn 0.00543 0.02854 0.99958
vn 0.00865 -0.00745 0.99993
vn 0.00044 0.49387 0.86954
vn 0.00252 -0.25487 0.96697
vn -0.00047 0.69116 0.7227
vn -0.00072 0.72064 0.69331
vn 0.00065 0.63286 0.77427
vn -0.00074 0.99793 0.06424
vn 0.00629 0.02282 0.99972
vn 0.00811 0.00692 0.99994
vn 0.01073 0.0006 0.99994
vn 0.00835 -0.00591 0.99995
vn 0.00242 0.15372 0.98811
vn 0.0035 -0.54361 0.83933
vn 0.0076 0.00112 0.99997
vn 0.00474 -0.00791 0.99996
vn 0.00665 -0.0135 0.99989
vn 0.00043 0.42085 0.90713
vn 2E-05 0.60123 0.79908
vn 0.00316 -0.51426 0.85763
vn 0.00915 0.73662 0.67624
vn 0.00323 0.02079 0.99978
vn 0.00472 0.00325 0.99998
vn 0.00081 0.03927 0.99923
vn -0.00288 0.75209 0.65905
vn -0.00061 0.02977 0.99956
vn 0.00367 0.01003 0.99994
vn 0.00494 -0.00617 0.99997
vn 0.00286 0.72344 0.69039
vn -0.00055 0.60174 0.79869
vn 0.00445 -0.42623 0.90461
vn 0.00364 -0.11615 0.99323
vn 0.00461 -0.56015 0.82838
vn -0.00217 0.07374 0.99728
vn 0.00538 -0.00143 0.99998
vn 0.00491 0.00012 0.99999
vn -0.00022 0.628 0.77821
vn 0.00124 0.47676 0.87903
vn 0.00327 -0.40143 0.91588
vn -0.00076 0.97893 0.2042
vn 0.00297 0.02438 0.9997
vn 0.00422 0.00953 0.99995
vn -0.00244 0.92464 0.38083
vn 0.00317 0.35467 0.93498
vn 0.00053 0.66103 0.75036
vn 0.00064 0.10668 0.99429
vn -0.0017 0.98254 0.18602
vn -0.00198 0.99526 0.09722
vn 0.00327 0.06685 0.99776
vn -0.00238 0.50642 0.86228
vn -0.00051 0.49285 0.87011
vn 0.00011 0.88214 0.47098
vn 0.00278 0.05291 0.9986
vn 0.00054 0.62588 0.77992
vn -0.00251 0.82033 0.57188
vn 0.00242 0.01946 0.99981
vn 0.00289 -0.15444 0.988
vn 0.0027 0.10822 0.99412
vn -0.00018 0.09739 0.99525
vn 0.00465 0.00179 0.99999
vn 0.00205 0.24659 0.96912
vn -0.00191 0.80763 0.58969
vn 0.00555 -0.00574 0.99997
vn 0.00223 0.46169 0.88704
vn 0.00047 0.4794 0.8776
vn -0.00025 0.44403 0.89601
vn -0.00093 0.52275 0.85249
vn 0.00507 -0.5097 0.86034
vn 0.00817 -0.28692 0.95792
vn 0.00194 0.01537 0.99988
vn 0.00646 -0.01552 0.99986
vn 0.00279 -0.25534 0.96685
vn -0.00048 0.48796 0.87286
vn -0.00077 0.60032 0.79976
vn 0.0036 -0.11245 0.99365
vn 0.0015 0.09983 0.995
vn 0.0052 -0.00057 0.99999
vn -0.00168 0.83954 0.54329
vn 0.00422 -0.51971 0.85433
vn 0.00323 -0.00629 0.99997
vn 0.00288 0.002 0.99999
vn 0.00693 -0.00778 0.99995
vn 0.00223 0.07652 0.99707
vn -0.00414 0.88436 0.46679
vn -0.00112 0.48833 0.87266
vn 0.00063 0.199 0.98
vn -0.00073 0.52648 0.85019
vn -0.00269 0.75692 0.6535
vn -0.00383 0.89181 0.4524
vn -0.00213 0.97172 0.23613
vn 0.00145 0.2127 0.97712
vn 0.00327 0.02017 0.99979
vn -0.01861 0.77577 0.63075
vn -0.02122 0.51675 0.85587
vn 0.00786 0.69711 0.71692
vn 7E-05 0.46359 0.88605
vn -0.00035 0.43924 0.89837
vn 0.00022 0.32997 0.94399
vn 0.06249 0.8676 0.49332
vn 0.02643 0.93766 0.34654
vn -0.02394 0.78213 0.62266
vn -0.00148 0.79951 0.60066
vn 0.0378 0.69952 0.71361
vn -0.00057 0.52697 0.84989
vn 0.01765 0.95292 0.30272
vn -0.0179 0.85659 0.5157
vn -0.00346 0.77653 0.63007
vn 0.00015 0.4177 0.90858
vn 0.0057 0.29472 0.95557
vn 0.06409 0.7902 0.60949
vn -0.08304 0.87956 0.46848
vn -0.04101 0.75189 0.65802
vn -0.31537 0.55201 0.7719
vn -0.00186 0.52384 0.85181
vn -0.00236 0.8174 0.57606
vn 0.00642 -0.30819 0.9513
vn -0.00176 0.56417 0.82565
vn 0.00552 -0.53736 0.84334
vn -0.00201 0.99417 0.10776
vn 0.00581 0.53737 0.84333
vn 0.00549 0.00137 0.99998
vn 0.007 -0.00529 0.99996
vn 0.00582 -0.00907 0.99994
vn -0.00194 0.21525 0.97656
vn 0.00171 0.26108 0.96532
vn -0.00269 0.71675 0.69732
vn -0.00112 0.73602 0.67696
vn -0.00297 0.64978 0.76011
vn 0.00269 0.02147 0.99977
vn -0.00324 0.99253 0.12192
vn 0.00101 -0.00539 0.99998
vn 0.00175 -0.00345 0.99999
vn 0.00281 -0.27607 0.96113
vn 0.00076 0.1486 0.9889
vn 0.00253 0.00321 0.99999
vn -0.00589 0.87985 0.47521
vn -0.00042 0.52185 0.85304
vn 0.00696 -0.52461 0.85132
vn 0.0051 -0.32594 0.94538
vn 0.00197 0.14528 0.98939
vn 0.00183 0.21744 0.97607
vn 0.0066 -0.53889 0.84235
vn -0.0046 0.85981 0.51059
vn -0.00026 0.46874 0.88334
vn 0.00113 0.02182 0.99976
vn 0.00027 0.00144 1
vn 0.00167 -0.01003 0.99995
vn 0.00343 -0.01724 0.99985
vn -0.0021 0.6558 0.75494
vn 0.00384 -0.10859 0.99408
vn -0.00125 0.65267 0.75764
vn -0.00018 0.2212 0.97523
vn 0.00057 -0.00651 0.99998
vn 0.00055 0.4669 0.88431
vn -0.00552 0.9894 0.14511
vn 0.00211 0.02315 0.99973
vn 0.0013 -0.00384 0.99999
vn 0.00108 -0.00955 0.99995
vn 0.00075 0.19431 0.98094
vn 0.01154 0.10411 0.9945
vn 0.0015 0.98921 0.14651
vn 0.0016 0.06746 0.99772
vn 0.00162 0.01006 0.99995
vn -0.00139 -0.01426 0.9999
vn -0.00261 0.57458 0.81844
vn 0.00488 -0.19981 0.97982
vn -0.00497 0.91056 0.41334
vn -5E-05 -0.00969 0.99995
vn 0.00613 -0.01068 0.99992
vn -0.00445 0.92125 0.38895
vn 0.00545 -0.29968 0.95402
vn -0.00326 0.79329 0.60883
vn 0.00259 0.06112 0.99813
vn 0.00018 0.00419 0.99999
vn 0.00289 0.02052 0.99979
vn -0.00082 -0.0028 1
vn 0.00995 0.0042 0.99994
vn -2E-05 0.49686 0.86783
vn -0.00095 0.53815 0.84285
vn 0.00075 0.50808 0.86131
vn 0.00215 0.09553 0.99542
vn -0.00439 0.98447 0.17547
vn 0.00096 -0.01065 0.99994
vn 0.006 -0.031 0.9995
vn 0.00178 -0.02557 0.99967
vn 0.00215 0.55678 0.83066
vn 0.0056 -0.49469 0.86905
vn -0.00146 0.08762 0.99615
vn 0.00744 -0.56166 0.82734
vn 0.00086 0.02433 0.9997
vn -0.00024 0.00965 0.99995
vn -0.00605 0.92257 0.38578
vn -0.00107 0.41856 0.90819
vn -0.00222 0.71916 0.69484
vn 0.00644 -0.3806 0.92472
vn -0.00086 -0.00527 0.99999
vn 0.00474 -0.03135 0.9995
vn 0.00373 -0.04355 0.99904
vn -0.00075 0.62314 0.78211
vn 0.00204 -0.0065 0.99998
vn -0.00053 0.3685 0.92963
vn 0.0017 0.03012 0.99954
vn 0.00209 -0.02267 0.99974
vn 0.00276 0.15448 0.98799
vn -0.00503 0.76371 0.64554
vn -0.0023 0.6052 0.79607
vn -0.00213 0.65243 0.75785
vn 0.00025 0.44945 0.89331
vn 0.00237 0.02569 0.99967
vn -0.00209 0.56114 0.82772
vn -0.00081 0.52251 0.85263
vn 0.00399 -0.28183 0.95946
vn -0.00162 0.59494 0.80377
vn 0.00305 -0.01107 0.99993
vn 0.00038 0.00951 0.99995
vn 0.00102 -0.01877 0.99982
vn 0.00216 -0.00846 0.99996
vn 0.00209 -0.03799 0.99928
vn -0.00641 0.87053 0.49208
vn -9E-05 0.05371 0.99856
vn -0.00077 0.31173 0.95017
vn -0.00341 0.5973 0.80201
vn 0.00093 0.0276 0.99962
vn -0.00784 0.5428 0.83983
vn 0.00261 -0.01955 0.99981
vn 0.00255 -0.02997 0.99955
vn 0.01774 0.74738 0.66415
vn 0.00723 0.46318 0.88624
vn -0.04393 0.87212 0.48731
vn -0.02332 0.68832 0.72503
vn -0.25294 0.64678 0.71951
vn 0.06907 0.69799 0.71277
vn -0.00229 0.43378 0.90101
vn 0.00609 -0.3111 0.95036
vn 0.01031 -0.45238 0.89177
vn -0.00717 0.89914 0.43761
vn 0.00227 -0.00361 0.99999
vn 0.00252 -0.01686 0.99985
vn 0.001 -0.04983 0.99876
vn 0.00139 0.17502 0.98456
vn 0.00536 -0.52531 0.8509
vn -0.00866 0.77847 0.62762
vn 0.00183 0.02765 0.99962
vn 0.00198 0.01058 0.99994
vn 0.00104 -0.00646 0.99998
vn -0.0063 0.764 0.64519
vn -0.00291 0.51407 0.85774
vn 0.00107 0.3298 0.94405
vn 0.00045 -0.03126 0.99951
vn 0.00098 -0.01745 0.99985
vn 0.00403 0.02985 0.99955
vn 0.00423 0.3427 0.93944
vn -0.00335 0.9992 0.03993
vn 0.00077 0.02477 0.99969
vn 0.00119 0.00815 0.99997
vn 0.00537 0.2331 0.97244
vn 0.00203 -0.0042 0.99999
vn 0.00042 -0.02182 0.99976
vn 0.13278 0.9407 0.31216
vn 0.02372 0.99972 -5E-05
vn -0.22973 0.94388 0.23732
vn -0.0479 -0.00544 0.99884
vn -0.00523 -0.00528 0.99997
vn -0.02661 -0.00534 0.99963
vn -0.31626 -0.00516 0.94866
vn -0.01906 -0.00528 0.9998
vn -0.00805 -0.00512 0.99995
vn -0.00732 -0.00521 0.99996
vn -0.02522 -0.00532 0.99967
vn -0.0128 -0.00529 0.9999
vn -0.00135 -0.00521 0.99999
vn -0.02141 -0.00532 0.99976
vn -0.00282 -0.00522 0.99998
vn -0.31635 -0.00516 0.94863
vn -0.31636 -0.00516 0.94862
vn -0.31573 -0.00516 0.94884
vn -0.31593 -0.00516 0.94877
vn -0.31607 -0.00516 0.94872
vn -0.01245 0.01957 0.99973
vn -0.02138 -0.18369 0.98275
vn -0.0084 -0.35289 0.93563
vn 0.00039 -0.61912 0.7853
vn 0.00027 -0.72989 0.68356
vn -0.00013 -0.67166 0.74086
vn 3E-05 -0.36061 0.93272
vn -0.00516 0.69457 0.71941
vn -0.01124 0.42308 0.90602
vn -0.0048 0.56341 0.82617
vn 0 -0.21828 0.97589
vn -0.00015 -0.50426 0.86355
vn -0.00333 -0.09703 0.99528
vn -0.00229 -0.24039 0.97067
vn 0 -0.56125 0.82765
vn -0.0022 -0.81424 0.58053
vn -0.00156 -0.09591 0.99539
vn -0.00232 -0.50245 0.8646
vn -0.01061 -0.6443 0.7647
vn -0.00069 0.883 0.46937
vn -0.01063 -0.3661 0.93051
vn -0.00662 -0.44908 0.89347
vn -0.00374 -0.83148 0.55554
vn -0.00074 -0.82922 0.55892
vn -0.0001 -0.75274 0.65832
vn -0.00343 -0.76591 0.64294
vn -0.0028 -0.81869 0.57423
vn 0.00041 -0.80612 0.59175
vn -0.00084 -0.58962 0.80768
vn 0.02854 -0.13568 0.99034
vn -0.00647 -0.48483 0.87458
vn -0.00793 -0.49965 0.86619
vn -0.00682 -0.37319 0.92773
vn -0.00347 -0.41204 0.91116
vn -0.0034 -0.61531 0.78828
vn 0 -0.15093 0.98854
vn -0.00438 -0.23934 0.97093
vn -0.0447 -0.13434 0.98993
vn -0.00393 -0.60505 0.79618
vn -0.00281 -0.71232 0.70185
vn 0.00029 -0.82574 0.56405
vn 0.00322 -0.17995 0.98367
vn 0.00157 -0.62272 0.78244
vn -0.00092 -0.75428 0.65655
vn -0.0061 -0.34988 0.93678
vn -0.00404 -0.53793 0.84298
vn 0.00111 0.67413 0.73861
vn -0.00387 -0.60434 0.79672
vn -0.00415 -0.63935 0.76891
vn -0.00291 -0.87652 0.48136
vn 0 -0.05597 0.99843
vn -2E-05 -0.69882 0.7153
vn -0.00706 -0.46634 0.88458
vn -9E-05 -0.76435 0.64481
vn -1E-05 -0.68 0.73321
vn -0.00818 -0.52709 0.84977
vn -0.00566 -0.39894 0.91696
vn -0.00362 -0.76364 0.64563
vn -0.00116 -0.69615 0.71789
vn -0.00072 -0.78563 0.6187
vn 0.00012 -0.6634 0.74827
vn -0.00373 -0.21946 0.97561
vn 0.03338 -0.12908 0.99107
vn -0.0032 -0.76519 0.6438
vn -0.0017 -0.79582 0.60553
vn 0.0014 0.2948 0.95556
vn 0 0.90952 0.41567
vn 0.00833 0.77343 0.63383
vn -0.00648 0.76007 0.64981
vn -0.00289 0.25288 0.96749
vn -0 -0.11784 0.99303
vn -0.04488 -0.12825 0.99073
vn 0.00136 -0.76798 0.64048
vn -0.00041 -0.2881 0.9576
vn 0.00046 -0.6466 0.76283
vn -0.00688 -0.81953 0.57299
vn 0.00272 -0.86499 0.50178
vn 0.00166 -0.76243 0.64707
vn 0.00158 -0.66135 0.75008
vn -0.00612 -0.177 0.98419
vn -0.00029 -0.6553 0.75537
vn 0.00122 -0.11849 0.99295
vn -0.00059 0.08425 0.99644
vn 0.00108 -0.40055 0.91627
vn 0.00018 0.79172 0.61088
vn 0.00013 0.78926 0.61406
vn 0.001 -0.7944 0.60739
vn -0.00289 -0.79159 0.61105
vn 0.00049 -0.81549 0.57877
vn 0.00046 -0.76883 0.63945
vn 0.00024 -0.76255 0.64693
vn -0.00042 0.08366 0.99649
vn 0.00024 0.7815 0.6239
vn 0.00023 0.78637 0.61776
vn 0.00058 -0.81335 0.58178
vn 0.00427 -0.73095 0.68242
vn 0.00092 -0.81974 0.57273
vn 6E-05 -0.74084 0.67168
vn 0.00116 -0.22044 0.9754
vn -0.00118 -0.74121 0.67127
vn -0 -0.66812 0.74406
vn 0 -0.1202 0.99275
vn -0.00342 -0.7891 0.61425
vn 0.00215 -0.8013 0.59826
vn 0.00135 -0.7826 0.62252
vn 0.04882 -0.16328 0.98537
vn 0.00739 -0.16616 0.98607
vn 0.00195 -0.42991 0.90287
vn 0.00018 -0.4592 0.88833
vn 0.00415 -0.79455 0.60719
vn 0.00477 -0.58703 0.80955
vn 0.00121 -0.77826 0.62794
vn -0.04792 -0.15427 0.98687
vn -3E-05 -0.71469 0.69944
vn 0.00208 -0.62094 0.78385
vn 0 -0.20259 0.97926
vn 0.00054 -0.78158 0.62381
vn -0.00035 -0.54197 0.8404
vn -0.00041 -0.78178 0.62356
vn 4E-05 -0.72773 0.68587
vn 0.00332 0.37991 0.92502
vn 0.00148 0.76311 0.64627
vn 0.00388 0.14631 0.98923
vn 0.00045 -0.74036 0.67221
vn 0.00123 -0.26899 0.96314
vn 0.00517 -0.75917 0.65087
vn 0.00524 -0.84184 0.5397
vn 0 0.73075 0.68265
vn 0.00046 -0.68183 0.73151
vn 0.00135 -0.78525 0.61918
vn -3E-05 -0.72 0.69398
vn -1E-05 -0.58223 0.81303
vn -0 -0.17802 0.98403
vn 0 -0.61547 0.78816
vn 0 -0.04194 0.99912
vn 0.00106 -0.95459 0.29791
vn -0 -0.5615 0.82748
vn 0.00017 -0.81271 0.58267
vn 0.00149 -0.44047 0.89777
vn 0.00377 -0.3042 0.9526
vn 0.00225 -0.5894 0.80784
vn 0.00065 -0.54965 0.8354
vn 0.00032 -0.55192 0.83389
vn -0.0022 -0.88421 0.46708
vn 0 -0.21076 0.97754
vn 0 -0.57854 0.81566
vn -3E-05 -0.56299 0.82646
vn 0.04775 -0.15381 0.98695
vn 0.00302 0.42782 0.90386
vn -0.0008 -0.52458 0.85136
vn 0.00078 -0.27058 0.9627
vn -0.00297 -0.69438 0.7196
vn -3E-05 -0.56403 0.82576
vn -0.00062 -0.76274 0.64671
vn -0.00358 -0.90692 0.42129
vn 0 -0.60014 0.7999
vn -0.0459 -0.18468 0.98173
vn -0.00285 -0.78245 0.62271
vn -0.00061 -0.70091 0.71325
vn -0.00293 -0.86762 0.49721
vn -0.00312 -0.83214 0.55455
vn 0 -0.59829 0.80128
vn 0 -0.12358 0.99233
vn -0.00058 -0.25605 0.96666
vn 0.00369 -0.28052 0.95984
vn 0.00213 0.01225 0.99992
vn 0.00131 -0.82971 0.5582
vn 0.0066 -0.53675 0.84372
vn 0.00119 -0.80615 0.59172
vn 0.00071 -0.56008 0.82844
vn 0.00261 -0.78288 0.62217
vn -0 -0.55965 0.82873
vn 0.00447 0.08919 0.996
vn 0.00295 -0.82122 0.5706
vn 0.00051 0.55491 0.83191
vn 0.00446 -0.11543 0.99331
vn -0.00082 0.5501 0.8351
vn 0.01025 -0.20296 0.97913
vn 0.0048 -0.77261 0.63487
vn 0.00687 -0.5269 0.8499
vn 2E-05 -0.58065 0.81415
vn 0.00283 -0.43035 0.90266
vn 0 -0.57433 0.81863
vn -5E-05 -0.73214 0.68115
vn 0.01019 -0.93696 0.34928
vn 0.00782 -0.39808 0.91732
vn 0.00235 -0.68951 0.72428
vn 0.00443 -0.21854 0.97582
vn 0.0019 -0.49448 0.86918
vn 0 -0.11493 0.99337
vn 0.04849 -0.15502 0.98672
vn 0.0036 -0.9342 0.35674
vn -0.00045 -0.89783 0.44034
vn -0.02143 -0.13701 0.99034
vn 0.00316 -0.70862 0.70558
vn 0.00477 -0.53932 0.84209
vn 0.00152 -0.68498 0.72856
vn 0 -0.11324 0.99357
vn 0.00163 -0.79611 0.60514
vn 0.00619 -0.55468 0.83204
vn 0.00093 -0.6708 0.74164
vn 6E-05 -0.66391 0.74782
vn 0.00211 -0.4276 0.90397
vn 0 -0.4449 0.89558
vn 0.0006 -0.78354 0.62134
vn 0.00332 -0.30499 0.95235
vn 0.00054 -0.43494 0.90046
vn 0.00352 0.03592 0.99935
vn 0.00584 -0.72365 0.69014
vn 0.00411 -0.44342 0.8963
vn 0.02245 -0.13879 0.99007
vn 0.00209 -0.12282 0.99243
vn 0.00233 -0.22479 0.97441
vn 0.0011 0.57383 0.81897
vn 0.00096 0.48885 0.87237
vn 0.00212 -0.67265 0.73996
vn 0.00015 -0.85997 0.51034
vn 0.00153 -0.72791 0.68567
vn -0.01885 -0.1577 0.98731
vn 0.00047 -0.39782 0.91747
vn 0.0007 -0.77951 0.62639
vn 0.00167 -0.48301 0.87561
vn 0.00173 -0.41053 0.91185
vn 0.00338 0.43356 0.90112
vn -0.0003 -0.77166 0.63603
vn -7E-05 -0.766 0.64284
vn -0 -0.11491 0.99338
vn 0.0009 -0.5852 0.81089
vn 0.00218 -0.15008 0.98867
vn 0.00208 -0.20517 0.97872
vn 0.00017 -0.40547 0.91411
vn -0.00019 -0.85501 0.51861
vn -0.00017 -0.70426 0.70994
vn 0.02305 -0.13912 0.99001
vn -0.03127 -0.25805 0.96563
vn 0.00042 -0.37251 0.92803
vn 0.001 -0.50605 0.8625
vn 0.00235 -0.19966 0.97986
vn 0.00181 0.11458 0.99341
vn 0.00222 0.77076 0.63713
vn 0.00022 -0.3172 0.94836
vn 0.00183 -0.79188 0.61067
vn 0.00118 -0.60363 0.79727
vn 0.00156 -0.15812 0.98742
vn 0.00434 -0.84656 0.53228
vn 0.00011 0.58487 0.81113
vn -0.00169 -0.14121 0.98998
vn -0.00048 -0.22793 0.97368
vn -0.00168 -0.75023 0.66117
vn -0.00016 -0.44091 0.89755
vn -0.00127 -0.9757 0.21911
vn 0 -0.82218 0.56923
vn -0.00149 -0.51324 0.85824
vn -0.00038 -0.18435 0.98286
vn -0.00182 -0.20879 0.97796
vn -0.00598 -0.68001 0.73318
vn -0.00062 -0.25206 0.96771
vn -0.00224 -0.70851 0.7057
vn -0.00211 -0.40232 0.91549
vn -0.00098 -0.15298 0.98823
vn -0.00427 -0.22717 0.97385
vn -0 -0.03862 0.99925
vn 1E-05 -0.42703 0.90424
vn -0.00446 -0.70768 0.70652
vn -0.00273 -0.25527 0.96687
vn -0.00124 -0.77591 0.63085
vn -0.00081 -0.38124 0.92448
vn 0.06111 -0.13856 0.98847
vn -0.00279 -0.52986 0.84808
vn -0.00375 -0.817 0.57663
vn 8E-05 -0.84919 0.52808
vn -0.00202 -0.22493 0.97437
vn -0.00184 -0.63567 0.77196
vn 0.00049 -0.5273 0.84968
vn -0.02572 -0.22382 0.97429
vn 0.00119 -0.04822 0.99884
vn -0.00121 -0.37062 0.92879
vn -0.00036 -0.75007 0.66135
vn -0.00143 -0.15145 0.98846
vn 0.00063 -0.7718 0.63586
vn 0 -0.22319 0.97477
vn 8E-05 -0.37912 0.92535
vn 0.00147 -0.22715 0.97386
vn 0.00123 -0.62126 0.78361
vn -0.00199 0.05 0.99875
vn 0.00111 -0.96223 0.27222
vn 0 -0.60104 0.79922
vn 0 -0.11905 0.99289
vn 0.00078 -0.78186 0.62346
vn 0.00046 -0.17834 0.98397
vn 0.0017 -0.62622 0.77965
vn 0 -0.66104 0.75035
vn 0.00231 -0.05994 0.9982
vn 0.001 -0.45654 0.8897
vn 0.00552 0.01754 0.99983
vn 0.00291 0.66541 0.74647
vn 0.00102 0.59568 0.80322
vn 0.00138 0.71025 0.70395
vn 0 -0.57433 0.81863
vn 0.00061 -0.34379 0.93905
vn 0.00054 0.21513 0.97659
vn -0.00226 0.45092 0.89256
vn -0.00296 0.38607 0.92246
vn -0.00114 -0.14941 0.98878
vn -0.00265 0.36732 0.93009
vn -0.00154 -0.37522 0.92694
vn -0.00124 -0.95474 0.29743
vn -0.00034 -0.73292 0.68031
vn -0.00171 -0.70682 0.7074
vn -0.00102 -0.83647 0.54801
vn -6E-05 -0.73013 0.68331
vn -0.00342 -0.68731 0.72635
vn -0.00187 -0.74838 0.66327
vn 0 -0.10511 0.99446
vn 0 -0.13154 0.99131
vn -1E-05 0.08221 0.99662
vn 1E-05 0.0792 0.99686
vn -0.01424 0.08652 0.99615
vn -0.02226 0.10721 0.99399
vn 0.01593 0.04141 0.99902
vn -0.01275 0.06838 0.99758
vn 0 0.0368 0.99932
vn 0 0.0368 0.99932
vn -0.01499 0.07826 0.99682
vn 0.01723 0.04656 0.99877
vn -0.01419 0.07688 0.99694
vn 0.01697 0.04745 0.99873
vn 0.01617 0.06188 0.99795
vn 0 0.3181 0.94806
vn 0 0.31097 0.95042
vn 0 0.20048 0.9797
vn 0.02416 0.05024 0.99844
vn -1E-05 0.32443 0.94591
vn 0 0.20048 0.9797
vn -0.01734 0.05761 0.99819
vn 0 0.20048 0.9797
vn 0.01704 0.05669 0.99825
vn 0 0.32033 0.9473
vn 0 0.21383 0.97687
vn 0.02869 0.06219 0.99765
vn 0 0.31943 0.94761
vn 0 0.21733 0.9761
vn 0 0.31998 0.94743
vn 0 0.21047 0.9776
vn 0.05576 0.0348 0.99784
vn 0 0.32043 0.94727
vn -0.03686 0.12813 0.99107
vn 0 0.21054 0.97759
vn 0 0.3212 0.94701
vn 0 0.20834 0.97806
vn 0 0.32058 0.94722
vn -0.01178 0.08336 0.99645
vn 0 -0.15094 0.98854
vn -0 -0.15094 0.98854
vn -0 -0.09788 0.9952
vn -0 -0.09788 0.9952
vn 0 -0.09788 0.9952
vn 0 -0.09788 0.9952
vn 0 -0.09788 0.9952
vn 0.00043 0.04395 0.99903
vn 0 0.05444 0.99852
vn -1E-05 0.31097 0.95042
vn -0.0171 -0.04361 0.9989
vn 0.00062 -0.00901 0.99996
vn -0.0003 -0.02431 0.9997
vn 0 -0.00239 1
vn -0.00125 -0.03672 0.99932
vn 0 -0.00587 0.99998
vn -0.01689 -0.04054 0.99904
vn -0.02693 0.00018 0.99964
vn 0.00132 0.04513 0.99898
vn 0.02127 0.01911 0.99959
vn -0.01894 0.00382 0.99981
vn 0 -0.00587 0.99998
vn 0.01589 -0.02435 0.99958
vn -0.01507 -0.04043 0.99907
vn -0.01892 -0.0436 0.99887
vn 0 -0.00587 0.99998
vn 0.01691 -0.02301 0.99959
vn -0.01852 -0.04424 0.99885
vn 0.01601 -0.02271 0.99961
vn -0.01371 -0.03737 0.99921
vn -0.01684 -0.04415 0.99888
vn 0.01455 -0.02264 0.99964
vn 0 -0.33459 0.94236
vn 0 -0.32097 0.94709
vn 0 -0.09709 0.99528
vn -0 -0.33062 0.94377
vn 0 -0.09709 0.99528
vn 0.0225 -0.01783 0.99959
vn 0 -0.09709 0.99528
vn 0 -0.33064 0.94376
vn 0.01781 -0.02444 0.99954
vn 0 -0.09709 0.99528
vn -0 -0.32975 0.94407
vn 0 -0.09709 0.99528
vn -0 -0.33029 0.94388
vn -0 -0.33073 0.94372
vn -0 -0.33149 0.94346
vn 0 -0.09709 0.99528
vn -0 -0.33088 0.94367
vn 0.01767 -0.02645 0.99949
vn 0 0.02868 0.99959
vn 0.02403 -0.0009 0.99971
vn 0 0.02868 0.99959
vn 0.02693 0.00018 0.99964
vn 0 0.02868 0.99959
vn 0.09209 0.00726 0.99572
vn 0 0.02868 0.99959
vn 0.02408 -0.00046 0.99971
vn 0 0.02868 0.99959
vn 0.02194 -0.00094 0.99976
vn 0 0.02868 0.99959
vn 0.03911 0.00292 0.99923
vn 0 0.02868 0.99959
vn 0.0353 0.00207 0.99937
vn 0.03569 0.00215 0.99936
vn 0.02336 0.00871 0.99969
vn -0.07515 0.00382 0.99716
vn -0.01881 0.01723 0.99967
vn 0 0.9495 0.31376
vn -0.03068 -0.00587 0.99951
vn -0.00069 -0.01094 0.99994
vn -0.0353 0.00207 0.99937
vn -0.03766 0.0026 0.99929
vn -0.03569 0.00215 0.99936
vn -0.03911 0.00292 0.99923
vn 0 -0.00587 0.99998
vn 0 0.9495 0.31376
vn -0 -0.32109 0.94705
vn -0.02412 -0.00587 0.99969
vn 0 -0.00544 0.99999
vn 0.00798 -0.00544 0.99995
vn 0.00533 -0.00544 0.99997
vn 0 -0.99905 0.04349
vn 0 -0.99982 0.01876
vn 0 -0.99994 0.01136
vn 0.99966 -0.00014 0.02607
vn 0.99959 -0.00016 0.02858
vn 0.99976 -0.00012 0.02193
vn 0 0.99956 0.02964
vn 0 0.99951 0.0312
vn 0 0.99994 0.01138
vn -0.99929 -0.0002 0.03764
vn -0.99976 -0.00012 0.02193
vn -0.99966 -0.00014 0.02607
vn 0 -0.19534 0.98074
vn 0 -0.0071 0.99997
vn 0 -0.03309 0.99945
vn 0.14089 -0.00539 0.99001
vn -0.03219 -0.00544 0.99947
vn -0.02516 -0.00544 0.99967
vn 0 0.17653 0.9843
vn 0 -0.02907 0.99958
vn 0 0.02179 0.99976
vn -0.17834 -0.00535 0.98395
vn 0.02517 -0.00544 0.99967
vn -0.1409 -0.00539 0.99001
vn 0 -0.00424 0.99999
vn 0 -0.02092 0.99978
vn 0 -0.11926 0.99286
vn 0.17999 -0.00535 0.98365
vn -0.13047 -0.00539 0.99144
vn -0.10219 -0.00541 0.99475
vn 0 0.02043 0.99979
vn 0 -0.02255 0.99975
vn 0 0.10644 0.99432
vn -0.12095 -0.0054 0.99264
vn 0.10221 -0.00541 0.99475
vn -0.17999 -0.00535 0.98365
vn 0 0.00061 1
vn 0 0.96104 0.2764
vn -0.0086 0.00546 0.99995
vn 0.95198 -0.00167 0.30615
vn 0.96947 -0.00133 0.24519
vn 0 -0.00961 0.99995
vn 0 -0.96944 0.24531
vn 0.01593 -0.01633 0.99974
vn -0.00287 -0.00544 0.99998
vn -0.96945 -0.00133 0.2453
vn -0.0043 -0.00544 0.99998
vn 0 0.29276 0.95619
vn 0 0.24845 0.96864
vn 0 0.68666 0.72698
vn 0 0.64246 0.76632
vn -0.31588 -0.00516 0.94878
vn -0.70683 -0.00385 0.70738
vn -0.38056 -0.00503 0.92474
vn 0 -0.35569 0.9346
vn 0 -0.25861 0.96598
vn 0 -0.7029 0.71129
vn 0 -0.64783 0.76179
vn 0.38055 -0.00503 0.92475
vn 0.31587 -0.00516 0.94879
vn 0.76323 -0.00351 0.64612
vn 0.70683 -0.00385 0.70738
vn 0 0.99467 0.1031
vn 0 0.96696 0.25492
vn 0 0.99467 0.10314
vn 0 0.72716 0.68647
vn 0 0.92422 0.38185
vn 0.99468 -0.00056 0.10306
vn 0.94862 -0.00172 0.31641
vn 0.96705 -0.00139 0.25459
vn 0 -0.99617 0.08742
vn 0 -0.96714 0.25426
vn 0 -0.99467 0.10308
vn 0 -0.76472 0.64437
vn 0 -0.92473 0.38062
vn -0.99591 -0.00049 0.09039
vn -0.96703 -0.00139 0.25465
vn -0.99469 -0.00056 0.10292
vn -0.76322 -0.00351 0.64613
vn -0.9486 -0.00172 0.31646
vn 0.99588 -0.00049 0.09071
vn 0 -0.12565 0.99208
vn 0.12096 -0.0054 0.99264
vn 0 0.19226 0.98134
vn 0 0.43638 0.89976
vn 0 0.39786 0.91745
vn 0 0.18865 0.98204
vn -0.39123 -0.00501 0.92028
vn -0.41469 -0.00495 0.90995
vn 0 -0.44454 0.89576
vn 0 -0.39552 0.91846
vn 0 -0.19856 0.98009
vn 0.41468 -0.00495 0.90996
vn 0.13048 -0.00539 0.99144
vn 0 0.36107 0.93254
vn 0 0.38167 0.9243
vn -0.40133 -0.00498 0.91592
vn -0.37927 -0.00503 0.92527
vn 0 -0.36958 0.9292
vn 0 -0.40546 0.91411
vn 0.37923 -0.00503 0.92529
vn 0.3912 -0.00501 0.92029
vn 0 0.82647 0.56298
vn 0 0.93476 0.35527
vn 0.7737 -0.00345 0.63354
vn 0.82744 -0.00305 0.56155
vn 0 -0.82843 0.56009
vn 0 -0.93518 0.35417
vn -0.82727 -0.00306 0.56179
vn -0.95192 -0.00167 0.30635
vn 0 0.36913 0.92938
vn 0 0.74842 0.66323
vn 0 0.7062 0.70801
vn -0.77355 -0.00345 0.63373
vn 0 -0.39365 0.91926
vn 0 -0.76591 0.64295
vn 0 -0.71024 0.70396
vn 0.40131 -0.00498 0.91593
vn 0 -0.16782 0.98582
vn 0 -0.679 0.73414
vn 0 -0.23263 0.97256
vn 0.17834 -0.00535 0.98395
vn 0.73756 -0.00367 0.67528
vn 0.62729 -0.00424 0.77877
vn 0 0.13573 0.99075
vn 0 0.62482 0.78077
vn 0 0.22284 0.97485
vn -0.62712 -0.00424 0.77891
vn 0 -0.76466 0.64444
vn 0 -0.83204 0.55472
vn 0 0.74306 0.66922
vn 0 0.8299 0.55791
vn -0.73742 -0.00367 0.67542
vn -0.99959 -0.00016 0.02858
vn 0 -0.00544 0.99999
vn 0 -0.00544 0.99999
vn 0 -0.99994 0.01136
vn 0 -0.99916 0.04103
vn 0 -0.9998 0.01994
vn 0 0.99994 0.01138
vn 0 0.99916 0.0411
vn 0 0.9998 0.01995
vn 0 -0.03272 0.99946
vn 0 0.04308 0.99907
vn 0 0.02216 0.99975
vn 0 -0.05374 0.99855
vn 0 -0.1172 0.99311
vn 0 0.10851 0.9941
vn 0 0.93473 0.35536
vn 0 0.94515 0.32663
vn 0.00797 1E-05 0.99997
vn 0 -0.93521 0.35409
vn 0 -0.94941 0.31403
vn -0.0043 -0.01089 0.99993
vn 0 0.24896 0.96851
vn 0 0.34684 0.93792
vn 0 0.64286 0.76598
vn 0 -0.25811 0.96612
vn 0 -0.38467 0.92305
vn 0 -0.64743 0.76212
vn 0 0.92412 0.38211
vn 0 0.94167 0.33654
vn 0 0.99466 0.10317
vn 0 -0.92483 0.38037
vn 0 -0.95636 0.29218
vn 0 -0.99468 0.10305
vn 0 0.9933 0.11555
vn 0 -0.99468 0.10301
vn 0 0.4367 0.89961
vn 0 -0.44422 0.89592
vn 0 0.41966 0.90768
vn 0 0.36086 0.93262
vn 0 -0.41005 0.91206
vn 0 -0.36979 0.92912
vn 0 0.70642 0.70779
vn 0 -0.71002 0.70418
vn 0 -0.23286 0.97251
vn 0 0.22261 0.97491
vn 0 -0.83193 0.55488
vn 0 0.83001 0.55774
vn 0 -0.00544 0.99999
vn 0 -0.9992 0.03987
vn 0 -0.99979 0.02062
vn 0 -0.18755 0.98225
vn 0 -0.0001 1
vn 0 -0.11083 0.99384
vn 0 0.01662 0.99986
vn 0 -0.01089 0.99994
vn 0 -0.95379 0.30048
vn 0 0.30537 0.95223
vn 0 0.69919 0.71494
vn 0 -0.99487 0.10113
vn 0 -0.9509 0.30948
vn 0 -0.71485 0.69928
vn 0 0.13174 0.99128
vn 0 -0.4161 0.90932
vn 0 -0.05801 0.99832
vn 0 -0.38535 0.92277
vn 0 -0.78093 0.62462
vn 0 0.37345 0.92765
vn 0 0.76634 0.64243
vn 0 0.16869 0.98567
vn 0 0.72514 0.6886
vn 0 -0.74906 0.6625
vn 0 0.99973 0.02337
vn 0 0.99937 0.03548
vn 0 -0.01822 0.99983
vn 0 0.95011 0.31191
vn 0 1E-05 1
vn 0 1E-05 1
vn 0 -0.32709 0.94499
vn 0 0.94637 0.32309
vn 0 0.99448 0.10494
vn 0 0.41278 0.91083
vn 0 -0.00544 0.99999
vn 0 -0.99933 0.03666
vn 0 -0.99975 0.02254
vn 0 -0.18146 0.9834
vn 0 0.00526 0.99999
vn 0 -0.13407 0.99097
vn 0 0.03852 0.99926
vn 0 -0.95132 0.3082
vn 0 0.31443 0.94928
vn 0 0.7077 0.70651
vn 0 -0.9946 0.10382
vn 0 -0.94793 0.31848
vn 0 -0.70652 0.7077
vn 0 0.10934 0.994
vn 0 -0.41956 0.90773
vn 0 -0.03605 0.99935
vn 0 -0.38293 0.92378
vn 0 -0.77256 0.63494
vn 0 0.37584 0.92668
vn 0 0.77493 0.63204
vn 0 0.17474 0.98461
vn 0 0.74005 0.67255
vn 0 -0.73452 0.67859
vn 0 0.99977 0.02139
vn 0 0.99925 0.03861
vn 0 -0.01284 0.99992
vn 0 0.95261 0.30421
vn 0 1E-05 1
vn 0 -0.31809 0.94806
vn 0 0.94942 0.31401
vn 0 0.99476 0.10228
vn 0 0.40927 0.91241
vn 0 -0.00544 0.99999
vn 0 -0.00544 0.99999
vn 0 -0.9993 0.03751
vn 0 -0.99976 0.022
vn 0 -0.1831 0.98309
vn 0 0.00379 0.99999
vn 0 -0.12795 0.99178
vn 0 0.03251 0.99947
vn 0 -0.01089 0.99994
vn 0 -0.95199 0.30612
vn 0 0.31194 0.9501
vn 0 0.70538 0.70883
vn 0 -0.99467 0.10309
vn 0 -0.94876 0.31601
vn 0 -0.7088 0.70541
vn 0 0.1157 0.99328
vn 0 -0.41861 0.90817
vn 0 -0.04204 0.99912
vn 0 -0.38357 0.92351
vn 0 -0.77487 0.63212
vn 0 0.37517 0.92696
vn 0 0.77261 0.63488
vn 0 0.17306 0.98491
vn 0 0.73601 0.67698
vn 0 -0.73853 0.67422
vn 0 0.99976 0.02192
vn 0 0.99929 0.03773
vn 0 -0.01431 0.9999
vn 0 0.95192 0.30634
vn 0 1E-05 1
vn 0 -0.32055 0.94723
vn 0 0.9486 0.31649
vn 0 0.99468 0.10302
vn 0 0.41023 0.91198
vn 0 -0.00544 0.99999
vn 0 -0.99935 0.03617
vn 0 -0.99974 0.02286
vn 0 -0.18051 0.98357
vn 0 0.00612 0.99998
vn 0 -0.13753 0.9905
vn 0 0.04201 0.99912
vn 0 -0.95093 0.3094
vn 0 0.31587 0.9488
vn 0 0.70904 0.70517
vn 0 -0.99455 0.10424
vn 0 -0.94745 0.31991
vn 0 -0.70519 0.70902
vn 0 0.10557 0.99441
vn 0 -0.42011 0.90747
vn 0 -0.03259 0.99947
vn 0 -0.38256 0.92393
vn 0 -0.77121 0.63658
vn 0 0.37624 0.92652
vn 0 0.77627 0.6304
vn 0 0.17572 0.98444
vn 0 0.74238 0.66998
vn 0 -0.73218 0.68111
vn 0 0.99923 0.03913
vn 0 0.99978 0.02109
vn 0 0.99986 0.01687
vn 0 -0.012 0.99993
vn 0 0.00705 0.99998
vn 0 -0.04568 0.99896
vn 0 1E-05 1
vn 0 0.953 0.30296
vn 0 0.95921 0.28271
vn 0 -0.31667 0.94854
vn 0 -0.29469 0.95559
vn 0 -0.71019 0.70401
vn 0 0.9948 0.10185
vn 0 0.94989 0.31258
vn 0 0.94809 0.318
vn 0 0.73932 0.67336
vn 0 0.9955 0.09472
vn 0 0.40871 0.91266
vn 0 0.02886 0.99958
vn 0 0.40022 0.91642
vn 0 0.77118 0.63661
vn 0 -0.77627 0.6304
vn 0 -0.69472 0.71928
vn 0 0.73353 0.67965
vn 0 -0.00544 0.99999
vn 0 -0.00544 0.99999
vn 0 -0.99928 0.03804
vn 0 -0.16016 0.98709
vn 0 -0.20443 0.97888
vn 0 -0.01089 0.99994
vn 0 0.00289 1
vn 0 0.33851 0.94096
vn 0 -0.99389 0.11037
vn 0 -0.93547 0.35342
vn 0 0.11948 0.99284
vn 0 -0.43319 0.9013
vn 0 -0.37724 0.92611
vn 0 -0.9524 0.30484
vn 0 0.38673 0.92219
vn 0 0.17205 0.98509
vn 0 -0.99977 0.02168
vn 0 0.99859 0.05311
vn 0 0.99929 0.03763
vn 0 -0.01447 0.9999
vn 0 -0.05079 0.99871
vn 0 -0.00183 1
vn 0 -0.00017 1
vn 0 -0.71213 0.70205
vn 0 0.94738 0.32011
vn 0 0.70512 0.70909
vn 0 -0.12724 0.99187
vn 0 0.02377 0.99972
vn 0 0.3751 0.92699
vn 0 0.76918 0.63903
vn 0 -0.77821 0.628
vn 0 -0.18329 0.98306
vn 0 0.73007 0.68338
vn 0 -0.00544 0.99999
vn 0 -0.00544 0.99999
vn 0 -0.99925 0.03879
vn 0 0.00165 1
vn 0 -0.94885 0.31573
vn 0 0.12465 0.9922
vn 0 -0.4185 0.90822
vn 0 -0.95298 0.30304
vn 0 0.17065 0.98533
vn 0 -0.99977 0.02123
vn 0 0.99976 0.02198
vn 0 0.95185 0.30658
vn 0 -0.32083 0.94714
vn 0 0.99467 0.1031
vn 0 0.41033 0.91194
vn 0 -0.38365 0.92348
vn 0 -0.73899 0.67372
vn 0 0.31166 0.95019
vn 0 -0.99468 0.10301
vn 0 -0.9977 0.06771
vn 0 -0.94885 0.31573
vn 0 -0.94885 0.31573
vn 0.99929 -0.0002 0.03765
vn 0.94866 -0.00172 0.31629
vn 0.94866 -0.00172 0.31631
vn 0 0.99771 0.06768
vn 0 0.94848 0.31683
vn 0 0.94846 0.31689
vn -0.94867 -0.00172 0.31627
vn 0 -0.99771 0.06762
vn -0 0.94846 0.3169
vn -0 0.9977 0.06777
vn 0 0.94845 0.31691
vn 0 0.94845 0.31691
vn 0 0.94845 0.31691
vn 0 0.94845 0.31691
vn 0 -0.94885 0.31573
vn 0.00955 -0.00544 0.99994
vn 0 -0.00544 0.99999
vn 0 -0.00544 0.99999
vn 0.00798 -0.00544 0.99995
vn 0.99929 -0.0002 0.03766
vn 0.99976 -0.00012 0.02194
vn 0.99976 -0.00012 0.02193
vn 0.99929 -0.0002 0.03765
vn 0.99994 -6E-05 0.01136
vn 0.99772 -0.00037 0.06756
vn 0.99903 -0.00024 0.04412
vn 0.99983 -0.0001 0.01851
vn -0.99772 -0.00037 0.06756
vn -0.99994 -6E-05 0.01136
vn -0.99903 -0.00024 0.04411
vn -0.99983 -0.0001 0.01851
vn -0.99976 -0.00012 0.02194
vn -0.99929 -0.0002 0.03766
vn -0.99976 -0.00012 0.02193
vn -0.99929 -0.0002 0.03765
vn 0.22745 -0.0053 0.97378
vn 0.02691 -0.00544 0.99962
vn 0.19037 -0.00534 0.9817
vn 0.00129 -0.00544 0.99998
vn 0.0269 -0.00543 0.99962
vn 0.22739 -0.0053 0.97379
vn 0.19031 -0.00534 0.98171
vn 0.00129 -0.00544 0.99998
vn -0.22736 -0.0053 0.9738
vn -0.0269 -0.00543 0.99962
vn -0.1903 -0.00534 0.98171
vn -0.00129 -0.00544 0.99998
vn -0.02691 -0.00544 0.99962
vn -0.22743 -0.0053 0.97378
vn -0.19036 -0.00534 0.9817
vn -0.00129 -0.00544 0.99998
vn -0.12132 -0.0054 0.9926
vn 0.11006 -0.0054 0.99391
vn 0.0731 -0.00542 0.99731
vn 0.0053 -0.00544 0.99997
vn 0.11005 -0.0054 0.99391
vn 0.12193 -0.0054 0.99252
vn 0.12116 -0.0054 0.99262
vn 0.00526 -0.00544 0.99997
vn -0.12193 -0.0054 0.99252
vn -0.11007 -0.0054 0.99391
vn -0.12116 -0.0054 0.99262
vn -0.00527 -0.00544 0.99997
vn -0.11006 -0.0054 0.99391
vn 0.12132 -0.0054 0.9926
vn -0.07309 -0.00542 0.99731
vn -0.0053 -0.00544 0.99997
vn 0.93509 -0.00193 0.35441
vn 0.94732 -0.00174 0.32029
vn 0.93504 -0.00193 0.35453
vn 0.94729 -0.00174 0.32037
vn -0.93494 -0.00193 0.35479
vn -0.94722 -0.00174 0.32059
vn -0.00516 -0.00544 0.99997
vn -0.93498 -0.00193 0.35468
vn -0.94725 -0.00174 0.32051
vn -0.0043 -0.00544 0.99998
vn -0.25417 -0.00526 0.96715
vn -0.29885 -0.00519 0.95429
vn -0.25423 -0.00526 0.96713
vn -0.29877 -0.00519 0.95431
vn -0.64572 -0.00416 0.76356
vn -0.69073 -0.00393 0.7231
vn -0.64568 -0.00416 0.76359
vn -0.69074 -0.00393 0.72309
vn 0.25422 -0.00526 0.96713
vn 0.29876 -0.00519 0.95431
vn 0.25416 -0.00526 0.96715
vn 0.29884 -0.00519 0.95429
vn 0.03219 -0.00544 0.99947
vn 0.64567 -0.00416 0.7636
vn 0.69074 -0.00393 0.72309
vn 0.64571 -0.00416 0.76357
vn 0.69073 -0.00393 0.7231
vn 0.99286 -0.00065 0.11929
vn 0.92461 -0.00207 0.38091
vn 0.94269 -0.00181 0.33365
vn 0.99416 -0.00059 0.10792
vn 0.92462 -0.00207 0.38089
vn 0.99467 -0.00056 0.10307
vn 0.94271 -0.00181 0.33361
vn 0.99467 -0.00056 0.10307
vn -0.9947 -0.00056 0.10285
vn -0.9246 -0.00207 0.38094
vn -0.94269 -0.00181 0.33366
vn -0.9947 -0.00056 0.10284
vn -0.92459 -0.00207 0.38096
vn -0.99285 -0.00065 0.11934
vn -0.94268 -0.00182 0.33371
vn -0.99415 -0.00059 0.10797
vn -0.44007 -0.00488 0.89795
vn -0.42138 -0.00493 0.90687
vn -0.44001 -0.00488 0.89798
vn -0.42133 -0.00493 0.90689
vn 0.44002 -0.00488 0.89798
vn 0.42134 -0.00493 0.90689
vn 0.44005 -0.00488 0.89796
vn 0.42136 -0.00493 0.90688
vn -0.36564 -0.00506 0.93074
vn -0.37495 -0.00504 0.92703
vn -0.36558 -0.00506 0.93077
vn -0.375 -0.00504 0.92701
vn 0.36557 -0.00506 0.93077
vn 0.37496 -0.00504 0.92703
vn 0.36561 -0.00506 0.93075
vn 0.37492 -0.00504 0.92704
vn 0.70854 -0.00384 0.70566
vn 0.75719 -0.00355 0.65319
vn 0.7084 -0.00384 0.7058
vn 0.75708 -0.00355 0.65331
vn -0.70827 -0.00384 0.70593
vn -0.75693 -0.00355 0.65348
vn -0.70872 -0.00384 0.70548
vn -0.75719 -0.00355 0.65319
vn 0.83089 -0.00303 0.55643
vn 0.76475 -0.0035 0.64431
vn 0.83091 -0.00303 0.55639
vn 0.76481 -0.0035 0.64425
vn -0.83083 -0.00303 0.55651
vn -0.76469 -0.0035 0.64439
vn -0.83081 -0.00303 0.55655
vn -0.76463 -0.00351 0.64445
vn 0 -0.00544 0.99999
vn 0 -0.00544 0.99999
vn 0 -0.00544 0.99999
vn 0 -0.00544 0.99999
vn 0 -0.00544 0.99999
vn 0 -0.00544 0.99999
vn 0 -0.00544 0.99999
vn 0 -0.00544 0.99999
vn 0 -0.00544 0.99999
vn 0 -0.00544 0.99999
vn 0 -0.00544 0.99999
vn 0 -0.00544 0.99999
vn 0 -0.00544 0.99999
vn 0 -0.00544 0.99999
vn 0.94867 -0.00172 0.31626
vn 0.94866 -0.00172 0.31628
vn 0.94865 -0.00172 0.31631
vn 0.94864 -0.00172 0.31636
vn -0.94866 -0.00172 0.31629
vn -0.94867 -0.00172 0.31628
vn -0.94868 -0.00172 0.31624
vn -0.94867 -0.00172 0.31626
vn -0.94867 -0.00172 0.31627
vn -0 0.94848 0.31683
vn 0 0.11641 0.9932
vn 0 -0.12724 0.99187
vn 0 0.11641 0.9932
vn 0 -0.12724 0.99187
vn 0.02661 -0.00534 0.99963
vn 0.0479 -0.00544 0.99884
vn 0.31608 -0.00516 0.94872
vn 0.31627 -0.00516 0.94866
vn 0.0128 -0.00529 0.9999
vn 0.02141 -0.00532 0.99976
vn 0.01906 -0.00528 0.9998
vn 0.02522 -0.00532 0.99967
vn 0.31573 -0.00516 0.94883
vn 0.31593 -0.00516 0.94877
vn 0.31635 -0.00516 0.94863
vn 0.31637 -0.00516 0.94862
vn -9E-05 1 0.00035
vn -0.00015 1 0.00058
vn -0.0006 1 0
vn -0.00025 1 0.00218
vn -0.0006 1 0.00233
vn -0.0006 1 0.00232
vn -0.00031 0.99999 0.00347
vn 0.00033 0.99998 0.0064
vn -0.00339 0.99998 0.00477
vn 0 1 0
vn 0.00199 0.99997 0.00686
vn 0.00144 0.99985 0.01722
vn 0 0.00136 -1
vn 0 0.00136 -1
vn 0 0.00136 -1
vn 0 0.00136 -1
vn -1 0 0
vn -0.00063 -1E-05 -1
vn -0.00062 -3E-05 -1
vn -0.00059 -2E-05 -1
vn -0.00064 -1E-05 -1
vn -0.00051 -1E-05 -1
vn -0.00048 -3E-05 -1
vn -0.00044 -2E-05 -1
vn -0.00054 -3E-05 -1
vn -0.00041 -3E-05 -1
vn -0.00035 -1E-05 -1
vn -0.00031 -3E-05 -1
vn -0.00024 -1E-05 -1
vn -0.00019 -2E-05 -1
vn -0.00015 -1E-05 -1
vn -9E-05 -3E-05 -1
vn -4E-05 -2E-05 -1
vn -3E-05 -2E-05 -1
vn 0 0 -1
vn -0.00058 -3E-05 -1
vn -0.00055 -2E-05 -1
vn -0.00107 -0.00014 -1
vn -0.00136 0 -1
vn -0.00136 -0 -1
vn -0.00064 0 -1
vn -0.00064 -7E-05 -1
vn -0.00084 -8E-05 -1
vn -0.00064 0 -1
vn -0.00064 0 -1
vn 1 0 0
vn 3E-05 -2E-05 -1
vn 5E-05 -1E-05 -1
vn 0.00011 -3E-05 -1
vn 0.00122 -7E-05 -1
vn 0.0014 -0.00013 -1
vn 0.00136 0 -1
vn 0.00063 -0.00115 -1
vn 0.00062 -3E-05 -1
vn 0.00064 -0.00201 -1
vn 0.00059 -2E-05 -1
vn 0.00051 -1E-05 -1
vn 0.00048 -3E-05 -1
vn 0.00054 -3E-05 -1
vn 0.00044 -2E-05 -1
vn 0.00041 -3E-05 -1
vn 0.00035 -1E-05 -1
vn 0.00031 -3E-05 -1
vn 0.00025 -1E-05 -1
vn 0.00021 -3E-05 -1
vn 0.00015 -1E-05 -1
vn 0.00058 -3E-05 -1
vn 0.00055 -2E-05 -1
vn 0.00162 6E-05 -1
vn 0.00064 -0.00061 -1
vn 0.00278 0.0001 -1
vn 0.0024 0.00035 -1
vn 0.00215 0.00011 -1
vn 0.00259 5E-05 -1
vn 0.00148 0.00011 -1
vn 0.00192 5E-05 -1
vn 0.00112 4E-05 -1
vn 0.00129 6E-05 -1
vn 0 -1 0
usemtl mat0
f 1//1 2//2 3//3
f 4//4 5//5 6//6
f 4//4 7//7 5//5
f 8//8 9//9 10//10
f 11//11 12//12 13//13
f 11//11 13//13 14//14
f 15//15 16//16 17//17
f 18//18 17//17 19//19
f 20//20 21//21 22//22
f 23//23 24//24 19//19
f 25//25 26//26 27//27
f 28//28 29//29 27//27
f 30//30 31//31 32//32
f 33//33 9//9 34//34
f 35//35 20//20 36//36
f 37//37 38//38 39//39
f 40//40 14//14 41//41
f 20//20 42//42 21//21
f 6//6 43//43 44//44
f 6//6 5//5 43//43
f 44//44 42//42 6//6
f 21//21 42//42 44//44
f 45//45 46//46 47//47
f 48//48 41//41 16//16
f 25//25 3//3 26//26
f 28//28 27//27 38//38
f 31//31 49//49 39//39
f 50//50 37//37 39//39
f 51//51 2//2 52//52
f 48//48 40//40 41//41
f 43//43 53//53 44//44
f 45//45 10//10 46//46
f 54//54 55//55 12//12
f 56//56 47//47 57//57
f 58//58 54//54 12//12
f 12//12 11//11 58//58
f 40//40 11//11 14//14
f 24//24 18//18 19//19
f 29//29 25//25 27//27
f 59//59 28//28 38//38
f 30//30 49//49 31//31
f 60//60 30//30 32//32
f 39//39 49//49 50//50
f 60//60 32//32 61//61
f 62//62 61//61 33//33
f 62//62 60//60 61//61
f 52//52 2//2 1//1
f 44//44 53//53 21//21
f 63//63 53//53 43//43
f 25//25 1//1 3//3
f 64//64 1//1 25//25
f 65//65 11//11 40//40
f 66//66 36//36 20//20
f 66//66 20//20 22//22
f 67//67 33//33 34//34
f 68//68 57//57 55//55
f 68//68 55//55 54//54
f 59//59 38//38 37//37
f 65//65 40//40 48//48
f 21//21 69//69 22//22
f 53//53 70//70 21//21
f 21//21 70//70 69//69
f 70//70 63//63 71//71
f 70//70 71//71 69//69
f 63//63 70//70 53//53
f 63//63 72//72 71//71
f 73//73 72//72 63//63
f 10//10 45//45 74//74
f 11//11 65//65 75//75
f 76//76 64//64 25//25
f 77//77 28//28 59//59
f 77//77 29//29 28//28
f 64//64 78//78 1//1
f 69//69 71//71 79//79
f 69//69 80//80 22//22
f 81//81 79//79 82//82
f 69//69 79//79 81//81
f 80//80 69//69 81//81
f 83//83 8//8 10//10
f 83//83 10//10 74//74
f 11//11 75//75 58//58
f 84//84 48//48 16//16
f 85//85 75//75 65//65
f 84//84 85//85 65//65
f 84//84 65//65 48//48
f 86//86 24//24 23//23
f 87//87 77//77 59//59
f 49//49 88//88 50//50
f 89//89 88//88 49//49
f 90//90 23//23 35//35
f 78//78 52//52 1//1
f 91//91 52//52 78//78
f 92//92 52//52 91//91
f 93//93 81//81 82//82
f 94//94 74//74 45//45
f 95//95 45//45 47//47
f 95//95 47//47 56//56
f 96//96 84//84 16//16
f 18//18 15//15 17//17
f 22//22 97//97 66//66
f 98//98 29//29 77//77
f 98//98 25//25 29//29
f 99//99 89//89 60//60
f 50//50 88//88 100//100
f 60//60 62//62 99//99
f 68//68 54//54 101//101
f 86//86 23//23 90//90
f 90//90 35//35 36//36
f 87//87 59//59 37//37
f 100//100 37//37 50//50
f 100//100 87//87 37//37
f 91//91 78//78 102//102
f 81//81 103//103 80//80
f 9//9 8//8 83//83
f 94//94 45//45 95//95
f 58//58 101//101 54//54
f 104//104 16//16 15//15
f 104//104 96//96 16//16
f 22//22 80//80 97//97
f 76//76 25//25 98//98
f 67//67 62//62 33//33
f 83//83 34//34 9//9
f 105//105 90//90 36//36
f 106//106 87//87 100//100
f 7//7 107//107 5//5
f 7//7 108//108 107//107
f 5//5 107//107 109//109
f 109//109 107//107 110//110
f 111//111 5//5 109//109
f 111//111 109//109 112//112
f 113//113 112//112 109//109
f 114//114 5//5 111//111
f 73//73 63//63 43//43
f 73//73 43//43 5//5
f 73//73 5//5 114//114
f 115//115 114//114 111//111
f 116//116 72//72 73//73
f 116//116 73//73 114//114
f 116//116 114//114 115//115
f 117//117 116//116 115//115
f 118//118 117//117 115//115
f 119//119 116//116 117//117
f 118//118 115//115 112//112
f 120//120 117//117 118//118
f 121//121 117//117 120//120
f 118//118 112//112 122//122
f 72//72 79//79 71//71
f 123//123 79//79 72//72
f 79//79 123//123 82//82
f 82//82 123//123 93//93
f 123//123 72//72 116//116
f 93//93 123//123 124//124
f 125//125 93//93 124//124
f 119//119 123//123 116//116
f 124//124 123//123 119//119
f 119//119 126//126 124//124
f 124//124 126//126 127//127
f 126//126 119//119 117//117
f 121//121 126//126 117//117
f 127//127 126//126 128//128
f 128//128 126//126 121//121
f 125//125 124//124 129//129
f 127//127 129//129 124//124
f 127//127 128//128 130//130
f 130//130 128//128 131//131
f 103//103 81//81 93//93
f 132//132 93//93 125//125
f 132//132 103//103 93//93
f 107//107 133//133 110//110
f 107//107 108//108 133//133
f 134//134 110//110 135//135
f 136//136 137//137 138//138
f 136//136 139//139 137//137
f 137//137 140//140 141//141
f 137//137 139//139 140//140
f 113//113 109//109 110//110
f 134//134 113//113 110//110
f 142//142 134//134 135//135
f 143//143 135//135 141//141
f 141//141 135//135 137//137
f 144//144 140//140 139//139
f 122//122 112//112 113//113
f 145//145 122//122 113//113
f 113//113 134//134 145//145
f 145//145 134//134 142//142
f 143//143 142//142 135//135
f 146//146 143//143 141//141
f 146//146 141//141 140//140
f 147//147 140//140 144//144
f 148//148 145//145 142//142
f 148//148 142//142 143//143
f 146//146 140//140 147//147
f 149//149 118//118 122//122
f 150//150 120//120 118//118
f 149//149 122//122 145//145
f 148//148 118//118 149//149
f 150//150 118//118 148//148
f 149//149 145//145 148//148
f 151//151 150//150 148//148
f 152//152 148//148 143//143
f 151//151 148//148 152//152
f 152//152 143//143 146//146
f 153//153 151//151 152//152
f 154//154 151//151 153//153
f 155//155 154//154 153//153
f 156//156 153//153 146//146
f 155//155 153//153 156//156
f 156//156 146//146 147//147
f 131//131 128//128 121//121
f 157//157 121//121 120//120
f 157//157 120//120 150//150
f 131//131 121//121 158//158
f 121//121 157//157 158//158
f 158//158 159//159 131//131
f 157//157 150//150 151//151
f 160//160 158//158 157//157
f 161//161 158//158 160//160
f 157//157 151//151 154//154
f 160//160 157//157 154//154
f 162//162 154//154 155//155
f 160//160 154//154 162//162
f 162//162 161//161 160//160
f 161//161 162//162 163//163
f 164//164 161//161 163//163
f 163//163 162//162 165//165
f 162//162 155//155 165//165
f 166//166 155//155 156//156
f 155//155 166//166 165//165
f 167//167 163//163 165//165
f 165//165 166//166 168//168
f 167//167 165//165 168//168
f 130//130 131//131 159//159
f 169//169 164//164 163//163
f 170//170 163//163 167//167
f 171//171 130//130 159//159
f 171//171 172//172 130//130
f 171//171 159//159 158//158
f 171//171 158//158 161//161
f 169//169 163//163 170//170
f 78//78 173//173 102//102
f 103//103 174//174 80//80
f 75//75 101//101 58//58
f 175//175 75//75 85//85
f 176//176 36//36 66//66
f 177//177 24//24 86//86
f 178//178 64//64 76//76
f 77//77 179//179 98//98
f 180//180 179//179 77//77
f 181//181 89//89 99//99
f 68//68 56//56 57//57
f 36//36 176//176 105//105
f 106//106 77//77 87//87
f 100//100 88//88 182//182
f 182//182 106//106 100//100
f 80//80 183//183 97//97
f 174//174 103//103 184//184
f 80//80 174//174 183//183
f 185//185 183//183 174//174
f 186//186 183//183 185//185
f 184//184 103//103 132//132
f 187//187 185//185 174//174
f 187//187 174//174 184//184
f 186//186 185//185 187//187
f 186//186 187//187 188//188
f 101//101 75//75 175//175
f 189//189 85//85 84//84
f 189//189 175//175 85//85
f 190//190 18//18 24//24
f 66//66 97//97 176//176
f 179//179 76//76 98//98
f 106//106 180//180 77//77
f 62//62 191//191 99//99
f 62//62 67//67 191//191
f 173//173 192//192 102//102
f 183//183 193//193 97//97
f 194//194 183//183 186//186
f 193//193 183//183 194//194
f 178//178 78//78 64//64
f 195//195 68//68 101//101
f 175//175 195//195 101//101
f 189//189 84//84 96//96
f 177//177 190//190 24//24
f 196//196 180//180 106//106
f 182//182 88//88 197//197
f 99//99 191//191 181//181
f 68//68 95//95 56//56
f 198//198 90//90 105//105
f 196//196 106//106 182//182
f 194//194 199//199 193//193
f 200//200 199//199 194//194
f 200//200 194//194 201//201
f 173//173 78//78 178//178
f 202//202 94//94 95//95
f 203//203 83//83 74//74
f 94//94 204//204 74//74
f 175//175 205//205 195//195
f 206//206 189//189 96//96
f 205//205 175//175 189//189
f 97//97 193//193 207//207
f 97//97 207//207 176//176
f 208//208 178//178 76//76
f 208//208 76//76 179//179
f 209//209 179//179 180//180
f 209//209 180//180 196//196
f 210//210 89//89 181//181
f 88//88 89//89 210//210
f 88//88 210//210 197//197
f 211//211 68//68 195//195
f 212//212 86//86 90//90
f 197//197 196//196 182//182
f 213//213 214//214 192//192
f 213//213 192//192 173//173
f 215//215 214//214 213//213
f 193//193 199//199 216//216
f 193//193 216//216 207//207
f 217//217 83//83 203//203
f 218//218 202//202 95//95
f 204//204 203//203 74//74
f 204//204 94//94 202//202
f 219//219 195//195 205//205
f 220//220 205//205 189//189
f 220//220 189//189 206//206
f 221//221 104//104 15//15
f 221//221 15//15 18//18
f 222//222 177//177 86//86
f 223//223 208//208 179//179
f 223//223 179//179 209//209
f 209//209 196//196 224//224
f 225//225 210//210 181//181
f 191//191 226//226 181//181
f 226//226 191//191 67//67
f 218//218 95//95 68//68
f 211//211 218//218 68//68
f 198//198 212//212 90//90
f 227//227 173//173 178//178
f 195//195 219//219 228//228
f 229//229 18//18 190//190
f 229//229 190//190 177//177
f 229//229 221//221 18//18
f 104//104 206//206 96//96
f 212//212 222//222 86//86
f 227//227 178//178 208//208
f 230//230 210//210 225//225
f 181//181 226//226 231//231
f 34//34 83//83 217//217
f 210//210 230//230 197//197
f 197//197 224//224 196//196
f 232//232 213//213 173//173
f 199//199 233//233 216//216
f 233//233 199//199 200//200
f 234//234 233//233 200//200
f 207//207 216//216 235//235
f 236//236 235//235 233//233
f 235//235 236//236 237//237
f 235//235 237//237 238//238
f 235//235 238//238 207//207
f 239//239 233//233 234//234
f 236//236 233//233 239//239
f 236//236 239//239 237//237
f 205//205 240//240 219//219
f 220//220 240//240 205//205
f 222//222 229//229 177//177
f 231//231 225//225 181//181
f 34//34 217//217 241//241
f 241//241 67//67 34//34
f 228//228 211//211 195//195
f 242//242 224//224 197//197
f 243//243 242//242 197//197
f 197//197 230//230 243//243
f 232//232 173//173 227//227
f 244//244 206//206 104//104
f 244//244 104//104 245//245
f 229//229 222//222 246//246
f 246//246 222//222 212//212
f 209//209 224//224 247//247
f 67//67 248//248 226//226
f 249//249 212//212 198//198
f 247//247 224//224 242//242
f 250//250 215//215 213//213
f 251//251 237//237 252//252
f 237//237 251//251 238//238
f 253//253 204//204 202//202
f 253//253 203//203 204//204
f 254//254 202//202 218//218
f 255//255 220//220 206//206
f 255//255 206//206 244//244
f 220//220 255//255 240//240
f 256//256 221//221 229//229
f 207//207 257//257 176//176
f 207//207 238//238 257//257
f 238//238 258//258 257//257
f 259//259 223//223 209//209
f 260//260 227//227 208//208
f 260//260 208//208 223//223
f 230//230 225//225 261//261
f 230//230 261//261 243//243
f 241//241 248//248 67//67
f 262//262 231//231 226//226
f 262//262 226//226 248//248
f 263//263 254//254 218//218
f 264//264 247//247 242//242
f 265//265 250//250 213//213
f 238//238 251//251 258//258
f 254//254 253//253 202//202
f 266//266 203//203 253//253
f 240//240 267//267 268//268
f 269//269 219//219 240//240
f 219//219 269//269 228//228
f 255//255 267//267 240//240
f 221//221 245//245 104//104
f 256//256 229//229 246//246
f 257//257 270//270 176//176
f 259//259 260//260 223//223
f 261//261 225//225 271//271
f 271//271 225//225 231//231
f 263//263 218//218 211//211
f 265//265 213//213 232//232
f 258//258 251//251 272//272
f 258//258 272//272 270//270
f 273//273 274//274 251//251
f 251//251 274//274 272//272
f 273//273 251//251 275//275
f 276//276 232//232 227//227
f 277//277 266//266 253//253
f 277//277 253//253 254//254
f 257//257 258//258 270//270
f 278//278 259//259 209//209
f 278//278 209//209 247//247
f 263//263 211//211 228//228
f 279//279 274//274 273//273
f 274//274 279//279 280//280
f 274//274 280//280 272//272
f 272//272 281//281 270//270
f 281//281 272//272 280//280
f 282//282 217//217 203//203
f 283//283 203//203 266//266
f 283//283 282//282 203//203
f 240//240 268//268 269//269
f 284//284 255//255 244//244
f 245//245 284//284 244//244
f 176//176 270//270 285//285
f 286//286 278//278 247//247
f 276//276 227//227 260//260
f 287//287 263//263 228//228
f 288//288 212//212 249//249
f 289//289 198//198 105//105
f 105//105 176//176 289//289
f 290//290 264//264 242//242
f 290//290 242//242 243//243
f 286//286 247//247 264//264
f 291//291 265//265 232//232
f 292//292 266//266 277//277
f 292//292 283//283 266//266
f 246//246 212//212 288//288
f 293//293 260//260 259//259
f 293//293 259//259 278//278
f 243//243 261//261 290//290
f 294//294 271//271 231//231
f 217//217 282//282 241//241
f 295//295 296//296 291//291
f 297//297 281//281 280//280
f 297//297 280//280 298//298
f 299//299 281//281 297//297
f 284//284 267//267 255//255
f 281//281 285//285 270//270
f 300//300 278//278 286//286
f 301//301 260//260 293//293
f 271//271 302//302 261//261
f 303//303 231//231 262//262
f 248//248 303//303 262//262
f 304//304 248//248 241//241
f 231//231 303//303 294//294
f 302//302 271//271 294//294
f 228//228 305//305 287//287
f 289//289 176//176 285//285
f 232//232 295//295 291//291
f 281//281 299//299 306//306
f 307//307 299//299 297//297
f 307//307 297//297 308//308
f 276//276 295//295 232//232
f 269//269 305//305 228//228
f 309//309 267//267 284//284
f 309//309 268//268 267//267
f 310//310 256//256 246//246
f 310//310 246//246 288//288
f 281//281 306//306 285//285
f 301//301 276//276 260//260
f 311//311 293//293 278//278
f 311//311 278//278 300//300
f 312//312 261//261 302//302
f 261//261 312//312 290//290
f 241//241 282//282 304//304
f 300//300 286//286 264//264
f 313//313 295//295 276//276
f 299//299 307//307 306//306
f 314//314 315//315 307//307
f 306//306 307//307 315//315
f 316//316 315//315 314//314
f 317//317 315//315 316//316
f 306//306 315//315 317//317
f 306//306 317//317 285//285
f 318//318 317//317 316//316
f 319//319 284//284 245//245
f 245//245 221//221 320//320
f 321//321 303//303 248//248
f 322//322 303//303 321//321
f 323//323 264//264 290//290
f 129//129 132//132 125//125
f 324//324 132//132 129//129
f 325//325 129//129 127//127
f 325//325 127//127 130//130
f 186//186 188//188 326//326
f 132//132 187//187 184//184
f 326//326 188//188 327//327
f 327//327 188//188 187//187
f 328//328 187//187 132//132
f 326//326 327//327 329//329
f 328//328 132//132 324//324
f 327//327 187//187 328//328
f 327//327 330//330 329//329
f 325//325 324//324 129//129
f 328//328 324//324 325//325
f 327//327 328//328 330//330
f 329//329 330//330 331//331
f 172//172 325//325 130//130
f 328//328 325//325 172//172
f 332//332 328//328 172//172
f 330//330 328//328 332//332
f 331//331 330//330 333//333
f 326//326 194//194 186//186
f 201//201 194//194 326//326
f 334//334 201//201 326//326
f 334//334 326//326 329//329
f 334//334 329//329 331//331
f 335//335 331//331 333//333
f 336//336 201//201 334//334
f 337//337 334//334 331//331
f 335//335 337//337 331//331
f 338//338 200//200 201//201
f 339//339 201//201 336//336
f 337//337 336//336 334//334
f 340//340 336//336 337//337
f 339//339 338//338 201//201
f 339//339 336//336 340//340
f 341//341 340//340 337//337
f 342//342 337//337 335//335
f 341//341 337//337 342//342
f 338//338 234//234 200//200
f 343//343 237//237 239//239
f 339//339 234//234 338//338
f 239//239 234//234 344//344
f 345//345 239//239 344//344
f 239//239 345//345 346//346
f 343//343 239//239 346//346
f 344//344 234//234 339//339
f 347//347 344//344 339//339
f 347//347 339//339 340//340
f 348//348 346//346 349//349
f 345//345 344//344 347//347
f 349//349 346//346 345//345
f 347//347 340//340 341//341
f 350//350 345//345 347//347
f 349//349 345//345 350//350
f 351//351 349//349 352//352
f 352//352 349//349 350//350
f 353//353 347//347 341//341
f 350//350 347//347 353//353
f 237//237 343//343 346//346
f 252//252 237//237 346//346
f 354//354 252//252 346//346
f 348//348 354//354 346//346
f 351//351 348//348 349//349
f 351//351 352//352 355//355
f 356//356 354//354 348//348
f 355//355 357//357 351//351
f 358//358 252//252 354//354
f 357//357 348//348 351//351
f 275//275 251//251 252//252
f 275//275 252//252 358//358
f 358//358 359//359 275//275
f 359//359 273//273 275//275
f 359//359 358//358 360//360
f 356//356 358//358 354//354
f 356//356 360//360 358//358
f 361//361 360//360 362//362
f 357//357 356//356 348//348
f 362//362 360//360 356//356
f 362//362 356//356 357//357
f 363//363 280//280 279//279
f 364//364 273//273 359//359
f 364//364 279//279 273//273
f 363//363 279//279 364//364
f 361//361 364//364 359//359
f 361//361 363//363 364//364
f 298//298 363//363 365//365
f 361//361 359//359 360//360
f 363//363 361//361 365//365
f 366//366 365//365 367//367
f 367//367 365//365 361//361
f 368//368 361//361 362//362
f 369//369 367//367 361//361
f 369//369 361//361 368//368
f 298//298 280//280 363//363
f 370//370 366//366 367//367
f 370//370 367//367 371//371
f 308//308 297//297 298//298
f 365//365 308//308 298//298
f 308//308 365//365 366//366
f 372//372 366//366 370//370
f 371//371 372//372 370//370
f 314//314 307//307 308//308
f 373//373 316//316 314//314
f 314//314 308//308 374//374
f 375//375 316//316 373//373
f 374//374 308//308 366//366
f 318//318 316//316 376//376
f 316//316 375//375 376//376
f 377//377 314//314 374//374
f 373//373 314//314 377//377
f 375//375 373//373 377//377
f 375//375 378//378 376//376
f 374//374 366//366 372//372
f 377//377 374//374 372//372
f 379//379 377//377 372//372
f 378//378 375//375 380//380
f 380//380 377//377 379//379
f 380//380 375//375 377//377
f 378//378 380//380 381//381
f 378//378 381//381 382//382
f 383//383 171//171 161//161
f 384//384 171//171 383//383
f 383//383 161//161 164//164
f 385//385 383//383 164//164
f 385//385 164//164 169//169
f 386//386 169//169 170//170
f 333//333 330//330 387//387
f 330//330 332//332 387//387
f 387//387 332//332 388//388
f 384//384 172//172 171//171
f 384//384 388//388 332//332
f 384//384 332//332 172//172
f 389//389 387//387 388//388
f 387//387 389//389 390//390
f 389//389 388//388 391//391
f 391//391 388//388 384//384
f 391//391 384//384 383//383
f 391//391 383//383 392//392
f 389//389 391//391 393//393
f 392//392 383//383 385//385
f 393//393 391//391 392//392
f 394//394 389//389 393//393
f 386//386 385//385 169//169
f 392//392 385//385 386//386
f 394//394 393//393 395//395
f 396//396 393//393 392//392
f 395//395 393//393 396//396
f 396//396 392//392 386//386
f 397//397 333//333 387//387
f 398//398 333//333 397//397
f 397//397 387//387 390//390
f 398//398 397//397 390//390
f 399//399 398//398 390//390
f 394//394 390//390 389//389
f 394//394 399//399 390//390
f 400//400 399//399 394//394
f 401//401 394//394 395//395
f 400//400 394//394 401//401
f 400//400 401//401 402//402
f 342//342 335//335 333//333
f 342//342 333//333 398//398
f 403//403 398//398 399//399
f 404//404 399//399 400//400
f 403//403 399//399 404//404
f 402//402 404//404 400//400
f 405//405 342//342 398//398
f 403//403 406//406 398//398
f 407//407 404//404 402//402
f 405//405 341//341 342//342
f 405//405 398//398 406//406
f 408//408 403//403 404//404
f 408//408 404//404 407//407
f 353//353 341//341 405//405
f 409//409 352//352 350//350
f 409//409 355//355 352//352
f 406//406 353//353 405//405
f 350//350 353//353 410//410
f 409//409 350//350 410//410
f 411//411 353//353 406//406
f 410//410 353//353 411//411
f 412//412 410//410 411//411
f 413//413 409//409 410//410
f 413//413 410//410 412//412
f 403//403 411//411 406//406
f 414//414 411//411 403//403
f 412//412 411//411 414//414
f 415//415 413//413 412//412
f 414//414 403//403 408//408
f 412//412 414//414 416//416
f 417//417 415//415 412//412
f 417//417 412//412 416//416
f 418//418 414//414 408//408
f 416//416 414//414 418//418
f 418//418 408//408 407//407
f 419//419 355//355 409//409
f 420//420 419//419 409//409
f 420//420 409//409 413//413
f 421//421 420//420 415//415
f 415//415 420//420 413//413
f 422//422 415//415 417//417
f 422//422 417//417 423//423
f 421//421 415//415 422//422
f 424//424 421//421 422//422
f 425//425 422//422 423//423
f 426//426 357//357 355//355
f 426//426 355//355 419//419
f 426//426 419//419 420//420
f 427//427 426//426 420//420
f 424//424 420//420 421//421
f 427//427 420//420 424//424
f 422//422 425//425 424//424
f 362//362 357//357 426//426
f 368//368 362//362 428//428
f 362//362 426//426 428//428
f 427//427 428//428 426//426
f 429//429 428//428 427//427
f 430//430 429//429 427//427
f 429//429 431//431 428//428
f 430//430 427//427 424//424
f 430//430 424//424 425//425
f 432//432 430//430 425//425
f 433//433 425//425 423//423
f 432//432 425//425 433//433
f 368//368 434//434 369//369
f 435//435 369//369 434//434
f 431//431 368//368 428//428
f 436//436 434//434 368//368
f 436//436 368//368 431//431
f 437//437 434//434 436//436
f 438//438 429//429 430//430
f 431//431 429//429 438//438
f 439//439 436//436 431//431
f 437//437 436//436 439//439
f 439//439 431//431 438//438
f 440//440 437//437 439//439
f 438//438 430//430 432//432
f 441//441 438//438 432//432
f 442//442 440//440 439//439
f 439//439 438//438 441//441
f 439//439 441//441 442//442
f 371//371 367//367 369//369
f 435//435 371//371 369//369
f 435//435 434//434 437//437
f 443//443 435//435 437//437
f 444//444 437//437 440//440
f 445//445 440//440 442//442
f 445//445 444//444 440//440
f 446//446 371//371 435//435
f 443//443 437//437 447//447
f 447//447 437//437 444//444
f 448//448 444//444 445//445
f 446//446 372//372 371//371
f 446//446 379//379 372//372
f 381//381 380//380 449//449
f 449//449 379//379 446//446
f 380//380 379//379 449//449
f 443//443 446//446 435//435
f 449//449 446//446 443//443
f 450//450 381//381 449//449
f 451//451 449//449 443//443
f 450//450 449//449 451//451
f 447//447 451//451 443//443
f 451//451 447//447 452//452
f 450//450 451//451 452//452
f 450//450 453//453 454//454
f 453//453 450//450 452//452
f 447//447 444//444 448//448
f 452//452 447//447 455//455
f 453//453 456//456 457//457
f 455//455 447//447 448//448
f 456//456 453//453 452//452
f 457//457 456//456 458//458
f 456//456 452//452 455//455
f 313//313 459//459 295//295
f 285//285 317//317 460//460
f 461//461 317//317 462//462
f 317//317 461//461 460//460
f 463//463 282//282 283//283
f 464//464 463//463 283//283
f 319//319 309//309 284//284
f 465//465 319//319 245//245
f 466//466 285//285 460//460
f 467//467 312//312 302//302
f 290//290 312//312 323//323
f 294//294 303//303 322//322
f 321//321 248//248 304//304
f 282//282 463//463 304//304
f 289//289 285//285 466//466
f 468//468 198//198 289//289
f 300//300 264//264 323//323
f 464//464 283//283 292//292
f 469//469 268//268 309//309
f 320//320 465//465 245//245
f 470//470 301//301 293//293
f 467//467 302//302 294//294
f 471//471 294//294 322//322
f 312//312 472//472 323//323
f 473//473 459//459 313//313
f 474//474 461//461 462//462
f 474//474 462//462 475//475
f 476//476 293//293 311//311
f 471//471 467//467 294//294
f 477//477 254//254 263//263
f 468//468 249//249 198//198
f 461//461 478//478 460//460
f 478//478 461//461 474//474
f 479//479 464//464 292//292
f 479//479 292//292 277//277
f 480//480 277//277 254//254
f 469//469 269//269 268//268
f 469//469 305//305 269//269
f 465//465 481//481 319//319
f 482//482 256//256 310//310
f 482//482 221//221 256//256
f 320//320 221//221 482//482
f 483//483 311//311 300//300
f 484//484 276//276 301//301
f 476//476 470//470 293//293
f 484//484 301//301 470//470
f 477//477 263//263 287//287
f 472//472 300//300 323//323
f 485//485 483//483 472//472
f 472//472 312//312 485//485
f 486//486 478//478 474//474
f 487//487 488//488 486//486
f 478//478 486//486 488//488
f 489//489 488//488 487//487
f 490//490 480//480 254//254
f 480//480 479//479 277//277
f 491//491 463//463 464//464
f 309//309 492//492 469//469
f 460//460 478//478 493//493
f 460//460 493//493 494//494
f 495//495 313//313 276//276
f 495//495 276//276 484//484
f 496//496 322//322 321//321
f 496//496 471//471 322//322
f 497//497 287//287 305//305
f 490//490 254//254 477//477
f 466//466 468//468 289//289
f 498//498 249//249 468//468
f 499//499 500//500 483//483
f 485//485 312//312 499//499
f 493//493 478//478 488//488
f 501//501 493//493 488//488
f 501//501 488//488 489//489
f 502//502 309//309 319//319
f 502//502 319//319 481//481
f 502//502 492//492 309//309
f 494//494 466//466 460//460
f 476//476 311//311 483//483
f 503//503 312//312 467//467
f 504//504 312//312 503//503
f 312//312 504//504 499//499
f 503//503 467//467 471//471
f 491//491 304//304 463//463
f 498//498 288//288 249//249
f 505//505 473//473 313//313
f 506//506 501//501 507//507
f 506//506 493//493 501//501
f 508//508 482//482 310//310
f 509//509 508//508 310//310
f 509//509 310//310 288//288
f 510//510 509//509 288//288
f 511//511 470//470 476//476
f 512//512 304//304 491//491
f 304//304 512//512 513//513
f 514//514 287//287 497//497
f 515//515 500//500 499//499
f 495//495 505//505 313//313
f 516//516 512//512 464//464
f 305//305 469//469 517//517
f 517//517 469//469 492//492
f 305//305 517//517 497//497
f 518//518 476//476 483//483
f 513//513 321//321 304//304
f 471//471 496//496 519//519
f 514//514 520//520 477//477
f 514//514 477//477 287//287
f 490//490 477//477 520//520
f 510//510 288//288 498//498
f 518//518 483//483 500//500
f 499//499 504//504 515//515
f 521//521 505//505 495//495
f 522//522 493//493 506//506
f 493//493 522//522 494//494
f 506//506 523//523 522//522
f 524//524 506//506 507//507
f 525//525 521//521 495//495
f 516//516 464//464 479//479
f 526//526 320//320 482//482
f 527//527 481//481 465//465
f 526//526 465//465 320//320
f 511//511 484//484 470//470
f 528//528 476//476 518//518
f 528//528 511//511 476//476
f 519//519 503//503 471//471
f 513//513 496//496 321//321
f 529//529 468//468 466//466
f 515//515 518//518 500//500
f 494//494 522//522 530//530
f 531//531 522//522 523//523
f 522//522 531//531 532//532
f 522//522 532//532 530//530
f 533//533 530//530 532//532
f 531//531 523//523 534//534
f 502//502 481//481 527//527
f 494//494 530//530 535//535
f 530//530 533//533 535//535
f 536//536 495//495 484//484
f 537//537 496//496 513//513
f 496//496 537//537 519//519
f 538//538 529//529 466//466
f 529//529 498//498 468//468
f 494//494 535//535 466//466
f 539//539 518//518 515//515
f 540//540 541//541 525//525
f 542//542 532//532 543//543
f 542//542 533//533 532//532
f 536//536 525//525 495//495
f 544//544 492//492 502//502
f 545//545 544//544 502//502
f 527//527 545//545 502//502
f 546//546 484//484 511//511
f 547//547 484//484 546//546
f 547//547 536//536 484//484
f 519//519 537//537 548//548
f 549//549 520//520 514//514
f 550//550 490//490 520//520
f 549//549 550//550 520//520
f 466//466 535//535 538//538
f 551//551 539//539 515//515
f 536//536 540//540 525//525
f 536//536 552//552 540//540
f 553//553 512//512 516//516
f 497//497 517//517 554//554
f 544//544 517//517 492//492
f 508//508 526//526 482//482
f 546//546 511//511 528//528
f 548//548 503//503 519//519
f 555//555 504//504 503//503
f 555//555 503//503 548//548
f 512//512 553//553 513//513
f 513//513 553//553 556//556
f 557//557 514//514 497//497
f 557//557 549//549 514//514
f 515//515 504//504 551//551
f 558//558 559//559 552//552
f 558//558 552//552 536//536
f 533//533 560//560 561//561
f 562//562 480//480 490//490
f 563//563 479//479 480//480
f 554//554 557//557 497//497
f 564//564 527//527 465//465
f 565//565 509//509 510//510
f 566//566 528//528 518//518
f 567//567 504//504 555//555
f 504//504 567//567 551//551
f 556//556 537//537 513//513
f 566//566 518//518 539//539
f 568//568 539//539 551//551
f 569//569 552//552 559//559
f 560//560 533//533 542//542
f 560//560 570//570 571//571
f 560//560 571//571 561//561
f 572//572 571//571 570//570
f 572//572 570//570 573//573
f 573//573 570//570 574//574
f 572//572 573//573 575//575
f 563//563 516//516 479//479
f 562//562 563//563 480//480
f 576//576 553//553 516//516
f 526//526 564//564 465//465
f 577//577 508//508 509//509
f 533//533 561//561 535//535
f 578//578 546//546 528//528
f 579//579 580//580 556//556
f 537//537 556//556 580//580
f 581//581 550//550 549//549
f 562//562 490//490 550//550
f 582//582 498//498 529//529
f 583//583 559//559 558//558
f 584//584 571//571 572//572
f 571//571 584//584 561//561
f 585//585 572//572 575//575
f 586//586 563//563 562//562
f 576//576 516//516 563//563
f 586//586 576//576 563//563
f 517//517 587//587 554//554
f 588//588 544//544 545//545
f 588//588 545//545 527//527
f 553//553 579//579 556//556
f 548//548 537//537 589//589
f 590//590 579//579 553//553
f 535//535 561//561 538//538
f 510//510 498//498 582//582
f 583//583 591//591 559//559
f 591//591 592//592 559//559
f 593//593 572//572 585//585
f 594//594 558//558 536//536
f 517//517 544//544 587//587
f 594//594 536//536 547//547
f 595//595 578//578 528//528
f 595//595 528//528 566//566
f 578//578 547//547 546//546
f 596//596 567//567 555//555
f 596//596 555//555 548//548
f 589//589 596//596 548//548
f 581//581 562//562 550//550
f 551//551 567//567 597//597
f 551//551 597//597 568//568
f 462//462 317//317 318//318
f 598//598 462//462 318//318
f 598//598 318//318 376//376
f 599//599 376//376 600//600
f 600//600 376//376 378//378
f 601//601 599//599 600//600
f 382//382 600//600 378//378
f 475//475 462//462 598//598
f 599//599 598//598 376//376
f 601//601 600//600 602//602
f 603//603 475//475 598//598
f 603//603 598//598 599//599
f 475//475 604//604 474//474
f 603//603 604//604 475//475
f 601//601 603//603 599//599
f 605//605 603//603 601//601
f 605//605 601//601 602//602
f 604//604 486//486 474//474
f 486//486 604//604 603//603
f 603//603 606//606 486//486
f 487//487 486//486 606//606
f 607//607 487//487 606//606
f 487//487 607//607 489//489
f 608//608 489//489 607//607
f 606//606 603//603 609//609
f 608//608 607//607 610//610
f 609//609 603//603 605//605
f 607//607 606//606 609//609
f 611//611 607//607 609//609
f 612//612 607//607 611//611
f 607//607 612//612 610//610
f 613//613 608//608 610//610
f 611//611 609//609 614//614
f 614//614 609//609 605//605
f 615//615 608//608 613//613
f 610//610 616//616 613//613
f 617//617 616//616 610//610
f 615//615 501//501 489//489
f 615//615 489//489 608//608
f 615//615 507//507 501//501
f 616//616 615//615 613//613
f 618//618 615//615 616//616
f 619//619 616//616 617//617
f 523//523 506//506 524//524
f 620//620 523//523 524//524
f 621//621 534//534 620//620
f 524//524 507//507 615//615
f 618//618 524//524 615//615
f 620//620 524//524 618//618
f 622//622 620//620 618//618
f 622//622 618//618 623//623
f 623//623 618//618 616//616
f 623//623 616//616 619//619
f 624//624 620//620 622//622
f 534//534 621//621 531//531
f 532//532 531//531 621//621
f 543//543 532//532 621//621
f 625//625 543//543 621//621
f 626//626 543//543 625//625
f 627//627 626//626 625//625
f 628//628 621//621 620//620
f 621//621 628//628 625//625
f 627//627 625//625 628//628
f 624//624 628//628 620//620
f 628//628 624//624 629//629
f 629//629 627//627 628//628
f 627//627 629//629 630//630
f 626//626 631//631 543//543
f 632//632 626//626 627//627
f 633//633 632//632 627//627
f 633//633 627//627 630//630
f 542//542 543//543 631//631
f 634//634 626//626 632//632
f 634//634 631//631 626//626
f 635//635 634//634 632//632
f 635//635 632//632 633//633
f 631//631 560//560 542//542
f 574//574 570//570 560//560
f 636//636 573//573 574//574
f 573//573 636//636 575//575
f 574//574 560//560 631//631
f 637//637 575//575 636//636
f 638//638 574//574 631//631
f 638//638 631//631 634//634
f 636//636 574//574 638//638
f 639//639 636//636 638//638
f 637//637 636//636 639//639
f 637//637 639//639 640//640
f 641//641 638//638 634//634
f 641//641 634//634 635//635
f 642//642 639//639 643//643
f 640//640 639//639 642//642
f 643//643 639//639 638//638
f 643//643 638//638 641//641
f 644//644 637//637 640//640
f 645//645 640//640 642//642
f 646//646 585//585 575//575
f 575//575 637//637 646//646
f 644//644 646//646 637//637
f 644//644 640//640 645//645
f 602//602 600//600 382//382
f 647//647 382//382 381//381
f 648//648 382//382 647//647
f 454//454 647//647 450//450
f 457//457 454//454 453//453
f 649//649 457//457 458//458
f 650//650 454//454 457//457
f 651//651 457//457 649//649
f 650//650 457//457 651//651
f 602//602 382//382 648//648
f 652//652 602//602 648//648
f 648//648 647//647 454//454
f 650//650 648//648 454//454
f 652//652 648//648 650//650
f 605//605 602//602 652//652
f 652//652 650//650 651//651
f 653//653 651//651 649//649
f 612//612 611//611 654//654
f 655//655 610//610 612//612
f 655//655 617//617 610//610
f 654//654 611//611 614//614
f 612//612 654//654 655//655
f 614//614 605//605 652//652
f 656//656 614//614 652//652
f 657//657 654//654 614//614
f 657//657 614//614 656//656
f 655//655 654//654 657//657
f 658//658 655//655 657//657
f 659//659 656//656 652//652
f 660//660 658//658 657//657
f 661//661 658//658 660//660
f 657//657 656//656 659//659
f 662//662 661//661 660//660
f 659//659 652//652 651//651
f 663//663 657//657 659//659
f 657//657 663//663 660//660
f 664//664 660//660 663//663
f 662//662 660//660 664//664
f 659//659 651//651 665//665
f 663//663 659//659 665//665
f 666//666 663//663 665//665
f 653//653 665//665 651//651
f 667//667 617//617 655//655
f 667//667 655//655 658//658
f 661//661 667//667 658//658
f 668//668 661//661 662//662
f 669//669 662//662 664//664
f 619//619 617//617 667//667
f 670//670 619//619 667//667
f 670//670 667//667 661//661
f 671//671 661//661 668//668
f 671//671 670//670 661//661
f 672//672 670//670 671//671
f 673//673 668//668 669//669
f 669//669 668//668 662//662
f 623//623 619//619 674//674
f 675//675 622//622 623//623
f 624//624 622//622 675//675
f 672//672 623//623 674//674
f 675//675 623//623 672//672
f 674//674 619//619 670//670
f 672//672 674//674 670//670
f 676//676 624//624 675//675
f 675//675 672//672 671//671
f 677//677 675//675 671//671
f 673//673 671//671 668//668
f 677//677 671//671 673//673
f 669//669 677//677 673//673
f 678//678 677//677 669//669
f 679//679 677//677 678//678
f 629//629 624//624 676//676
f 629//629 676//676 630//630
f 630//630 676//676 680//680
f 681//681 630//630 680//680
f 680//680 676//676 682//682
f 683//683 681//681 680//680
f 676//676 675//675 677//677
f 684//684 676//676 677//677
f 682//682 676//676 684//684
f 679//679 684//684 677//677
f 684//684 679//679 682//682
f 680//680 682//682 685//685
f 685//685 682//682 679//679
f 679//679 678//678 685//685
f 686//686 685//685 678//678
f 683//683 680//680 685//685
f 687//687 683//683 685//685
f 686//686 687//687 685//685
f 688//688 633//633 630//630
f 688//688 630//630 681//681
f 689//689 687//687 686//686
f 688//688 635//635 633//633
f 690//690 688//688 681//681
f 690//690 681//681 683//683
f 690//690 683//683 687//687
f 691//691 643//643 641//641
f 641//641 635//635 688//688
f 643//643 691//691 642//642
f 642//642 691//691 692//692
f 691//691 641//641 693//693
f 693//693 641//641 688//688
f 694//694 691//691 693//693
f 692//692 691//691 694//694
f 693//693 688//688 690//690
f 694//694 695//695 692//692
f 695//695 694//694 693//693
f 692//692 695//695 696//696
f 693//693 690//690 687//687
f 697//697 693//693 687//687
f 695//695 693//693 697//697
f 698//698 695//695 697//697
f 695//695 699//699 696//696
f 699//699 695//695 700//700
f 689//689 697//697 687//687
f 700//700 695//695 698//698
f 698//698 697//697 689//689
f 701//701 699//699 700//700
f 645//645 642//642 702//702
f 702//702 642//642 692//692
f 703//703 702//702 692//692
f 704//704 703//703 692//692
f 704//704 692//692 696//696
f 705//705 699//699 701//701
f 705//705 696//696 699//699
f 706//706 592//592 591//591
f 707//707 591//591 583//583
f 707//707 706//706 591//591
f 593//593 584//584 572//572
f 583//583 558//558 594//594
f 576//576 590//590 553//553
f 577//577 526//526 508//508
f 708//708 538//538 561//561
f 561//561 584//584 708//708
f 709//709 567//567 596//596
f 567//567 709//709 597//597
f 710//710 589//589 537//537
f 710//710 537//537 580//580
f 566//566 539//539 568//568
f 709//709 568//568 597//597
f 711//711 566//566 568//568
f 712//712 584//584 593//593
f 593//593 713//713 712//712
f 714//714 588//588 527//527
f 714//714 527//527 564//564
f 715//715 588//588 714//714
f 587//587 544//544 588//588
f 584//584 712//712 708//708
f 716//716 538//538 708//708
f 711//711 595//595 566//566
f 717//717 596//596 589//589
f 716//716 529//529 538//538
f 718//718 565//565 510//510
f 719//719 582//582 529//529
f 711//711 568//568 709//709
f 720//720 706//706 707//707
f 713//713 721//721 712//712
f 722//722 721//721 723//723
f 712//712 721//721 722//722
f 712//712 722//722 708//708
f 722//722 724//724 708//708
f 713//713 593//593 725//725
f 723//723 721//721 713//713
f 726//726 554//554 587//587
f 727//727 557//557 554//554
f 587//587 588//588 715//715
f 728//728 547//547 578//578
f 728//728 594//594 547//547
f 729//729 709//709 596//596
f 596//596 717//717 729//729
f 709//709 729//729 730//730
f 731//731 579//579 590//590
f 732//732 717//717 589//589
f 732//732 589//589 710//710
f 733//733 581//581 549//549
f 734//734 562//562 581//581
f 719//719 529//529 716//716
f 730//730 711//711 709//709
f 735//735 720//720 707//707
f 735//735 707//707 583//583
f 736//736 724//724 722//722
f 737//737 736//736 722//722
f 738//738 590//590 576//576
f 738//738 576//576 586//586
f 727//727 554//554 726//726
f 739//739 564//564 526//526
f 739//739 714//714 564//564
f 740//740 739//739 526//526
f 741//741 526//526 577//577
f 742//742 578//578 595//595
f 743//743 595//595 711//711
f 742//742 728//728 578//578
f 730//730 729//729 744//744
f 733//733 549//549 557//557
f 582//582 718//718 510//510
f 744//744 711//711 730//730
f 745//745 731//731 590//590
f 745//745 590//590 738//738
f 734//734 586//586 562//562
f 741//741 740//740 526//526
f 741//741 577//577 509//509
f 746//746 509//509 565//565
f 741//741 509//509 746//746
f 708//708 724//724 747//747
f 708//708 747//747 748//748
f 749//749 732//732 710//710
f 749//749 717//717 732//732
f 750//750 749//749 710//710
f 719//719 718//718 582//582
f 743//743 711//711 744//744
f 751//751 752//752 735//735
f 753//753 724//724 736//736
f 754//754 736//736 737//737
f 755//755 583//583 594//594
f 756//756 731//731 745//745
f 757//757 726//726 587//587
f 757//757 587//587 715//715
f 748//748 716//716 708//708
f 724//724 753//753 747//747
f 758//758 595//595 743//743
f 759//759 580//580 579//579
f 750//750 710//710 580//580
f 759//759 750//750 580//580
f 760//760 759//759 579//579
f 761//761 581//581 733//733
f 746//746 565//565 718//718
f 751//751 735//735 755//755
f 755//755 735//735 583//583
f 753//753 762//762 763//763
f 736//736 754//754 753//753
f 754//754 762//762 753//753
f 764//764 763//763 762//762
f 765//765 762//762 754//754
f 766//766 738//738 586//586
f 766//766 586//586 734//734
f 714//714 767//767 715//715
f 767//767 757//757 715//715
f 767//767 714//714 768//768
f 769//769 741//741 746//746
f 747//747 753//753 763//763
f 770//770 594//594 728//728
f 771//771 742//742 595//595
f 758//758 771//771 595//595
f 756//756 760//760 731//731
f 761//761 734//734 581//581
f 733//733 557//557 727//727
f 764//764 772//772 763//763
f 773//773 763//763 772//772
f 763//763 773//773 747//747
f 764//764 774//774 772//772
f 775//775 738//738 766//766
f 775//775 766//766 734//734
f 726//726 757//757 727//727
f 776//776 741//741 769//769
f 776//776 740//740 741//741
f 768//768 714//714 739//739
f 769//769 746//746 718//718
f 747//747 773//773 748//748
f 744//744 729//729 777//777
f 778//778 717//717 749//749
f 717//717 778//778 729//729
f 779//779 778//778 749//749
f 780//780 719//719 716//716
f 781//781 718//718 719//719
f 758//758 743//743 744//744
f 782//782 773//773 772//772
f 783//783 773//773 782//782
f 770//770 755//755 594//594
f 784//784 775//775 734//734
f 785//785 727//727 757//757
f 773//773 783//783 748//748
f 786//786 771//771 758//758
f 787//787 728//728 742//742
f 779//779 749//749 750//750
f 716//716 748//748 788//788
f 780//780 781//781 719//719
f 716//716 788//788 780//780
f 789//789 758//758 744//744
f 777//777 789//789 744//744
f 790//790 752//752 751//751
f 791//791 738//738 775//775
f 738//738 791//791 745//745
f 756//756 745//745 791//791
f 792//792 757//757 767//767
f 793//793 767//767 768//768
f 793//793 768//768 739//739
f 776//776 794//794 740//740
f 795//795 776//776 769//769
f 795//795 794//794 776//776
f 771//771 787//787 742//742
f 796//796 778//778 779//779
f 797//797 750//750 759//759
f 797//797 779//779 750//750
f 798//798 761//761 733//733
f 798//798 733//733 727//727
f 786//786 758//758 789//789
f 790//790 751//751 755//755
f 799//799 752//752 790//790
f 800//800 782//782 801//801
f 800//800 802//802 782//782
f 775//775 803//803 791//791
f 803//803 775//775 784//784
f 757//757 792//792 785//785
f 798//798 727//727 785//785
f 781//781 769//769 718//718
f 783//783 804//804 748//748
f 805//805 770//770 728//728
f 805//805 728//728 787//787
f 778//778 796//796 729//729
f 729//729 796//796 806//806
f 729//729 806//806 777//777
f 796//796 779//779 807//807
f 779//779 797//797 807//807
f 784//784 734//734 761//761
f 748//748 804//804 788//788
f 808//808 790//790 755//755
f 802//802 783//783 782//782
f 804//804 783//783 802//802
f 802//802 809//809 810//810
f 809//809 811//811 810//810
f 810//810 811//811 812//812
f 809//809 802//802 800//800
f 813//813 809//809 800//800
f 814//814 811//811 809//809
f 814//814 809//809 813//813
f 812//812 811//811 814//814
f 805//805 755//755 770//770
f 815//815 767//767 793//793
f 816//816 792//792 767//767
f 794//794 739//739 740//740
f 802//802 810//810 804//804
f 817//817 771//771 786//786
f 818//818 759//759 760//760
f 818//818 760//760 756//756
f 817//817 786//786 789//789
f 819//819 799//799 790//790
f 820//820 821//821 812//812
f 812//812 821//821 822//822
f 822//822 810//810 812//812
f 805//805 808//808 755//755
f 823//823 756//756 791//791
f 824//824 756//756 823//823
f 825//825 791//791 803//803
f 791//791 825//825 823//823
f 815//815 816//816 767//767
f 804//804 810//810 826//826
f 827//827 787//787 771//771
f 824//824 818//818 756//756
f 797//797 828//828 807//807
f 829//829 781//781 780//780
f 830//830 789//789 777//777
f 810//810 822//822 826//826
f 831//831 826//826 821//821
f 832//832 815//815 793//793
f 804//804 826//826 833//833
f 827//827 771//771 817//817
f 834//834 827//827 817//817
f 828//828 796//796 807//807
f 835//835 761//761 798//798
f 836//836 784//784 761//761
f 835//835 836//836 761//761
f 834//834 817//817 789//789
f 834//834 789//789 830//830
f 837//837 830//830 777//777
f 777//777 806//806 837//837
f 831//831 821//821 838//838
f 839//839 831//831 838//838
f 840//840 792//792 816//816
f 798//798 785//785 792//792
f 841//841 798//798 792//792
f 792//792 840//840 841//841
f 842//842 795//795 769//769
f 832//832 793//793 739//739
f 833//833 826//826 843//843
f 844//844 805//805 787//787
f 845//845 827//827 834//834
f 806//806 846//846 837//837
f 847//847 759//759 818//818
f 847//847 797//797 759//759
f 848//848 829//829 780//780
f 848//848 780//780 788//788
f 804//804 833//833 788//788
f 849//849 781//781 829//829
f 850//850 819//819 790//790
f 851//851 850//850 790//790
f 790//790 808//808 851//851
f 839//839 826//826 831//831
f 826//826 839//839 843//843
f 852//852 853//853 839//839
f 844//844 808//808 805//805
f 854//854 815//815 832//832
f 855//855 739//739 794//794
f 856//856 794//794 795//795
f 842//842 856//856 795//795
f 832//832 739//739 855//855
f 842//842 769//769 781//781
f 857//857 787//787 827//827
f 857//857 844//844 787//787
f 858//858 796//796 828//828
f 806//806 796//796 858//858
f 859//859 858//858 828//828
f 860//860 797//797 847//847
f 860//860 859//859 828//828
f 828//828 797//797 860//860
f 646//646 861//861 585//585
f 862//862 646//646 644//644
f 645//645 862//862 644//644
f 861//861 593//593 585//585
f 862//862 861//861 646//646
f 863//863 862//862 864//864
f 864//864 862//862 645//645
f 725//725 593//593 861//861
f 723//723 713//713 725//725
f 722//722 723//723 865//865
f 866//866 723//723 725//725
f 737//737 722//722 865//865
f 725//725 861//861 862//862
f 867//867 725//725 862//862
f 866//866 868//868 723//723
f 737//737 865//865 869//869
f 866//866 725//725 867//867
f 865//865 723//723 868//868
f 865//865 868//868 870//870
f 869//869 865//865 870//870
f 871//871 866//866 867//867
f 868//868 866//866 871//871
f 870//870 868//868 872//872
f 872//872 868//868 871//871
f 870//870 872//872 873//873
f 874//874 870//870 873//873
f 863//863 867//867 862//862
f 875//875 871//871 867//867
f 872//872 871//871 875//875
f 872//872 876//876 873//873
f 877//877 869//869 870//870
f 877//877 870//870 874//874
f 878//878 737//737 869//869
f 879//879 869//869 877//877
f 878//878 869//869 879//879
f 880//880 877//877 881//881
f 754//754 737//737 765//765
f 878//878 765//765 737//737
f 882//882 762//762 765//765
f 764//764 762//762 882//882
f 879//879 882//882 765//765
f 879//879 765//765 878//878
f 883//883 882//882 879//879
f 884//884 882//882 883//883
f 879//879 877//877 880//880
f 883//883 879//879 880//880
f 881//881 883//883 880//880
f 885//885 883//883 886//886
f 764//764 884//884 774//774
f 884//884 764//764 882//882
f 887//887 774//774 888//888
f 888//888 774//774 884//884
f 888//888 884//884 885//885
f 889//889 887//887 888//888
f 885//885 884//884 883//883
f 889//889 888//888 890//890
f 891//891 889//889 890//890
f 888//888 885//885 890//890
f 801//801 774//774 887//887
f 782//782 772//772 774//774
f 801//801 782//782 774//774
f 892//892 889//889 891//891
f 893//893 800//800 801//801
f 894//894 893//893 887//887
f 894//894 887//887 889//889
f 894//894 889//889 892//892
f 812//812 814//814 820//820
f 895//895 814//814 813//813
f 820//820 814//814 895//895
f 813//813 800//800 893//893
f 896//896 820//820 895//895
f 813//813 893//893 894//894
f 894//894 897//897 813//813
f 895//895 813//813 897//897
f 898//898 895//895 897//897
f 896//896 895//895 898//898
f 899//899 896//896 898//898
f 900//900 897//897 894//894
f 898//898 897//897 900//900
f 900//900 894//894 892//892
f 901//901 899//899 898//898
f 901//901 898//898 902//902
f 838//838 821//821 820//820
f 838//838 820//820 896//896
f 903//903 896//896 899//899
f 904//904 903//903 899//899
f 905//905 838//838 896//896
f 905//905 896//896 903//903
f 906//906 903//903 904//904
f 852//852 839//839 838//838
f 852//852 838//838 905//905
f 905//905 907//907 852//852
f 908//908 905//905 903//903
f 908//908 903//903 906//906
f 909//909 905//905 908//908
f 909//909 908//908 906//906
f 864//864 645//645 702//702
f 910//910 703//703 704//704
f 705//705 704//704 696//696
f 911//911 705//705 701//701
f 864//864 702//702 703//703
f 910//910 864//864 703//703
f 910//910 704//704 705//705
f 910//910 705//705 911//911
f 875//875 867//867 863//863
f 876//876 872//872 875//875
f 873//873 876//876 874//874
f 875//875 863//863 864//864
f 912//912 876//876 875//875
f 875//875 864//864 913//913
f 874//874 876//876 912//912
f 912//912 914//914 874//874
f 915//915 874//874 914//914
f 912//912 875//875 913//913
f 916//916 915//915 914//914
f 913//913 864//864 910//910
f 912//912 913//913 917//917
f 914//914 912//912 918//918
f 919//919 914//914 918//918
f 917//917 913//913 910//910
f 918//918 912//912 917//917
f 918//918 917//917 920//920
f 917//917 910//910 911//911
f 919//919 918//918 921//921
f 920//920 917//917 911//911
f 921//921 918//918 920//920
f 919//919 921//921 922//922
f 923//923 919//919 922//922
f 877//877 874//874 915//915
f 924//924 916//916 914//914
f 924//924 914//914 919//919
f 923//923 924//924 919//919
f 925//925 881//881 915//915
f 925//925 915//915 916//916
f 926//926 916//916 924//924
f 881//881 877//877 915//915
f 927//927 925//925 916//916
f 926//926 927//927 916//916
f 928//928 926//926 924//924
f 929//929 928//928 924//924
f 923//923 929//929 924//924
f 930//930 929//929 923//923
f 886//886 883//883 881//881
f 931//931 886//886 881//881
f 927//927 881//881 925//925
f 931//931 881//881 927//927
f 932//932 886//886 931//931
f 933//933 932//932 931//931
f 933//933 931//931 934//934
f 927//927 926//926 928//928
f 931//931 927//927 928//928
f 934//934 931//931 928//928
f 934//934 928//928 929//929
f 934//934 929//929 930//930
f 935//935 934//934 930//930
f 890//890 885//885 936//936
f 937//937 890//890 936//936
f 891//891 890//890 937//937
f 885//885 886//886 936//936
f 936//936 886//886 932//932
f 938//938 891//891 937//937
f 937//937 936//936 932//932
f 939//939 937//937 932//932
f 939//939 932//932 933//933
f 938//938 937//937 939//939
f 940//940 939//939 941//941
f 933//933 934//934 935//935
f 941//941 939//939 933//933
f 941//941 935//935 942//942
f 943//943 941//941 942//942
f 940//940 938//938 939//939
f 940//940 941//941 943//943
f 944//944 943//943 942//942
f 945//945 940//940 943//943
f 946//946 891//891 938//938
f 946//946 938//938 940//940
f 947//947 945//945 943//943
f 902//902 898//898 900//900
f 892//892 891//891 946//946
f 900//900 892//892 946//946
f 902//902 900//900 948//948
f 949//949 902//902 948//948
f 902//902 949//949 901//901
f 946//946 948//948 900//900
f 950//950 901//901 949//949
f 951//951 948//948 946//946
f 950//950 949//949 952//952
f 949//949 948//948 951//951
f 945//945 946//946 940//940
f 951//951 946//946 945//945
f 953//953 949//949 951//951
f 954//954 951//951 945//945
f 954//954 945//945 947//947
f 955//955 952//952 953//953
f 956//956 953//953 951//951
f 955//955 953//953 956//956
f 954//954 947//947 943//943
f 956//956 951//951 954//954
f 954//954 943//943 944//944
f 956//956 954//954 944//944
f 955//955 956//956 957//957
f 950//950 899//899 901//901
f 904//904 899//899 950//950
f 904//904 950//950 958//958
f 952//952 958//958 950//950
f 959//959 952//952 955//955
f 959//959 955//955 957//957
f 952//952 960//960 958//958
f 961//961 960//960 952//952
f 959//959 961//961 952//952
f 962//962 959//959 957//957
f 963//963 959//959 962//962
f 958//958 906//906 904//904
f 909//909 906//906 958//958
f 909//909 958//958 960//960
f 960//960 964//964 909//909
f 959//959 963//963 961//961
f 965//965 963//963 962//962
f 839//839 853//853 966//966
f 967//967 853//853 907//907
f 853//853 967//967 966//966
f 839//839 966//966 843//843
f 907//907 853//853 852//852
f 966//966 967//967 968//968
f 851//851 808//808 844//844
f 816//816 815//815 840//840
f 798//798 841//841 969//969
f 833//833 843//843 970//970
f 971//971 857//857 827//827
f 846//846 858//858 972//972
f 824//824 973//973 818//818
f 849//849 842//842 781//781
f 974//974 845//845 834//834
f 974//974 834//834 830//830
f 975//975 819//819 850//850
f 976//976 966//966 968//968
f 966//966 977//977 843//843
f 976//976 978//978 966//966
f 978//978 977//977 966//966
f 973//973 823//823 825//825
f 973//973 824//824 823//823
f 979//979 840//840 815//815
f 815//815 854//854 979//979
f 843//843 977//977 970//970
f 971//971 827//827 845//845
f 980//980 971//971 845//845
f 980//980 845//845 974//974
f 846//846 972//972 837//837
f 981//981 860//860 847//847
f 860//860 981//981 859//859
f 982//982 835//835 798//798
f 982//982 836//836 835//835
f 833//833 970//970 788//788
f 974//974 830//830 837//837
f 983//983 977//977 978//978
f 983//983 978//978 976//976
f 984//984 825//825 803//803
f 985//985 784//784 836//836
f 979//979 854//854 986//986
f 986//986 854//854 832//832
f 856//856 987//987 794//794
f 988//988 857//857 971//971
f 989//989 858//858 859//859
f 989//989 972//972 858//858
f 989//989 859//859 990//990
f 859//859 981//981 990//990
f 798//798 969//969 991//991
f 849//849 829//829 992//992
f 992//992 829//829 848//848
f 993//993 974//974 837//837
f 994//994 850//850 851//851
f 994//994 975//975 850//850
f 995//995 994//994 851//851
f 977//977 983//983 996//996
f 985//985 803//803 784//784
f 997//997 825//825 984//984
f 997//997 973//973 825//825
f 841//841 840//840 979//979
f 998//998 986//986 832//832
f 999//999 987//987 856//856
f 998//998 832//832 855//855
f 1000//1000 856//856 842//842
f 977//977 996//996 970//970
f 1001//1001 818//818 973//973
f 1001//1001 847//847 818//818
f 985//985 836//836 982//982
f 991//991 982//982 798//798
f 788//788 970//970 1002//1002
f 970//970 1003//1003 1002//1002
f 993//993 980//980 974//974
f 1004//1004 975//975 994//994
f 983//983 1005//1005 996//996
f 970//970 996//996 1005//1005
f 983//983 976//976 1006//1006
f 1005//1005 983//983 1006//1006
f 1007//1007 1005//1005 1006//1006
f 1008//1008 1005//1005 1007//1007
f 1009//1009 851//851 844//844
f 1010//1010 973//973 997//997
f 1011//1011 841//841 979//979
f 999//999 856//856 1000//1000
f 987//987 855//855 794//794
f 849//849 1000//1000 842//842
f 1009//1009 844//844 857//857
f 988//988 1009//1009 857//857
f 972//972 989//989 1012//1012
f 837//837 972//972 993//993
f 1010//1010 1001//1001 973//973
f 1013//1013 849//849 992//992
f 788//788 1002//1002 848//848
f 1014//1014 980//980 993//993
f 1015//1015 1004//1004 994//994
f 1016//1016 1015//1015 994//994
f 1017//1017 1018//1018 1008//1008
f 1018//1018 1017//1017 1019//1019
f 1020//1020 1018//1018 1019//1019
f 1019//1019 1017//1017 1021//1021
f 995//995 851//851 1009//1009
f 984//984 803//803 985//985
f 1011//1011 979//979 986//986
f 1022//1022 986//986 998//998
f 1005//1005 1018//1018 970//970
f 1018//1018 1020//1020 970//970
f 970//970 1020//1020 1003//1003
f 1014//1014 971//971 980//980
f 1012//1012 989//989 990//990
f 993//993 1012//1012 1023//1023
f 1024//1024 990//990 981//981
f 1012//1012 990//990 1024//1024
f 1025//1025 847//847 1001//1001
f 1023//1023 1014//1014 993//993
f 1016//1016 994//994 995//995
f 1026//1026 1019//1019 1027//1027
f 1019//1019 1026//1026 1020//1020
f 1028//1028 997//997 984//984
f 1028//1028 1010//1010 997//997
f 1029//1029 1022//1022 998//998
f 1011//1011 986//986 1022//1022
f 1029//1029 998//998 855//855
f 1029//1029 855//855 987//987
f 1003//1003 1020//1020 1030//1030
f 988//988 971//971 1031//1031
f 1032//1032 1014//1014 1023//1023
f 1033//1033 981//981 847//847
f 981//981 1033//1033 1024//1024
f 1034//1034 992//992 848//848
f 1035//1035 1015//1015 1016//1016
f 1020//1020 1026//1026 1030//1030
f 1036//1036 1026//1026 1037//1037
f 841//841 1011//1011 969//969
f 1038//1038 1011//1011 1022//1022
f 1039//1039 999//999 1000//1000
f 1030//1030 1040//1040 1003//1003
f 1041//1041 971//971 1014//1014
f 1041//1041 1031//1031 971//971
f 1042//1042 1009//1009 988//988
f 1041//1041 1014//1014 1032//1032
f 1043//1043 1023//1023 1012//1012
f 1012//1012 1044//1044 1043//1043
f 1044//1044 1012//1012 1024//1024
f 1045//1045 1001//1001 1010//1010
f 1046//1046 982//982 991//991
f 1003//1003 1040//1040 1002//1002
f 1013//1013 992//992 1034//1034
f 1047//1047 1030//1030 1026//1026
f 1048//1048 984//984 985//985
f 1049//1049 1028//1028 984//984
f 1029//1029 1038//1038 1022//1022
f 1050//1050 1038//1038 1029//1029
f 1051//1051 1029//1029 987//987
f 1040//1040 1030//1030 1052//1052
f 1023//1023 1043//1043 1032//1032
f 1053//1053 1041//1041 1032//1032
f 1032//1032 1043//1043 1053//1053
f 1025//1025 1033//1033 847//847
f 1054//1054 1044//1044 1024//1024
f 1002//1002 1034//1034 848//848
f 1040//1040 1055//1055 1002//1002
f 1056//1056 1035//1035 1016//1016
f 1057//1057 1056//1056 1016//1016
f 1057//1057 1016//1016 995//995
f 1030//1030 1047//1047 1052//1052
f 1058//1058 1026//1026 1036//1036
f 1058//1058 1047//1047 1026//1026
f 1037//1037 1058//1058 1036//1036
f 1037//1037 1059//1059 1058//1058
f 1058//1058 1060//1060 1047//1047
f 1060//1060 1058//1058 1059//1059
f 1047//1047 1060//1060 1052//1052
f 1061//1061 995//995 1009//1009
f 1045//1045 1010//1010 1028//1028
f 1048//1048 1049//1049 984//984
f 1062//1062 991//991 969//969
f 1050//1050 1029//1029 1051//1051
f 1052//1052 1055//1055 1040//1040
f 1063//1063 988//988 1031//1031
f 1053//1053 1043//1043 1064//1064
f 1064//1064 1041//1041 1053//1053
f 1054//1054 1024//1024 1033//1033
f 1001//1001 1045//1045 1025//1025
f 1061//1061 1057//1057 995//995
f 1060//1060 1065//1065 1052//1052
f 1065//1065 1066//1066 1052//1052
f 1042//1042 1061//1061 1009//1009
f 1067//1067 1028//1028 1049//1049
f 1068//1068 1011//1011 1038//1038
f 1050//1050 1068//1068 1038//1038
f 1069//1069 987//987 999//999
f 1069//1069 999//999 1039//1039
f 1070//1070 1039//1039 1000//1000
f 1070//1070 1000//1000 849//849
f 1052//1052 1066//1066 1055//1055
f 1063//1063 1042//1042 988//988
f 1071//1071 1044//1044 1054//1054
f 1071//1071 1043//1043 1044//1044
f 1072//1072 1054//1054 1033//1033
f 1025//1025 1045//1045 1073//1073
f 1062//1062 1046//1046 991//991
f 1074//1074 849//849 1013//1013
f 1075//1075 1057//1057 1061//1061
f 1076//1076 1065//1065 1077//1077
f 1066//1066 1065//1065 1076//1076
f 1066//1066 1076//1076 1078//1078
f 1067//1067 1045//1045 1028//1028
f 969//969 1011//1011 1062//1062
f 1079//1079 1051//1051 987//987
f 1074//1074 1070//1070 849//849
f 1080//1080 1041//1041 1064//1064
f 1072//1072 1033//1033 1025//1025
f 1045//1045 1081//1081 1073//1073
f 1082//1082 985//985 982//982
f 1082//1082 982//982 1046//1046
f 1083//1083 1002//1002 1055//1055
f 1083//1083 1034//1034 1002//1002
f 1075//1075 1056//1056 1057//1057
f 1084//1084 1075//1075 1061//1061
f 1076//1076 1085//1085 1078//1078
f 1084//1084 1061//1061 1042//1042
f 1081//1081 1045//1045 1067//1067
f 1082//1082 1048//1048 985//985
f 1011//1011 1086//1086 1062//1062
f 1068//1068 1050//1050 1087//1087
f 1087//1087 1050//1050 1051//1051
f 1088//1088 1068//1068 1087//1087
f 1079//1079 987//987 1069//1069
f 1055//1055 1066//1066 1089//1089
f 1078//1078 1090//1090 1066//1066
f 1091//1091 1063//1063 1031//1031
f 1092//1092 1091//1091 1031//1031
f 1092//1092 1031//1031 1041//1041
f 1093//1093 1063//1063 1091//1091
f 1071//1071 1094//1094 1043//1043
f 1080//1080 1092//1092 1041//1041
f 1043//1043 1094//1094 1095//1095
f 1043//1043 1095//1095 1064//1064
f 1094//1094 1071//1071 1054//1054
f 1096//1096 1054//1054 1072//1072
f 1089//1089 1083//1083 1055//1055
f 1097//1097 1074//1074 1013//1013
f 1098//1098 1056//1056 1075//1075
f 1090//1090 1078//1078 1099//1099
f 1090//1090 1099//1099 1085//1085
f 1085//1085 1099//1099 1078//1078
f 1100//1100 1081//1081 1067//1067
f 1100//1100 1067//1067 1049//1049
f 1086//1086 1011//1011 1068//1068
f 1101//1101 1051//1051 1079//1079
f 1066//1066 1090//1090 1089//1089
f 1102//1102 1042//1042 1063//1063
f 1103//1103 1072//1072 1025//1025
f 1103//1103 1025//1025 1073//1073
f 1096//1096 1094//1094 1054//1054
f 1104//1104 1046//1046 1062//1062
f 1083//1083 1097//1097 1034//1034
f 1105//1105 1098//1098 1075//1075
f 1085//1085 1106//1106 1107//1107
f 1085//1085 1107//1107 1108//1108
f 1085//1085 1108//1108 1090//1090
f 1107//1107 1106//1106 1109//1109
f 1110//1110 1106//1106 1085//1085
f 1108//1108 1107//1107 1111//1111
f 1102//1102 1084//1084 1042//1042
f 1112//1112 1086//1086 1068//1068
f 1113//1113 1087//1087 1051//1051
f 1093//1093 1102//1102 1063//1063
f 1064//1064 1095//1095 1080//1080
f 1095//1095 1114//1114 1080//1080
f 1115//1115 1092//1092 1080//1080
f 1114//1114 1095//1095 1094//1094
f 1116//1116 1082//1082 1046//1046
f 1117//1117 1105//1105 1075//1075
f 1117//1117 1075//1075 1084//1084
f 1118//1118 1117//1117 1084//1084
f 1108//1108 1119//1119 1090//1090
f 1111//1111 1119//1119 1108//1108
f 1100//1100 1120//1120 1081//1081
f 1086//1086 1121//1121 1062//1062
f 1086//1086 1112//1112 1121//1121
f 1113//1113 1088//1088 1087//1087
f 1122//1122 1112//1112 1068//1068
f 1068//1068 1088//1088 1122//1122
f 1123//1123 1079//1079 1069//1069
f 1123//1123 1069//1069 1039//1039
f 1124//1124 1089//1089 1090//1090
f 1125//1125 1092//1092 1115//1115
f 1126//1126 1094//1094 1096//1096
f 1126//1126 1114//1114 1094//1094
f 1080//1080 1114//1114 1127//1127
f 1128//1128 1072//1072 1103//1103
f 1072//1072 1128//1128 1129//1129
f 1072//1072 1129//1129 1096//1096
f 1081//1081 1120//1120 1073//1073
f 1130//1130 1082//1082 1116//1116
f 1104//1104 1116//1116 1046//1046
f 1131//1131 967//967 907//907
f 967//967 1131//1131 968//968
f 1131//1131 907//907 1132//1132
f 1133//1133 968//968 1131//1131
f 1134//1134 1131//1131 1132//1132
f 1133//1133 1131//1131 1134//1134
f 1132//1132 907//907 905//905
f 1135//1135 1132//1132 905//905
f 1134//1134 1132//1132 1136//1136
f 1136//1136 1132//1132 1135//1135
f 1137//1137 1133//1133 1136//1136
f 1133//1133 1137//1137 1138//1138
f 1139//1139 1138//1138 1137//1137
f 1135//1135 905//905 909//909
f 1140//1140 1136//1136 1135//1135
f 1136//1136 1140//1140 1137//1137
f 1133//1133 976//976 968//968
f 1141//1141 1133//1133 1138//1138
f 1141//1141 1138//1138 1139//1139
f 1142//1142 1006//1006 1133//1133
f 1142//1142 1133//1133 1141//1141
f 1006//1006 976//976 1133//1133
f 1143//1143 1141//1141 1139//1139
f 1143//1143 1139//1139 1144//1144
f 1142//1142 1007//1007 1006//1006
f 1143//1143 1007//1007 1142//1142
f 1143//1143 1142//1142 1141//1141
f 1145//1145 1007//1007 1143//1143
f 1145//1145 1143//1143 1146//1146
f 1021//1021 1017//1017 1008//1008
f 1019//1019 1021//1021 1027//1027
f 1021//1021 1008//1008 1007//1007
f 1147//1147 1027//1027 1148//1148
f 1027//1027 1021//1021 1148//1148
f 1149//1149 1148//1148 1021//1021
f 1149//1149 1021//1021 1007//1007
f 1149//1149 1007//1007 1145//1145
f 1148//1148 1149//1149 1150//1150
f 1151//1151 1148//1148 1150//1150
f 1147//1147 1148//1148 1152//1152
f 1153//1153 1148//1148 1151//1151
f 1154//1154 1026//1026 1027//1027
f 1147//1147 1154//1154 1027//1027
f 1154//1154 1037//1037 1026//1026
f 1155//1155 1147//1147 1152//1152
f 1156//1156 1154//1154 1147//1147
f 1155//1155 1156//1156 1147//1147
f 1152//1152 1157//1157 1155//1155
f 1065//1065 1060//1060 1158//1158
f 1159//1159 1060//1060 1059//1059
f 1158//1158 1060//1060 1160//1160
f 1160//1160 1060//1060 1159//1159
f 1059//1059 1037//1037 1156//1156
f 1156//1156 1037//1037 1154//1154
f 1159//1159 1059//1059 1156//1156
f 1161//1161 1160//1160 1162//1162
f 1159//1159 1156//1156 1155//1155
f 1160//1160 1159//1159 1162//1162
f 1163//1163 1159//1159 1155//1155
f 1164//1164 1161//1161 1162//1162
f 1162//1162 1159//1159 1163//1163
f 1162//1162 1163//1163 1165//1165
f 1166//1166 1162//1162 1165//1165
f 1162//1162 1166//1166 1164//1164
f 1166//1166 1165//1165 1167//1167
f 1157//1157 1163//1163 1155//1155
f 1077//1077 1065//1065 1158//1158
f 1161//1161 1158//1158 1160//1160
f 1168//1168 1158//1158 1161//1161
f 1168//1168 1161//1161 1164//1164
f 1164//1164 1166//1166 1167//1167
f 1158//1158 1110//1110 1077//1077
f 1169//1169 1168//1168 1164//1164
f 1170//1170 1164//1164 1167//1167
f 1171//1171 1170//1170 1167//1167
f 1077//1077 1085//1085 1076//1076
f 1085//1085 1077//1077 1110//1110
f 1172//1172 1110//1110 1158//1158
f 1169//1169 1172//1172 1168//1168
f 1173//1173 1174//1174 1169//1169
f 1169//1169 1164//1164 1170//1170
f 1173//1173 1169//1169 1170//1170
f 1170//1170 1171//1171 1173//1173
f 1109//1109 1106//1106 1110//1110
f 1172//1172 1109//1109 1110//1110
f 1175//1175 1107//1107 1109//1109
f 1111//1111 1107//1107 1175//1175
f 1176//1176 1111//1111 1175//1175
f 1174//1174 1109//1109 1172//1172
f 1175//1175 1109//1109 1174//1174
f 1174//1174 1172//1172 1169//1169
f 1177//1177 1176//1176 1178//1178
f 1179//1179 1177//1177 1178//1178
f 1176//1176 1175//1175 1178//1178
f 1178//1178 1175//1175 1180//1180
f 1180//1180 1175//1175 1174//1174
f 1181//1181 1179//1179 1178//1178
f 1177//1177 1111//1111 1176//1176
f 1144//1144 1139//1139 1137//1137
f 1144//1144 1137//1137 1182//1182
f 1137//1137 1140//1140 1182//1182
f 964//964 1135//1135 909//909
f 1140//1140 1135//1135 964//964
f 1182//1182 1140//1140 1183//1183
f 1184//1184 1140//1140 964//964
f 1140//1140 1184//1184 1183//1183
f 1183//1183 1184//1184 1185//1185
f 961//961 964//964 960//960
f 1186//1186 964//964 961//961
f 1184//1184 964//964 1186//1186
f 1185//1185 1184//1184 1187//1187
f 1186//1186 961//961 963//963
f 1188//1188 1184//1184 1186//1186
f 1184//1184 1188//1188 1187//1187
f 1187//1187 1189//1189 1185//1185
f 1188//1188 1186//1186 1190//1190
f 1190//1190 1186//1186 963//963
f 1191//1191 1187//1187 1188//1188
f 1187//1187 1191//1191 1192//1192
f 1191//1191 1188//1188 1190//1190
f 1190//1190 963//963 965//965
f 1193//1193 1187//1187 1192//1192
f 1185//1185 1182//1182 1183//1183
f 1189//1189 1194//1194 1185//1185
f 1189//1189 1187//1187 1193//1193
f 1195//1195 1193//1193 1192//1192
f 1144//1144 1182//1182 1185//1185
f 1194//1194 1144//1144 1185//1185
f 1196//1196 1194//1194 1189//1189
f 1146//1146 1143//1143 1144//1144
f 1197//1197 1145//1145 1198//1198
f 1198//1198 1146//1146 1196//1196
f 1145//1145 1146//1146 1198//1198
f 1196//1196 1146//1146 1144//1144
f 1196//1196 1144//1144 1194//1194
f 1198//1198 1196//1196 1199//1199
f 1200//1200 1198//1198 1199//1199
f 1201//1201 1198//1198 1200//1200
f 1199//1199 1196//1196 1189//1189
f 1193//1193 1199//1199 1189//1189
f 1195//1195 1199//1199 1193//1193
f 1200//1200 1199//1199 1195//1195
f 1201//1201 1200//1200 1202//1202
f 1202//1202 1200//1200 1195//1195
f 1197//1197 1149//1149 1145//1145
f 1150//1150 1149//1149 1197//1197
f 1151//1151 1150//1150 1153//1153
f 1150//1150 1197//1197 1153//1153
f 1203//1203 1197//1197 1198//1198
f 1197//1197 1203//1203 1153//1153
f 1204//1204 1153//1153 1203//1203
f 1201//1201 1203//1203 1198//1198
f 1205//1205 1204//1204 1206//1206
f 1204//1204 1203//1203 1206//1206
f 1206//1206 1203//1203 1201//1201
f 1207//1207 1205//1205 1206//1206
f 1207//1207 1206//1206 1208//1208
f 1206//1206 1201//1201 1208//1208
f 1201//1201 1202//1202 1208//1208
f 1152//1152 1148//1148 1153//1153
f 1209//1209 1152//1152 1153//1153
f 1209//1209 1153//1153 1204//1204
f 1210//1210 1205//1205 1207//1207
f 1211//1211 1207//1207 1208//1208
f 1157//1157 1152//1152 1209//1209
f 1212//1212 1209//1209 1204//1204
f 1212//1212 1204//1204 1205//1205
f 1210//1210 1212//1212 1205//1205
f 1213//1213 1210//1210 1207//1207
f 1211//1211 1213//1213 1207//1207
f 1214//1214 1213//1213 1211//1211
f 1215//1215 1216//1216 1163//1163
f 1216//1216 1165//1165 1163//1163
f 1167//1167 1165//1165 1216//1216
f 1212//1212 1157//1157 1209//1209
f 1217//1217 1167//1167 1216//1216
f 1212//1212 1163//1163 1157//1157
f 1215//1215 1163//1163 1212//1212
f 1217//1217 1216//1216 1218//1218
f 1219//1219 1215//1215 1212//1212
f 1218//1218 1216//1216 1215//1215
f 1220//1220 1217//1217 1218//1218
f 1213//1213 1212//1212 1210//1210
f 1221//1221 1219//1219 1212//1212
f 1213//1213 1221//1221 1212//1212
f 1218//1218 1219//1219 1221//1221
f 1220//1220 1218//1218 1222//1222
f 1223//1223 1218//1218 1221//1221
f 1222//1222 1218//1218 1223//1223
f 1214//1214 1221//1221 1213//1213
f 1222//1222 1223//1223 1224//1224
f 1217//1217 1171//1171 1167//1167
f 1220//1220 1225//1225 1217//1217
f 1226//1226 1225//1225 1220//1220
f 1222//1222 1226//1226 1220//1220
f 1226//1226 1222//1222 1224//1224
f 1173//1173 1171//1171 1217//1217
f 1227//1227 1173//1173 1217//1217
f 1228//1228 1226//1226 1224//1224
f 1225//1225 1227//1227 1217//1217
f 1229//1229 1225//1225 1226//1226
f 1230//1230 1174//1174 1173//1173
f 1230//1230 1173//1173 1227//1227
f 1229//1229 1227//1227 1225//1225
f 1230//1230 1227//1227 1229//1229
f 1231//1231 1230//1230 1229//1229
f 1228//1228 1229//1229 1226//1226
f 1232//1232 1229//1229 1228//1228
f 1231//1231 1229//1229 1232//1232
f 1233//1233 1180//1180 1174//1174
f 1178//1178 1180//1180 1233//1233
f 1181//1181 1178//1178 1234//1234
f 1233//1233 1174//1174 1230//1230
f 1178//1178 1233//1233 1234//1234
f 1235//1235 1234//1234 1233//1233
f 1236//1236 1234//1234 1235//1235
f 1237//1237 1236//1236 1235//1235
f 1238//1238 1233//1233 1230//1230
f 1239//1239 1235//1235 1233//1233
f 1239//1239 1237//1237 1235//1235
f 1238//1238 1230//1230 1231//1231
f 1239//1239 1233//1233 1238//1238
f 1239//1239 1238//1238 1240//1240
f 1241//1241 1239//1239 1240//1240
f 1242//1242 1238//1238 1231//1231
f 1242//1242 1231//1231 1232//1232
f 1240//1240 1238//1238 1242//1242
f 1181//1181 1234//1234 1236//1236
f 1118//1118 1105//1105 1117//1117
f 1119//1119 1243//1243 1090//1090
f 1119//1119 1244//1244 1243//1243
f 1244//1244 1119//1119 1111//1111
f 1245//1245 1082//1082 1130//1130
f 1245//1245 1048//1048 1082//1082
f 1062//1062 1121//1121 1104//1104
f 1101//1101 1113//1113 1051//1051
f 1246//1246 1079//1079 1123//1123
f 1125//1125 1091//1091 1092//1092
f 1247//1247 1114//1114 1126//1126
f 1247//1247 1126//1126 1248//1248
f 1248//1248 1126//1126 1096//1096
f 1249//1249 1083//1083 1089//1089
f 1124//1124 1249//1249 1089//1089
f 1127//1127 1115//1115 1080//1080
f 1250//1250 1105//1105 1118//1118
f 1251//1251 1105//1105 1250//1250
f 1118//1118 1084//1084 1250//1250
f 1252//1252 1243//1243 1244//1244
f 1243//1243 1252//1252 1253//1253
f 1254//1254 1084//1084 1102//1102
f 1113//1113 1122//1122 1088//1088
f 1246//1246 1101//1101 1079//1079
f 1124//1124 1090//1090 1253//1253
f 1090//1090 1243//1243 1253//1253
f 1255//1255 1093//1093 1091//1091
f 1114//1114 1256//1256 1127//1127
f 1127//1127 1256//1256 1257//1257
f 1256//1256 1114//1114 1247//1247
f 1073//1073 1120//1120 1258//1258
f 1120//1120 1259//1259 1258//1258
f 1103//1103 1073//1073 1258//1258
f 1260//1260 1116//1116 1104//1104
f 1261//1261 1074//1074 1097//1097
f 1261//1261 1097//1097 1083//1083
f 1261//1261 1083//1083 1249//1249
f 1125//1125 1115//1115 1127//1127
f 1262//1262 1251//1251 1250//1250
f 1263//1263 1264//1264 1252//1252
f 1264//1264 1265//1265 1252//1252
f 1263//1263 1252//1252 1244//1244
f 1254//1254 1250//1250 1084//1084
f 1266//1266 1100//1100 1049//1049
f 1266//1266 1120//1120 1100//1100
f 1121//1121 1260//1260 1104//1104
f 1267//1267 1121//1121 1112//1112
f 1268//1268 1113//1113 1101//1101
f 1269//1269 1122//1122 1113//1113
f 1270//1270 1101//1101 1246//1246
f 1271//1271 1102//1102 1093//1093
f 1271//1271 1254//1254 1102//1102
f 1255//1255 1091//1091 1125//1125
f 1272//1272 1093//1093 1255//1255
f 1096//1096 1129//1129 1248//1248
f 1124//1124 1273//1273 1249//1249
f 1274//1274 1074//1074 1261//1261
f 1257//1257 1275//1275 1125//1125
f 1257//1257 1125//1125 1127//1127
f 1276//1276 1251//1251 1262//1262
f 1252//1252 1265//1265 1277//1277
f 1253//1253 1252//1252 1277//1277
f 1277//1277 1265//1265 1278//1278
f 1278//1278 1265//1265 1279//1279
f 1280//1280 1049//1049 1048//1048
f 1259//1259 1120//1120 1266//1266
f 1049//1049 1280//1280 1266//1266
f 1268//1268 1269//1269 1113//1113
f 1270//1270 1268//1268 1101//1101
f 1253//1253 1281//1281 1124//1124
f 1253//1253 1277//1277 1281//1281
f 1272//1272 1271//1271 1093//1093
f 1275//1275 1255//1255 1125//1125
f 1282//1282 1256//1256 1247//1247
f 1247//1247 1248//1248 1283//1283
f 1284//1284 1116//1116 1260//1260
f 1274//1274 1070//1070 1074//1074
f 1285//1285 1275//1275 1257//1257
f 1286//1286 1276//1276 1262//1262
f 1254//1254 1262//1262 1250//1250
f 1287//1287 1262//1262 1254//1254
f 1277//1277 1278//1278 1288//1288
f 1277//1277 1288//1288 1281//1281
f 1289//1289 1288//1288 1278//1278
f 1289//1289 1278//1278 1290//1290
f 1288//1288 1291//1291 1281//1281
f 1292//1292 1267//1267 1112//1112
f 1112//1112 1122//1122 1269//1269
f 1292//1292 1112//1112 1269//1269
f 1256//1256 1282//1282 1257//1257
f 1293//1293 1282//1282 1247//1247
f 1293//1293 1247//1247 1283//1283
f 1294//1294 1283//1283 1248//1248
f 1248//1248 1129//1129 1294//1294
f 1128//1128 1103//1103 1295//1295
f 1295//1295 1103//1103 1258//1258
f 1284//1284 1130//1130 1116//1116
f 1296//1296 1276//1276 1286//1286
f 1286//1286 1262//1262 1287//1287
f 1291//1291 1288//1288 1289//1289
f 1297//1297 1259//1259 1266//1266
f 1298//1298 1245//1245 1130//1130
f 1299//1299 1292//1292 1269//1269
f 1300//1300 1269//1269 1268//1268
f 1124//1124 1281//1281 1301//1301
f 1124//1124 1301//1301 1273//1273
f 1302//1302 1039//1039 1070//1070
f 1258//1258 1259//1259 1303//1303
f 1302//1302 1070//1070 1274//1274
f 1296//1296 1286//1286 1287//1287
f 1291//1291 1304//1304 1305//1305
f 1291//1291 1305//1305 1281//1281
f 1306//1306 1048//1048 1245//1245
f 1307//1307 1121//1121 1267//1267
f 1299//1299 1269//1269 1300//1300
f 1308//1308 1300//1300 1268//1268
f 1309//1309 1246//1246 1123//1123
f 1270//1270 1308//1308 1268//1268
f 1287//1287 1254//1254 1271//1271
f 1257//1257 1282//1282 1310//1310
f 1311//1311 1282//1282 1293//1293
f 1312//1312 1311//1311 1293//1293
f 1293//1293 1283//1283 1294//1294
f 1295//1295 1258//1258 1303//1303
f 1312//1312 1293//1293 1294//1294
f 1313//1313 1284//1284 1260//1260
f 1284//1284 1298//1298 1130//1130
f 1260//1260 1121//1121 1313//1313
f 1314//1314 1261//1261 1249//1249
f 1315//1315 1275//1275 1285//1285
f 1310//1310 1285//1285 1257//1257
f 1296//1296 1287//1287 1316//1316
f 1317//1317 1291//1291 1289//1289
f 1304//1304 1291//1291 1317//1317
f 1317//1317 1318//1318 1304//1304
f 1318//1318 1317//1317 1319//1319
f 1305//1305 1304//1304 1320//1320
f 1321//1321 1320//1320 1304//1304
f 1259//1259 1297//1297 1303//1303
f 1298//1298 1306//1306 1245//1245
f 1307//1307 1313//1313 1121//1121
f 1322//1322 1299//1299 1300//1300
f 1323//1323 1272//1272 1255//1255
f 1324//1324 1287//1287 1271//1271
f 1324//1324 1271//1271 1272//1272
f 1325//1325 1255//1255 1275//1275
f 1326//1326 1311//1311 1312//1312
f 1249//1249 1273//1273 1314//1314
f 1327//1327 1328//1328 1274//1274
f 1327//1327 1274//1274 1261//1261
f 1315//1315 1285//1285 1310//1310
f 1329//1329 1330//1330 1296//1296
f 1305//1305 1320//1320 1331//1331
f 1305//1305 1331//1331 1332//1332
f 1320//1320 1332//1332 1331//1331
f 1306//1306 1280//1280 1048//1048
f 1322//1322 1300//1300 1308//1308
f 1333//1333 1123//1123 1039//1039
f 1305//1305 1332//1332 1281//1281
f 1281//1281 1332//1332 1301//1301
f 1273//1273 1301//1301 1334//1334
f 1333//1333 1039//1039 1302//1302
f 1335//1335 1324//1324 1272//1272
f 1323//1323 1255//1255 1325//1325
f 1326//1326 1282//1282 1311//1311
f 1326//1326 1312//1312 1294//1294
f 1336//1336 1128//1128 1295//1295
f 1336//1336 1294//1294 1129//1129
f 1128//1128 1336//1336 1129//1129
f 1327//1327 1261//1261 1314//1314
f 1314//1314 1273//1273 1334//1334
f 1325//1325 1275//1275 1315//1315
f 1337//1337 1330//1330 1329//1329
f 1337//1337 1338//1338 1330//1330
f 1316//1316 1329//1329 1296//1296
f 1337//1337 1329//1329 1316//1316
f 1339//1339 1266//1266 1280//1280
f 1340//1340 1297//1297 1266//1266
f 1341//1341 1307//1307 1267//1267
f 1267//1267 1292//1292 1341//1341
f 1292//1292 1299//1299 1342//1342
f 1333//1333 1309//1309 1123//1123
f 1343//1343 1270//1270 1246//1246
f 1343//1343 1308//1308 1270//1270
f 1323//1323 1335//1335 1272//1272
f 1323//1323 1325//1325 1344//1344
f 1324//1324 1316//1316 1287//1287
f 1345//1345 1326//1326 1294//1294
f 1346//1346 1282//1282 1326//1326
f 1347//1347 1284//1284 1313//1313
f 1348//1348 1302//1302 1274//1274
f 1348//1348 1274//1274 1328//1328
f 1349//1349 1338//1338 1337//1337
f 1337//1337 1316//1316 1350//1350
f 1351//1351 1332//1332 1320//1320
f 1350//1350 1316//1316 1324//1324
f 1297//1297 1340//1340 1303//1303
f 1339//1339 1340//1340 1266//1266
f 1352//1352 1280//1280 1306//1306
f 1342//1342 1341//1341 1292//1292
f 1322//1322 1342//1342 1299//1299
f 1353//1353 1343//1343 1246//1246
f 1282//1282 1346//1346 1310//1310
f 1354//1354 1326//1326 1345//1345
f 1355//1355 1295//1295 1303//1303
f 1345//1345 1294//1294 1336//1336
f 1347//1347 1298//1298 1284//1284
f 1347//1347 1313//1313 1307//1307
f 1356//1356 1325//1325 1315//1315
f 1357//1357 1338//1338 1349//1349
f 1349//1349 1337//1337 1350//1350
f 1358//1358 1351//1351 1359//1359
f 1360//1360 1332//1332 1351//1351
f 1358//1358 1360//1360 1351//1351
f 1280//1280 1352//1352 1339//1339
f 1361//1361 1308//1308 1343//1343
f 1362//1362 1322//1322 1308//1308
f 1362//1362 1308//1308 1361//1361
f 1362//1362 1342//1342 1322//1322
f 1363//1363 1353//1353 1309//1309
f 1332//1332 1360//1360 1364//1364
f 1332//1332 1364//1364 1301//1301
f 1365//1365 1350//1350 1324//1324
f 1366//1366 1326//1326 1354//1354
f 1366//1366 1346//1346 1326//1326
f 1356//1356 1315//1315 1310//1310
f 1358//1358 1367//1367 1360//1360
f 1368//1368 1369//1369 1360//1360
f 1368//1368 1370//1370 1371//1371
f 1369//1369 1368//1368 1371//1371
f 1364//1364 1360//1360 1369//1369
f 1372//1372 1341//1341 1342//1342
f 1372//1372 1342//1342 1362//1362
f 1361//1361 1343//1343 1353//1353
f 1363//1363 1309//1309 1333//1333
f 1301//1301 1364//1364 1373//1373
f 1301//1301 1373//1373 1334//1334
f 1310//1310 1346//1346 1374//1374
f 1303//1303 1340//1340 1355//1355
f 1375//1375 1298//1298 1347//1347
f 1376//1376 1327//1327 1314//1314
f 1376//1376 1314//1314 1334//1334
f 1344//1344 1325//1325 1356//1356
f 1374//1374 1356//1356 1310//1310
f 1377//1377 1357//1357 1349//1349
f 1349//1349 1350//1350 1378//1378
f 1378//1378 1377//1377 1349//1349
f 1379//1379 1369//1369 1371//1371
f 1364//1364 1369//1369 1373//1373
f 1365//1365 1378//1378 1350//1350
f 1352//1352 1380//1380 1339//1339
f 1380//1380 1352//1352 1306//1306
f 1375//1375 1306//1306 1298//1298
f 1381//1381 1307//1307 1341//1341
f 1382//1382 1335//1335 1323//1323
f 1382//1382 1323//1323 1344//1344
f 1383//1383 1365//1365 1324//1324
f 1384//1384 1383//1383 1335//1335
f 1382//1382 1384//1384 1335//1335
f 1346//1346 1385//1385 1374//1374
f 1386//1386 1354//1354 1345//1345
f 1345//1345 1336//1336 1386//1386
f 1381//1381 1347//1347 1307//1307
f 1327//1327 1348//1348 1328//1328
f 1387//1387 1376//1376 1334//1334
f 1334//1334 1373//1373 1387//1387
f 1339//1339 1380//1380 1388//1388
f 1389//1389 1362//1362 1361//1361
f 1389//1389 1390//1390 1362//1362
f 1390//1390 1372//1372 1362//1362
f 1346//1346 1366//1366 1385//1385
f 1386//1386 1366//1366 1354//1354
f 1391//1391 1336//1336 1295//1295
f 1392//1392 1369//1369 1379//1379
f 1388//1388 1340//1340 1339//1339
f 1393//1393 1341//1341 1372//1372
f 1389//1389 1361//1361 1353//1353
f 1333//1333 1302//1302 1348//1348
f 1383//1383 1378//1378 1365//1365
f 1394//1394 1366//1366 1386//1386
f 1366//1366 1394//1394 1385//1385
f 1355//1355 1391//1391 1295//1295
f 1355//1355 1340//1340 1395//1395
f 1396//1396 1327//1327 1376//1376
f 1397//1397 1348//1348 1327//1327
f 1374//1374 1344//1344 1356//1356
f 1244//1244 1111//1111 1398//1398
f 1398//1398 1111//1111 1177//1177
f 1399//1399 1179//1179 1181//1181
f 1400//1400 1177//1177 1179//1179
f 1263//1263 1244//1244 1398//1398
f 1401//1401 1264//1264 1402//1402
f 1400//1400 1264//1264 1263//1263
f 1400//1400 1263//1263 1398//1398
f 1402//1402 1264//1264 1400//1400
f 1400//1400 1398//1398 1177//1177
f 1402//1402 1400//1400 1399//1399
f 1179//1179 1399//1399 1400//1400
f 1403//1403 1402//1402 1399//1399
f 1404//1404 1402//1402 1403//1403
f 1401//1401 1265//1265 1264//1264
f 1265//1265 1401//1401 1279//1279
f 1278//1278 1279//1279 1290//1290
f 1279//1279 1401//1401 1290//1290
f 1290//1290 1401//1401 1405//1405
f 1406//1406 1290//1290 1405//1405
f 1401//1401 1404//1404 1405//1405
f 1404//1404 1401//1401 1402//1402
f 1406//1406 1405//1405 1407//1407
f 1405//1405 1404//1404 1408//1408
f 1407//1407 1405//1405 1408//1408
f 1409//1409 1290//1290 1406//1406
f 1409//1409 1406//1406 1407//1407
f 1410//1410 1409//1409 1407//1407
f 1319//1319 1289//1289 1290//1290
f 1319//1319 1290//1290 1409//1409
f 1319//1319 1317//1317 1289//1289
f 1411//1411 1304//1304 1318//1318
f 1304//1304 1411//1411 1321//1321
f 1412//1412 1318//1318 1319//1319
f 1411//1411 1318//1318 1412//1412
f 1413//1413 1412//1412 1319//1319
f 1414//1414 1413//1413 1319//1319
f 1411//1411 1412//1412 1415//1415
f 1414//1414 1319//1319 1409//1409
f 1415//1415 1412//1412 1413//1413
f 1321//1321 1411//1411 1416//1416
f 1411//1411 1415//1415 1416//1416
f 1417//1417 1414//1414 1409//1409
f 1413//1413 1414//1414 1417//1417
f 1416//1416 1415//1415 1418//1418
f 1419//1419 1413//1413 1417//1417
f 1415//1415 1413//1413 1419//1419
f 1420//1420 1415//1415 1419//1419
f 1420//1420 1418//1418 1415//1415
f 1420//1420 1419//1419 1421//1421
f 1422//1422 1320//1320 1321//1321
f 1423//1423 1422//1422 1321//1321
f 1423//1423 1321//1321 1416//1416
f 1423//1423 1416//1416 1418//1418
f 1424//1424 1423//1423 1418//1418
f 1422//1422 1351//1351 1320//1320
f 1351//1351 1422//1422 1359//1359
f 1425//1425 1359//1359 1422//1422
f 1425//1425 1422//1422 1423//1423
f 1425//1425 1423//1423 1424//1424
f 1426//1426 1425//1425 1424//1424
f 1425//1425 1358//1358 1359//1359
f 1425//1425 1427//1427 1358//1358
f 1426//1426 1428//1428 1425//1425
f 1429//1429 1428//1428 1426//1426
f 1430//1430 1426//1426 1424//1424
f 1430//1430 1429//1429 1426//1426
f 1358//1358 1427//1427 1367//1367
f 1427//1427 1368//1368 1367//1367
f 1370//1370 1368//1368 1427//1427
f 1371//1371 1370//1370 1431//1431
f 1370//1370 1432//1432 1431//1431
f 1428//1428 1427//1427 1425//1425
f 1432//1432 1370//1370 1427//1427
f 1432//1432 1427//1427 1428//1428
f 1432//1432 1428//1428 1433//1433
f 1434//1434 1431//1431 1432//1432
f 1435//1435 1431//1431 1434//1434
f 1432//1432 1433//1433 1434//1434
f 1435//1435 1434//1434 1436//1436
f 1434//1434 1433//1433 1436//1436
f 1433//1433 1428//1428 1429//1429
f 1437//1437 1436//1436 1433//1433
f 1438//1438 1433//1433 1429//1429
f 1433//1433 1438//1438 1437//1437
f 1431//1431 1379//1379 1371//1371
f 1439//1439 1431//1431 1435//1435
f 1435//1435 1436//1436 1437//1437
f 1440//1440 1379//1379 1431//1431
f 1440//1440 1431//1431 1439//1439
f 1441//1441 1435//1435 1437//1437
f 1442//1442 1441//1441 1437//1437
f 1441//1441 1439//1439 1435//1435
f 1443//1443 1181//1181 1236//1236
f 1443//1443 1399//1399 1181//1181
f 1444//1444 1443//1443 1236//1236
f 1444//1444 1236//1236 1237//1237
f 1445//1445 1444//1444 1237//1237
f 1445//1445 1237//1237 1239//1239
f 1445//1445 1239//1239 1241//1241
f 1241//1241 1240//1240 1446//1446
f 1447//1447 1404//1404 1403//1403
f 1444//1444 1399//1399 1443//1443
f 1444//1444 1403//1403 1399//1399
f 1448//1448 1403//1403 1444//1444
f 1449//1449 1447//1447 1403//1403
f 1449//1449 1403//1403 1448//1448
f 1445//1445 1448//1448 1444//1444
f 1449//1449 1448//1448 1450//1450
f 1450//1450 1448//1448 1445//1445
f 1451//1451 1449//1449 1450//1450
f 1445//1445 1241//1241 1446//1446
f 1450//1450 1445//1445 1446//1446
f 1452//1452 1451//1451 1450//1450
f 1452//1452 1450//1450 1446//1446
f 1453//1453 1407//1407 1408//1408
f 1454//1454 1407//1407 1453//1453
f 1408//1408 1404//1404 1447//1447
f 1447//1447 1449//1449 1408//1408
f 1453//1453 1408//1408 1455//1455
f 1408//1408 1449//1449 1455//1455
f 1456//1456 1455//1455 1449//1449
f 1456//1456 1449//1449 1451//1451
f 1453//1453 1455//1455 1456//1456
f 1457//1457 1453//1453 1456//1456
f 1456//1456 1451//1451 1452//1452
f 1458//1458 1456//1456 1452//1452
f 1457//1457 1456//1456 1458//1458
f 1459//1459 1457//1457 1458//1458
f 1410//1410 1407//1407 1454//1454
f 1460//1460 1454//1454 1453//1453
f 1460//1460 1453//1453 1457//1457
f 1410//1410 1417//1417 1409//1409
f 1461//1461 1410//1410 1454//1454
f 1461//1461 1454//1454 1460//1460
f 1462//1462 1461//1461 1460//1460
f 1462//1462 1460//1460 1457//1457
f 1459//1459 1462//1462 1457//1457
f 1419//1419 1417//1417 1410//1410
f 1420//1420 1463//1463 1418//1418
f 1464//1464 1418//1418 1463//1463
f 1420//1420 1421//1421 1465//1465
f 1466//1466 1464//1464 1463//1463
f 1461//1461 1419//1419 1410//1410
f 1465//1465 1419//1419 1461//1461
f 1465//1465 1421//1421 1419//1419
f 1463//1463 1420//1420 1465//1465
f 1467//1467 1463//1463 1465//1465
f 1468//1468 1466//1466 1463//1463
f 1469//1469 1465//1465 1461//1461
f 1469//1469 1461//1461 1462//1462
f 1467//1467 1465//1465 1469//1469
f 1468//1468 1463//1463 1467//1467
f 1470//1470 1469//1469 1462//1462
f 1467//1467 1469//1469 1470//1470
f 1471//1471 1468//1468 1467//1467
f 1471//1471 1467//1467 1472//1472
f 1472//1472 1467//1467 1470//1470
f 1473//1473 1471//1471 1472//1472
f 1474//1474 1424//1424 1418//1418
f 1474//1474 1418//1418 1464//1464
f 1475//1475 1466//1466 1468//1468
f 1476//1476 1468//1468 1471//1471
f 1476//1476 1471//1471 1473//1473
f 1475//1475 1477//1477 1466//1466
f 1478//1478 1475//1475 1468//1468
f 1476//1476 1478//1478 1468//1468
f 1477//1477 1474//1474 1464//1464
f 1477//1477 1464//1464 1466//1466
f 1477//1477 1475//1475 1479//1479
f 1479//1479 1475//1475 1478//1478
f 1474//1474 1430//1430 1424//1424
f 1477//1477 1430//1430 1474//1474
f 1480//1480 1429//1429 1430//1430
f 1480//1480 1430//1430 1477//1477
f 1479//1479 1480//1480 1477//1477
f 1476//1476 1479//1479 1478//1478
f 1480//1480 1479//1479 1476//1476
f 1481//1481 1480//1480 1476//1476
f 1482//1482 1481//1481 1476//1476
f 1482//1482 1476//1476 1473//1473
f 1437//1437 1438//1438 1483//1483
f 1483//1483 1438//1438 1429//1429
f 1483//1483 1484//1484 1437//1437
f 1484//1484 1483//1483 1485//1485
f 1486//1486 1484//1484 1487//1487
f 1485//1485 1483//1483 1480//1480
f 1484//1484 1485//1485 1487//1487
f 1485//1485 1488//1488 1487//1487
f 1489//1489 1487//1487 1488//1488
f 1489//1489 1486//1486 1487//1487
f 1488//1488 1485//1485 1480//1480
f 1488//1488 1480//1480 1481//1481
f 1490//1490 1489//1489 1488//1488
f 1488//1488 1491//1491 1490//1490
f 1491//1491 1488//1488 1481//1481
f 1486//1486 1442//1442 1437//1437
f 1486//1486 1437//1437 1484//1484
f 1492//1492 1493//1493 1486//1486
f 1492//1492 1486//1486 1489//1489
f 1490//1490 1492//1492 1489//1489
f 1493//1493 1442//1442 1486//1486
f 1494//1494 1493//1493 1492//1492
f 1492//1492 1490//1490 1495//1495
f 1493//1493 1496//1496 1442//1442
f 1494//1494 1496//1496 1493//1493
f 1494//1494 1492//1492 1497//1497
f 1497//1497 1492//1492 1495//1495
f 1498//1498 1499//1499 1377//1377
f 1378//1378 1498//1498 1377//1377
f 1392//1392 1500//1500 1501//1501
f 1392//1392 1501//1501 1502//1502
f 1440//1440 1392//1392 1379//1379
f 1369//1369 1392//1392 1502//1502
f 1500//1500 1392//1392 1440//1440
f 1503//1503 1340//1340 1388//1388
f 1504//1504 1393//1393 1372//1372
f 1505//1505 1353//1353 1363//1363
f 1505//1505 1389//1389 1353//1353
f 1373//1373 1502//1502 1506//1506
f 1373//1373 1506//1506 1387//1387
f 1373//1373 1369//1369 1502//1502
f 1507//1507 1382//1382 1344//1344
f 1374//1374 1385//1385 1508//1508
f 1509//1509 1394//1394 1386//1386
f 1336//1336 1510//1510 1386//1386
f 1386//1386 1510//1510 1509//1509
f 1510//1510 1336//1336 1391//1391
f 1511//1511 1347//1347 1381//1381
f 1511//1511 1375//1375 1347//1347
f 1512//1512 1507//1507 1344//1344
f 1512//1512 1344//1344 1374//1374
f 1513//1513 1499//1499 1498//1498
f 1514//1514 1499//1499 1513//1513
f 1515//1515 1513//1513 1498//1498
f 1500//1500 1516//1516 1501//1501
f 1501//1501 1516//1516 1517//1517
f 1502//1502 1501//1501 1517//1517
f 1516//1516 1500//1500 1518//1518
f 1498//1498 1378//1378 1383//1383
f 1381//1381 1341//1341 1393//1393
f 1504//1504 1372//1372 1390//1390
f 1519//1519 1505//1505 1363//1363
f 1520//1520 1389//1389 1505//1505
f 1521//1521 1519//1519 1363//1363
f 1521//1521 1333//1333 1348//1348
f 1395//1395 1391//1391 1355//1355
f 1387//1387 1522//1522 1376//1376
f 1374//1374 1508//1508 1512//1512
f 1515//1515 1523//1523 1514//1514
f 1524//1524 1525//1525 1514//1514
f 1524//1524 1514//1514 1523//1523
f 1515//1515 1498//1498 1383//1383
f 1502//1502 1517//1517 1506//1506
f 1517//1517 1526//1526 1506//1506
f 1527//1527 1517//1517 1528//1528
f 1526//1526 1517//1517 1527//1527
f 1380//1380 1529//1529 1388//1388
f 1529//1529 1380//1380 1306//1306
f 1530//1530 1531//1531 1381//1381
f 1530//1530 1381//1381 1393//1393
f 1532//1532 1390//1390 1389//1389
f 1533//1533 1384//1384 1382//1382
f 1533//1533 1382//1382 1507//1507
f 1534//1534 1394//1394 1509//1509
f 1535//1535 1394//1394 1534//1534
f 1508//1508 1385//1385 1536//1536
f 1385//1385 1394//1394 1537//1537
f 1385//1385 1537//1537 1536//1536
f 1340//1340 1503//1503 1395//1395
f 1381//1381 1531//1531 1511//1511
f 1538//1538 1348//1348 1397//1397
f 1521//1521 1348//1348 1538//1538
f 1522//1522 1396//1396 1376//1376
f 1397//1397 1327//1327 1396//1396
f 1508//1508 1536//1536 1512//1512
f 1539//1539 1388//1388 1529//1529
f 1540//1540 1306//1306 1375//1375
f 1541//1541 1529//1529 1306//1306
f 1539//1539 1503//1503 1388//1388
f 1542//1542 1306//1306 1540//1540
f 1543//1543 1530//1530 1393//1393
f 1543//1543 1393//1393 1504//1504
f 1532//1532 1504//1504 1390//1390
f 1506//1506 1522//1522 1387//1387
f 1544//1544 1384//1384 1533//1533
f 1544//1544 1383//1383 1384//1384
f 1394//1394 1535//1535 1537//1537
f 1536//1536 1537//1537 1545//1545
f 1545//1545 1537//1537 1546//1546
f 1509//1509 1510//1510 1534//1534
f 1507//1507 1512//1512 1536//1536
f 1545//1545 1507//1507 1536//1536
f 1546//1546 1507//1507 1545//1545
f 1547//1547 1524//1524 1523//1523
f 1548//1548 1523//1523 1515//1515
f 1506//1506 1526//1526 1549//1549
f 1550//1550 1526//1526 1527//1527
f 1548//1548 1515//1515 1551//1551
f 1542//1542 1541//1541 1306//1306
f 1552//1552 1529//1529 1541//1541
f 1520//1520 1532//1532 1389//1389
f 1551//1551 1515//1515 1383//1383
f 1553//1553 1535//1535 1534//1534
f 1546//1546 1537//1537 1554//1554
f 1546//1546 1554//1554 1555//1555
f 1534//1534 1510//1510 1553//1553
f 1556//1556 1375//1375 1511//1511
f 1540//1540 1375//1375 1556//1556
f 1557//1557 1507//1507 1546//1546
f 1546//1546 1555//1555 1557//1557
f 1548//1548 1547//1547 1523//1523
f 1549//1549 1550//1550 1558//1558
f 1558//1558 1559//1559 1560//1560
f 1549//1549 1558//1558 1560//1560
f 1549//1549 1526//1526 1550//1550
f 1561//1561 1558//1558 1550//1550
f 1558//1558 1562//1562 1559//1559
f 1529//1529 1552//1552 1539//1539
f 1563//1563 1503//1503 1539//1539
f 1564//1564 1504//1504 1532//1532
f 1564//1564 1543//1543 1504//1504
f 1565//1565 1519//1519 1521//1521
f 1549//1549 1560//1560 1506//1506
f 1566//1566 1533//1533 1507//1507
f 1551//1551 1383//1383 1544//1544
f 1567//1567 1535//1535 1553//1553
f 1537//1537 1535//1535 1554//1554
f 1568//1568 1535//1535 1567//1567
f 1391//1391 1569//1569 1510//1510
f 1553//1553 1510//1510 1567//1567
f 1570//1570 1521//1521 1538//1538
f 1566//1566 1507//1507 1571//1571
f 1571//1571 1507//1507 1557//1557
f 1572//1572 1524//1524 1547//1547
f 1572//1572 1525//1525 1524//1524
f 1560//1560 1559//1559 1573//1573
f 1573//1573 1559//1559 1574//1574
f 1565//1565 1521//1521 1570//1570
f 1575//1575 1551//1551 1544//1544
f 1576//1576 1548//1548 1551//1551
f 1554//1554 1535//1535 1568//1568
f 1577//1577 1568//1568 1567//1567
f 1578//1578 1554//1554 1568//1568
f 1503//1503 1563//1563 1395//1395
f 1569//1569 1391//1391 1395//1395
f 1577//1577 1567//1567 1510//1510
f 1556//1556 1511//1511 1531//1531
f 1579//1579 1396//1396 1522//1522
f 1579//1579 1397//1397 1396//1396
f 1572//1572 1580//1580 1525//1525
f 1576//1576 1547//1547 1548//1548
f 1576//1576 1572//1572 1547//1547
f 1581//1581 1560//1560 1573//1573
f 1543//1543 1564//1564 1582//1582
f 1582//1582 1530//1530 1543//1543
f 1506//1506 1583//1583 1522//1522
f 1560//1560 1581//1581 1506//1506
f 1506//1506 1581//1581 1583//1583
f 1584//1584 1575//1575 1544//1544
f 1584//1584 1544//1544 1533//1533
f 1551//1551 1585//1585 1576//1576
f 1578//1578 1568//1568 1577//1577
f 1586//1586 1578//1578 1577//1577
f 1510//1510 1569//1569 1587//1587
f 1510//1510 1587//1587 1577//1577
f 1588//1588 1538//1538 1397//1397
f 1579//1579 1588//1588 1397//1397
f 1557//1557 1555//1555 1589//1589
f 1590//1590 1580//1580 1572//1572
f 1591//1591 1580//1580 1590//1590
f 1592//1592 1590//1590 1572//1572
f 1576//1576 1592//1592 1572//1572
f 1593//1593 1592//1592 1576//1576
f 1573//1573 1594//1594 1581//1581
f 1581//1581 1594//1594 1595//1595
f 1581//1581 1595//1595 1596//1596
f 1594//1594 1573//1573 1597//1597
f 1598//1598 1564//1564 1532//1532
f 1598//1598 1532//1532 1520//1520
f 1599//1599 1519//1519 1565//1565
f 1584//1584 1533//1533 1566//1566
f 1554//1554 1578//1578 1600//1600
f 1578//1578 1601//1601 1600//1600
f 1601//1601 1578//1578 1586//1586
f 1554//1554 1600//1600 1555//1555
f 1577//1577 1587//1587 1586//1586
f 1602//1602 1540//1540 1556//1556
f 1602//1602 1542//1542 1540//1540
f 1570//1570 1538//1538 1588//1588
f 1522//1522 1583//1583 1579//1579
f 1589//1589 1571//1571 1557//1557
f 1591//1591 1590//1590 1592//1592
f 1603//1603 1591//1591 1592//1592
f 1594//1594 1604//1604 1595//1595
f 1605//1605 1604//1604 1594//1594
f 1582//1582 1564//1564 1606//1606
f 1582//1582 1607//1607 1530//1530
f 1606//1606 1564//1564 1598//1598
f 1599//1599 1505//1505 1519//1519
f 1608//1608 1601//1601 1586//1586
f 1395//1395 1563//1563 1609//1609
f 1610//1610 1395//1395 1609//1609
f 1610//1610 1569//1569 1395//1395
f 1608//1608 1586//1586 1587//1587
f 1611//1611 1591//1591 1603//1603
f 1612//1612 1592//1592 1593//1593
f 1612//1612 1603//1603 1592//1592
f 1595//1595 1604//1604 1613//1613
f 1595//1595 1613//1613 1596//1596
f 1596//1596 1613//1613 1614//1614
f 1614//1614 1615//1615 1596//1596
f 1616//1616 1615//1615 1614//1614
f 1613//1613 1604//1604 1617//1617
f 1617//1617 1614//1614 1613//1613
f 1576//1576 1585//1585 1593//1593
f 1609//1609 1563//1563 1539//1539
f 1618//1618 1609//1609 1539//1539
f 1607//1607 1531//1531 1530//1530
f 1619//1619 1607//1607 1582//1582
f 1606//1606 1619//1619 1582//1582
f 1620//1620 1606//1606 1598//1598
f 1620//1620 1598//1598 1520//1520
f 1583//1583 1581//1581 1596//1596
f 1583//1583 1596//1596 1621//1621
f 1622//1622 1575//1575 1584//1584
f 1623//1623 1584//1584 1566//1566
f 1622//1622 1551//1551 1575//1575
f 1585//1585 1551//1551 1622//1622
f 1555//1555 1600//1600 1589//1589
f 1624//1624 1601//1601 1608//1608
f 1624//1624 1608//1608 1587//1587
f 1587//1587 1625//1625 1624//1624
f 1623//1623 1566//1566 1571//1571
f 1626//1626 1552//1552 1541//1541
f 1552//1552 1626//1626 1539//1539
f 1627//1627 1599//1599 1565//1565
f 1596//1596 1615//1615 1621//1621
f 1627//1627 1565//1565 1570//1570
f 1628//1628 1622//1622 1584//1584
f 1628//1628 1584//1584 1623//1623
f 1600//1600 1629//1629 1589//1589
f 1629//1629 1600//1600 1601//1601
f 1624//1624 1630//1630 1601//1601
f 1601//1601 1630//1630 1629//1629
f 1589//1589 1629//1629 1631//1631
f 1587//1587 1569//1569 1625//1625
f 1632//1632 1588//1588 1579//1579
f 1623//1623 1571//1571 1589//1589
f 1589//1589 1631//1631 1633//1633
f 1634//1634 1611//1611 1635//1635
f 1635//1635 1611//1611 1603//1603
f 1635//1635 1603//1603 1612//1612
f 1593//1593 1635//1635 1612//1612
f 1615//1615 1616//1616 1636//1636
f 1539//1539 1626//1626 1618//1618
f 1637//1637 1626//1626 1542//1542
f 1637//1637 1618//1618 1626//1626
f 1638//1638 1531//1531 1607//1607
f 1639//1639 1620//1620 1520//1520
f 1640//1640 1520//1520 1505//1505
f 1641//1641 1629//1629 1630//1630
f 1642//1642 1641//1641 1643//1643
f 1642//1642 1644//1644 1641//1641
f 1629//1629 1641//1641 1631//1631
f 1645//1645 1556//1556 1531//1531
f 1531//1531 1638//1638 1645//1645
f 1579//1579 1583//1583 1632//1632
f 1633//1633 1623//1623 1589//1589
f 1634//1634 1646//1646 1647//1647
f 1634//1634 1635//1635 1646//1646
f 1646//1646 1635//1635 1593//1593
f 1615//1615 1636//1636 1648//1648
f 1648//1648 1636//1636 1616//1616
f 1649//1649 1616//1616 1650//1650
f 1648//1648 1616//1616 1649//1649
f 1651//1651 1542//1542 1602//1602
f 1652//1652 1619//1619 1606//1606
f 1653//1653 1606//1606 1620//1620
f 1624//1624 1625//1625 1643//1643
f 1645//1645 1602//1602 1556//1556
f 1651//1651 1602//1602 1645//1645
f 1654//1654 1588//1588 1632//1632
f 1655//1655 1646//1646 1593//1593
f 1655//1655 1593//1593 1585//1585
f 1615//1615 1648//1648 1621//1621
f 1649//1649 1656//1656 1648//1648
f 1648//1648 1657//1657 1658//1658
f 1648//1648 1658//1658 1621//1621
f 1648//1648 1656//1656 1657//1657
f 1656//1656 1649//1649 1650//1650
f 1652//1652 1606//1606 1653//1653
f 1640//1640 1639//1639 1520//1520
f 1659//1659 1640//1640 1505//1505
f 1659//1659 1505//1505 1599//1599
f 1659//1659 1599//1599 1627//1627
f 1583//1583 1621//1621 1660//1660
f 1654//1654 1627//1627 1570//1570
f 1661//1661 1628//1628 1623//1623
f 1654//1654 1570//1570 1588//1588
f 1632//1632 1583//1583 1662//1662
f 1661//1661 1623//1623 1633//1633
f 1655//1655 1663//1663 1646//1646
f 1657//1657 1664//1664 1658//1658
f 1658//1658 1665//1665 1660//1660
f 1664//1664 1666//1666 1667//1667
f 1658//1658 1664//1664 1665//1665
f 1668//1668 1667//1667 1666//1666
f 1669//1669 1638//1638 1607//1607
f 1653//1653 1620//1620 1639//1639
f 1670//17 1640//1640 1659//1659
f 1671//1670 1659//1659 1627//1627
f 1672//16 1640//1640 1670//17
f 1621//1621 1658//1658 1660//1660
f 1671//1670 1627//1627 1654//1654
f 1673//1671 1628//1628 1661//1661
f 1673//1671 1622//1622 1628//1628
f 1674//1672 1625//1625 1569//1569
f 1674//1672 1569//1569 1610//1610
f 1675//1673 1661//1661 1633//1633
f 1633//1633 1631//1631 1675//1673
f 1518//1518 1500//1500 1676//1674
f 1676//1674 1500//1500 1440//1440
f 1677//1675 1676//1674 1439//1439
f 1439//1439 1676//1674 1440//1440
f 1678//1676 1676//1674 1677//1675
f 1518//1518 1676//1674 1678//1676
f 1677//1675 1439//1439 1441//1441
f 1679//1677 1678//1676 1677//1675
f 1679//1677 1677//1675 1680//1678
f 1680//1678 1677//1675 1441//1441
f 1681//1679 1680//1678 1441//1441
f 1682//1680 1679//1677 1680//1678
f 1517//1517 1516//1516 1683//1681
f 1528//1528 1517//1517 1683//1681
f 1516//1516 1518//1518 1683//1681
f 1684//1682 1528//1528 1683//1681
f 1683//1681 1518//1518 1678//1676
f 1684//1682 1683//1681 1685//1683
f 1683//1681 1678//1676 1685//1683
f 1678//1676 1679//1677 1685//1683
f 1686//1684 1684//1682 1685//1683
f 1685//1683 1679//1677 1686//1684
f 1686//1684 1679//1677 1687//1685
f 1687//1685 1679//1677 1682//1680
f 1688//1686 1686//1684 1689//1687
f 1684//1682 1690//1688 1528//1528
f 1690//1688 1527//1527 1528//1528
f 1691//1689 1684//1682 1686//1684
f 1691//1689 1690//1688 1684//1682
f 1688//1686 1691//1689 1686//1684
f 1692//1690 1691//1689 1688//1686
f 1692//1690 1688//1686 1693//1691
f 1562//1562 1558//1558 1561//1561
f 1691//1689 1550//1550 1527//1527
f 1562//1562 1574//1574 1559//1559
f 1691//1689 1527//1527 1690//1688
f 1691//1689 1561//1561 1550//1550
f 1694//1692 1561//1561 1691//1689
f 1562//1562 1561//1561 1694//1692
f 1574//1574 1562//1562 1695//1693
f 1696//1694 1562//1562 1694//1692
f 1562//1562 1696//1694 1695//1693
f 1574//1574 1695//1693 1697//1695
f 1694//1692 1691//1689 1698//1696
f 1696//1694 1694//1692 1698//1696
f 1698//1696 1691//1689 1692//1690
f 1699//1697 1695//1693 1696//1694
f 1695//1693 1699//1697 1697//1695
f 1699//1697 1696//1694 1700//1698
f 1597//1597 1573//1573 1574//1574
f 1697//1695 1701//1699 1574//1574
f 1702//1700 1697//1695 1699//1697
f 1701//1699 1597//1597 1574//1574
f 1703//1701 1697//1695 1702//1700
f 1704//1702 1597//1597 1701//1699
f 1703//1701 1701//1699 1697//1695
f 1704//1702 1594//1594 1597//1597
f 1704//1702 1605//1605 1594//1594
f 1705//1703 1605//1605 1704//1702
f 1704//1702 1701//1699 1703//1701
f 1706//1704 1704//1702 1703//1701
f 1706//1704 1705//1703 1704//1702
f 1617//1617 1604//1604 1605//1605
f 1707//1705 1616//1616 1614//1614
f 1614//1614 1617//1617 1707//1705
f 1617//1617 1708//1706 1707//1705
f 1709//1707 1617//1617 1605//1605
f 1708//1706 1617//1617 1709//1707
f 1710//1708 1707//1705 1708//1706
f 1705//1703 1709//1707 1605//1605
f 1710//1708 1708//1706 1711//1709
f 1709//1707 1705//1703 1712//1710
f 1708//1706 1709//1707 1711//1709
f 1713//1711 1710//1708 1711//1709
f 1714//1712 1709//1707 1712//1710
f 1711//1709 1709//1707 1714//1712
f 1715//1713 1616//1616 1707//1705
f 1710//1708 1715//1713 1707//1705
f 1715//1713 1650//1650 1616//1616
f 1716//1714 1715//1713 1710//1708
f 1717//1715 1718//1716 1713//1711
f 1713//1711 1716//1714 1710//1708
f 1718//1716 1716//1714 1713//1711
f 1719//1717 1657//1657 1656//1656
f 1657//1657 1719//1717 1664//1664
f 1656//1656 1650//1650 1720//1718
f 1716//1714 1650//1650 1715//1713
f 1716//1714 1720//1718 1650//1650
f 1719//1717 1656//1656 1720//1718
f 1666//1666 1719//1717 1721//1719
f 1719//1717 1720//1718 1722//1720
f 1721//1719 1719//1717 1723//1721
f 1723//1721 1719//1717 1722//1720
f 1721//1719 1723//1721 1724//1722
f 1720//1718 1716//1714 1718//1716
f 1725//1723 1723//1721 1722//1720
f 1724//1722 1723//1721 1725//1723
f 1726//1724 1720//1718 1718//1716
f 1664//1664 1719//1717 1666//1666
f 1668//1668 1666//1666 1721//1719
f 1727//1725 1721//1719 1724//1722
f 1441//1441 1442//1442 1496//1496
f 1681//1679 1441//1441 1496//1496
f 1682//1680 1681//1679 1728//1726
f 1494//1494 1681//1679 1496//1496
f 1728//1726 1681//1679 1494//1494
f 1682//1680 1728//1726 1729//1727
f 1730//1728 1729//1727 1728//1726
f 1729//1727 1730//1728 1731//1729
f 1728//1726 1494//1494 1497//1497
f 1495//1495 1728//1726 1497//1497
f 1732//1730 1728//1726 1495//1495
f 1730//1728 1728//1726 1732//1730
f 1689//1687 1686//1684 1687//1685
f 1733//1731 1687//1685 1682//1680
f 1734//1732 1689//1687 1733//1731
f 1735//1733 1736//1734 1734//1732
f 1733//1731 1682//1680 1729//1727
f 1733//1731 1729//1727 1731//1729
f 1735//1733 1734//1732 1733//1731
f 1735//1733 1733//1731 1731//1729
f 1737//1735 1735//1733 1731//1729
f 1730//1728 1738//1736 1731//1729
f 1737//1735 1731//1729 1738//1736
f 1730//1728 1732//1730 1738//1736
f 1739//1737 1737//1735 1738//1736
f 1693//1691 1688//1686 1689//1687
f 1734//1732 1693//1691 1689//1687
f 1693//1691 1734//1732 1736//1734
f 1736//1734 1735//1733 1740//1738
f 1739//1737 1735//1733 1737//1735
f 1692//1690 1693//1691 1741//1739
f 1741//1739 1693//1691 1736//1734
f 1741//1739 1736//1734 1740//1738
f 1742//1740 1735//1733 1739//1737
f 1740//1738 1735//1733 1742//1740
f 1692//1690 1743//1741 1698//1696
f 1696//1694 1698//1696 1743//1741
f 1700//1698 1696//1694 1743//1741
f 1692//1690 1741//1739 1743//1741
f 1699//1697 1700//1698 1744//1742
f 1740//1738 1743//1741 1741//1739
f 1745//1743 1743//1741 1740//1738
f 1700//1698 1743//1741 1745//1743
f 1746//1744 1700//1698 1745//1743
f 1744//1742 1700//1698 1746//1744
f 1747//1745 1744//1742 1746//1744
f 1742//1740 1745//1743 1740//1738
f 1747//1745 1746//1744 1748//1746
f 1749//1747 1746//1744 1745//1743
f 1746//1744 1749//1747 1748//1746
f 1749//1747 1745//1743 1742//1740
f 1702//1700 1699//1697 1744//1742
f 1750//1748 1702//1700 1744//1742
f 1751//1749 1750//1748 1744//1742
f 1747//1745 1751//1749 1744//1742
f 1752//1750 1751//1749 1747//1745
f 1748//1746 1752//1750 1747//1745
f 1753//1751 1750//1748 1751//1749
f 1753//1751 1703//1701 1702//1700
f 1702//1700 1750//1748 1753//1751
f 1754//1752 1751//1749 1752//1750
f 1752//1750 1748//1746 1755//1753
f 1754//1752 1752//1750 1755//1753
f 1756//1754 1705//1703 1706//1704
f 1712//1710 1705//1703 1756//1754
f 1756//1754 1706//1704 1757//1755
f 1758//1756 1756//1754 1757//1755
f 1759//1757 1712//1710 1756//1754
f 1759//1757 1756//1754 1758//1756
f 1757//1755 1706//1704 1703//1701
f 1757//1755 1703//1701 1753//1751
f 1757//1755 1753//1751 1751//1749
f 1760//1758 1758//1756 1757//1755
f 1759//1757 1758//1756 1760//1758
f 1754//1752 1757//1755 1751//1749
f 1761//1759 1759//1757 1760//1758
f 1760//1758 1757//1755 1754//1752
f 1761//1759 1760//1758 1762//1760
f 1755//1753 1762//1760 1760//1758
f 1717//1715 1713//1711 1711//1709
f 1763//1761 1717//1715 1711//1709
f 1764//1762 1711//1709 1714//1712
f 1763//1761 1711//1709 1764//1762
f 1714//1712 1712//1710 1759//1757
f 1765//1763 1764//1762 1714//1712
f 1714//1712 1759//1757 1765//1763
f 1765//1763 1759//1757 1766//1764
f 1767//1765 1765//1763 1766//1764
f 1766//1764 1759//1757 1768//1766
f 1768//1766 1759//1757 1761//1759
f 1767//1765 1766//1764 1768//1766
f 1768//1766 1761//1759 1769//1767
f 1770//1768 1768//1766 1769//1767
f 1769//1767 1761//1759 1762//1760
f 1763//1761 1764//1762 1765//1763
f 1770//1768 1767//1765 1768//1766
f 1771//1769 1717//1715 1763//1761
f 1771//1769 1763//1761 1765//1763
f 1771//1769 1765//1763 1767//1765
f 1772//1770 1771//1769 1767//1765
f 1773//1771 1772//1770 1767//1765
f 1773//1771 1767//1765 1770//1768
f 1726//1724 1718//1716 1717//1715
f 1774//1772 1720//1718 1726//1724
f 1722//1720 1720//1718 1774//1772
f 1726//1724 1717//1715 1771//1769
f 1775//1773 1722//1720 1774//1772
f 1724//1722 1725//1723 1776//1774
f 1725//1723 1722//1720 1775//1773
f 1725//1723 1775//1773 1776//1774
f 1775//1773 1774//1772 1777//1775
f 1776//1774 1775//1773 1778//1776
f 1726//1724 1771//1769 1772//1770
f 1777//1775 1774//1772 1726//1724
f 1777//1775 1726//1724 1772//1770
f 1777//1775 1772//1770 1773//1771
f 1778//1776 1775//1773 1779//1777
f 1775//1773 1777//1775 1779//1777
f 1780//1778 1777//1775 1773//1771
f 1779//1777 1777//1775 1780//1778
f 1778//1776 1779//1777 1781//1779
f 1727//1725 1724//1722 1776//1774
f 1782//1780 1776//1774 1778//1776
f 1781//1779 1782//1780 1778//1776
f 1646//1646 1783//1781 1647//1647
f 1646//1646 1784//1782 1783//1781
f 1663//1663 1784//1782 1646//1646
f 1663//1663 1785//1783 1784//1782
f 1664//1664 1786//1784 1665//1665
f 1651//1651 1787//1785 1542//1542
f 1788//9 1609//1609 1618//1618
f 1652//1652 1789//1786 1619//1619
f 1789//1786 1607//1607 1619//1619
f 1790//1787 1652//1652 1653//1653
f 1639//1639 1640//1640 1672//16
f 1671//1670 1654//1654 1791//1788
f 1660//1660 1792//1789 1583//1583
f 1660//1660 1665//1665 1793//1790
f 1794//1791 1655//1655 1585//1585
f 1609//1609 1788//9 1610//1610
f 1642//1642 1643//1643 1625//1625
f 1795//61 1642//1642 1625//1625
f 1625//1625 1674//1672 1795//61
f 1796//1792 1632//1632 1662//1662
f 1796//1792 1654//1654 1632//1632
f 1796//1792 1791//1788 1654//1654
f 1665//1665 1786//1784 1797//1793
f 1665//1665 1797//1793 1793//1790
f 1794//1791 1663//1663 1655//1655
f 1798//1794 1618//1618 1637//1637
f 1787//1785 1637//1637 1542//1542
f 1787//1785 1798//1794 1637//1637
f 1670//17 1659//1659 1671//1670
f 1660//1660 1793//1790 1792//1789
f 1799//1795 1800//1796 1801//27
f 1583//1583 1792//1789 1662//1662
f 1802//23 1791//1788 1796//1792
f 1785//1783 1663//1663 1794//1791
f 1797//1793 1786//1784 1803//1797
f 1793//1790 1797//1793 1803//1797
f 1786//1784 1664//1664 1667//1667
f 1639//1639 1790//1787 1653//1653
f 1802//23 1671//1670 1791//1788
f 1804//1798 1673//1671 1661//1661
f 1641//1641 1644//1644 1631//1631
f 1644//1644 1675//1673 1631//1631
f 1786//1784 1805//1799 1803//1797
f 1803//1797 1806//1800 1807//1801
f 1807//1801 1806//1800 1808//1802
f 1809//1803 1806//1800 1805//1799
f 1808//1802 1806//1800 1809//1803
f 1810//55 1638//1638 1669//1669
f 1669//1669 1607//1607 1789//1786
f 1639//1639 1811//1804 1790//1787
f 1793//1790 1803//1797 1807//1801
f 1793//1790 1807//1801 1792//1789
f 1799//1795 1812//26 1794//1791
f 1799//1795 1801//27 1812//26
f 1801//27 1800//1796 1804//1798
f 1675//1673 1644//1644 1813//39
f 1645//1645 1638//1638 1810//55
f 1814//1805 1802//23 1796//1792
f 1662//1662 1814//1805 1796//1792
f 1804//1798 1661//1661 1675//1673
f 1815//1806 1804//1798 1675//1673
f 1816//1807 1807//1801 1808//1802
f 1808//1802 1817//1808 1816//1807
f 1651//1651 1818//57 1819//47
f 1807//1801 1816//1807 1792//1789
f 1820//20 1662//1662 1792//1789
f 1644//1644 1821//31 1813//39
f 1822//33 1795//61 1674//1672
f 1822//33 1674//1672 1610//1610
f 1675//1673 1813//39 1815//1806
f 1784//1782 1823//1809 1783//1781
f 1784//1782 1824//2 1823//1809
f 1824//2 1784//1782 1785//1783
f 1825//3 1824//2 1785//1783
f 1812//26 1785//1783 1794//1791
f 1816//1807 1826//1810 1827//1811
f 1816//1807 1817//1808 1826//1810
f 1828//12 1810//55 1669//1669
f 1829//41 1811//1804 1639//1639
f 1830//19 1671//1670 1802//23
f 1831//38 1801//27 1804//1798
f 1832//32 1642//1642 1795//61
f 1818//57 1651//1651 1645//1645
f 1831//38 1804//1798 1815//1806
f 1816//1807 1827//1811 1820//20
f 1830//19 1670//17 1671//1670
f 1792//1789 1816//1807 1820//20
f 1810//55 1818//57 1645//1645
f 1833//10 1788//9 1618//1618
f 1672//16 1829//41 1639//1639
f 1834//35 1662//1662 1820//20
f 1788//9 1822//33 1610//1610
f 1834//35 1802//23 1814//1805
f 1834//35 1814//1805 1662//1662
f 1813//39 1831//38 1815//1806
f 1835//1812 1668//1668 1721//1719
f 1835//1812 1721//1719 1836//1813
f 1836//1813 1721//1719 1727//1725
f 1835//1812 1667//1667 1668//1668
f 1837//1814 1786//1784 1667//1667
f 1837//1814 1667//1667 1835//1812
f 1838//1815 1837//1814 1835//1812
f 1836//1813 1838//1815 1835//1812
f 1839//1816 1805//1799 1786//1784
f 1809//1803 1805//1799 1839//1816
f 1840//1817 1808//1802 1809//1803
f 1841//1818 1817//1808 1808//1802
f 1837//1814 1839//1816 1786//1784
f 1841//1818 1808//1802 1840//1817
f 1842//1819 1809//1803 1839//1816
f 1843//1820 1841//1818 1840//1817
f 1840//1817 1809//1803 1842//1819
f 1844//1821 1839//1816 1837//1814
f 1842//1819 1839//1816 1844//1821
f 1840//1817 1842//1819 1845//1822
f 1846//1823 1842//1819 1844//1821
f 1843//1820 1840//1817 1845//1822
f 1844//1821 1837//1814 1838//1815
f 1842//1819 1846//1823 1845//1822
f 1847//1824 1844//1821 1838//1815
f 1846//1823 1844//1821 1847//1824
f 1848//1825 1843//1820 1845//1822
f 1826//1810 1817//1808 1849//1826
f 1849//1826 1817//1808 1841//1818
f 1841//1818 1843//1820 1850//1827
f 1849//1826 1841//1818 1850//1827
f 1850//1827 1843//1820 1851//1828
f 1849//1826 1852//1829 1826//1810
f 1853//1830 1852//1829 1849//1826
f 1782//1780 1727//1725 1776//1774
f 1854//1831 1782//1780 1781//1779
f 1855//1832 1854//1831 1781//1779
f 1838//1815 1836//1813 1727//1725
f 1838//1815 1727//1725 1782//1780
f 1856//1833 1782//1780 1854//1831
f 1847//1824 1838//1815 1857//1834
f 1857//1834 1838//1815 1782//1780
f 1857//1834 1782//1780 1856//1833
f 1847//1824 1857//1834 1856//1833
f 1855//1832 1856//1833 1854//1831
f 1858//1835 1847//1824 1856//1833
f 1858//1835 1856//1833 1855//1832
f 1845//1822 1846//1823 1848//1825
f 1859//1836 1846//1823 1847//1824
f 1846//1823 1859//1836 1848//1825
f 1860//1837 1848//1825 1859//1836
f 1861//1838 1848//1825 1860//1837
f 1862//1839 1861//1838 1860//1837
f 1859//1836 1847//1824 1858//1835
f 1862//1839 1860//1837 1863//1840
f 1863//1840 1859//1836 1864//1841
f 1859//1836 1863//1840 1860//1837
f 1859//1836 1858//1835 1864//1841
f 1861//1838 1865//1842 1848//1825
f 1866//1843 1862//1839 1863//1840
f 1851//1828 1843//1820 1848//1825
f 1867//1844 1866//1843 1863//1840
f 1851//1828 1848//1825 1865//1842
f 1868//1845 1865//1842 1861//1838
f 1862//1839 1868//1845 1861//1838
f 1866//1843 1868//1845 1862//1839
f 1869//1846 1851//1828 1870//1847
f 1869//1846 1850//1827 1851//1828
f 1870//1847 1851//1828 1865//1842
f 1871//1848 1868//1845 1866//1843
f 1871//1848 1866//1843 1867//1844
f 1805//1799 1806//1800 1803//1797
f 1755//1753 1760//1758 1754//1752
f 1689//1687 1687//1685 1733//1731
f 1682//1680 1680//1678 1681//1679
f 1626//1626 1541//1541 1542//1542
f 1515//1515 1514//1514 1513//1513
f 1521//1521 1363//1363 1333//1333
f 1499//1499 1357//1357 1377//1377
f 1483//1483 1429//1429 1480//1480
f 1470//1470 1462//1462 1459//1459
f 1383//1383 1324//1324 1335//1335
f 1368//1368 1360//1360 1367//1367
f 1353//1353 1246//1246 1309//1309
f 1330//1330 1276//1276 1296//1296
f 1218//1218 1215//1215 1219//1219
f 1172//1172 1158//1158 1168//1168
f 1133//1133 1134//1134 1136//1136
f 1097//1097 1013//1013 1034//1034
f 1018//1018 1005//1005 1008//1008
f 972//972 1012//1012 993//993
f 949//949 953//953 952//952
f 941//941 933//933 935//935
f 893//893 801//801 887//887
f 806//806 858//858 846//846
f 826//826 822//822 821//821
f 760//760 579//579 731//731
f 752//752 720//720 735//735
f 664//664 663//663 666//666
f 647//647 381//381 450//450
f 534//534 523//523 620//620
f 592//592 569//569 559//559
f 541//541 521//521 525//525
f 512//512 491//491 464//464
f 499//499 483//483 485//485
f 483//483 300//300 472//472
f 235//235 216//216 233//233
f 153//153 152//152 146//146
f 115//115 111//111 112//112
f 89//89 30//30 60//60
f 89//89 49//49 30//30
f 1872//1849 1873//1850 1874//1851
f 1872//1849 1875//1852 1873//1850
f 1876//1853 1877//1850 1878//1854
f 1876//1853 1879//1850 1877//1850
f 1880//1850 1881//1855 1882//1856
f 1880//1850 1883//1850 1881//1855
f 1884//1857 1879//1850 1876//1853
f 1884//1857 1885//1850 1879//1850
f 1886//1858 110//110 133//133
f 1886//1858 135//135 110//110
f 138//138 135//135 1886//1858
f 138//138 137//137 135//135
f 1868//1845 1870//1847 1865//1842
f 1870//1847 1868//1845 1869//1846
f 1878//1854 1880//1850 1882//1856
f 1878//1854 1877//1850 1880//1850
f 1850//1827 1853//1830 1849//1826
f 1883//1850 1875//1852 1881//1855
f 1883//1850 1873//1850 1875//1852
f 1852//1829 1887//1859 1888//42
f 1887//1859 1852//1829 1872//1849
f 42//42 4//4 6//6
f 42//42 1889//1851 4//4
f 1789//1786 1790//1787 1811//1804
f 1789//1786 1652//1652 1790//1787
f 1890//14 1811//1804 1829//41
f 1891//13 1811//1804 1890//14
f 1891//13 1789//1786 1811//1804
f 1891//13 1669//1669 1789//1786
f 1891//13 1828//12 1669//1669
f 1651//1651 1819//47 1787//1785
f 1787//1785 1819//47 1798//1794
f 1892//46 1798//1794 1819//47
f 1798//1794 1892//46 1618//1618
f 1892//46 1833//10 1618//1618
f 1630//1630 1643//1643 1641//1641
f 1630//1630 1624//1624 1643//1643
f 1642//1642 1821//31 1644//1644
f 1642//1642 1832//32 1821//31
f 1794//1791 1622//1622 1799//1795
f 1794//1791 1585//1585 1622//1622
f 1799//1795 1673//1671 1800//1796
f 1799//1795 1622//1622 1673//1671
f 1800//1796 1673//1671 1804//1798
f 1812//26 1825//3 1785//1783
f 1852//1829 1875//1852 1872//1849
f 1852//1829 1853//1830 1875//1852
f 1881//1855 1853//1830 1850//1827
f 1881//1855 1875//1852 1853//1830
f 1882//1856 1850//1827 1869//1846
f 1882//1856 1881//1855 1850//1827
f 1882//1856 1868//1845 1878//1854
f 1882//1856 1869//1846 1868//1845
f 1871//1848 1878//1854 1868//1845
f 1871//1848 1876//1853 1878//1854
f 1876//1853 1867//1844 1884//1857
f 1876//1853 1871//1848 1867//1844
f 1889//1851 7//7 4//4
f 1889//1851 1893//1850 7//7
f 1893//1850 108//108 7//7
f 1893//1850 1894//1850 108//108
f 108//108 1895//1850 133//133
f 108//108 1894//1850 1895//1850
f 133//133 1896//1850 1886//1858
f 133//133 1895//1850 1896//1850
f 1886//1858 1897//1850 138//138
f 1886//1858 1896//1850 1897//1850
f 138//138 1898//1850 136//136
f 138//138 1897//1850 1898//1850
f 1887//1859 1872//1849 1874//1851
f 1887//1859 1874//1851 1888//42
f 1827//1811 1852//1829 1888//42
f 1827//1811 1826//1810 1852//1829
f 1827//1811 1888//42 1820//20
f 1899//1860 1900//1861 1901//1862
f 1902//1863 1903//1864 1904//1809
f 1905//1865 1906//1866 1903//1864
f 1906//1866 1905//1865 1907//1867
f 51//1868 1904//1809 2//2
f 1908//1869 1901//1862 1909//1870
f 1910//1871 1911//1872 1907//1867
f 1912//1873 1905//1865 1903//1864
f 1912//1873 1903//1864 1902//1863
f 1907//1867 1905//1865 1913//1874
f 1914//1875 1902//1863 1904//1809
f 1914//1875 1904//1809 51//1868
f 1913//1874 1910//1871 1907//1867
f 1915//1876 1900//1861 1899//1860
f 1916//1877 1917//1878 1918//1879
f 1915//1876 1916//1877 1900//1861
f 1913//1874 1905//1865 1919//1880
f 1920//1881 1912//1873 1914//1875
f 1905//1865 1912//1873 1919//1880
f 1914//1875 1912//1873 1902//1863
f 52//1882 1914//1875 51//1868
f 1921//1883 1916//1877 1915//1876
f 1921//1883 1917//1878 1916//1877
f 1920//1881 1919//1880 1912//1873
f 1922//1884 1910//1871 1923//1885
f 1924//1886 1908//1869 1909//1870
f 1925//1887 1926//1888 1910//1871
f 1925//1887 1910//1871 1922//1884
f 1925//1887 1909//1870 1926//1888
f 1923//1885 1910//1871 1913//1874
f 1927//1889 1921//1883 1915//1876
f 1927//1889 1917//1878 1921//1883
f 1913//1874 1919//1880 1928//1890
f 1919//1880 1929//1891 1928//1890
f 1914//1875 1930//1892 1920//1881
f 92//1893 1914//1875 52//1882
f 1931//1894 1914//1875 92//1893
f 1924//1886 1909//1870 1925//1887
f 1932//1895 1927//1889 1915//1876
f 1933//1896 1899//1860 1901//1862
f 1929//1891 1919//1880 1920//1881
f 1930//1892 1914//1875 1931//1894
f 1934//1897 1917//1878 1927//1889
f 1920//1881 1930//1892 1929//1891
f 91//1898 1931//1894 92//1893
f 1935//1899 1901//1862 1908//1869
f 1913//1874 1928//1890 1923//1885
f 1932//1895 1915//1876 1899//1860
f 1936//1900 1934//1897 1927//1889
f 1937//1901 1932//1895 1899//1860
f 1928//1890 1929//1891 1938//1902
f 1938//1902 1929//1891 1930//1892
f 1939//1903 1930//1892 1931//1894
f 1940//1904 1931//1894 91//1898
f 1939//1903 1931//1894 1940//1904
f 1935//1899 1908//1869 1924//1886
f 1928//1890 1938//1902 1941//1905
f 1923//1885 1928//1890 1941//1905
f 1938//1902 1930//1892 1939//1903
f 102//1906 1940//1904 91//1898
f 1942//1907 1924//1886 1925//1887
f 1942//1907 1925//1887 1922//1884
f 1933//1896 1901//1862 1935//1899
f 1923//1885 1941//1905 1943//1908
f 1944//1909 1936//1900 1927//1889
f 1937//1901 1899//1860 1933//1896
f 1945//1910 1938//1902 1939//1903
f 1938//1902 1945//1910 1941//1905
f 192//1911 1940//1904 102//1906
f 1943//1908 1922//1884 1923//1885
f 1946//1912 1940//1904 192//1911
f 1940//1904 1946//1912 1939//1903
f 1947//1913 1945//1910 1939//1903
f 1948//1914 1939//1903 1946//1912
f 214//1915 1946//1912 192//1911
f 1948//1914 1946//1912 214//1915
f 1949//1916 1935//1899 1924//1886
f 1949//1916 1924//1886 1942//1907
f 1950//1917 1927//1889 1932//1895
f 1944//1909 1927//1889 1950//1917
f 1951//1918 1945//1910 1947//1913
f 1948//1914 1952//1919 1939//1903
f 1945//1910 1951//1918 1941//1905
f 1952//1919 1947//1913 1939//1903
f 215//1920 1948//1914 214//1915
f 1953//1921 1942//1907 1922//1884
f 1953//1921 1922//1884 1943//1908
f 1954//1922 1932//1895 1937//1901
f 1955//1923 1948//1914 215//1920
f 1943//1908 1941//1905 1956//1924
f 1941//1905 1951//1918 1956//1924
f 1957//1925 1950//1917 1932//1895
f 1957//1925 1932//1895 1954//1922
f 1951//1918 1958//1926 1959//1927
f 1955//1923 1952//1919 1948//1914
f 1949//1916 1933//1896 1935//1899
f 1956//1924 1951//1918 1959//1927
f 1959//1927 1943//1908 1956//1924
f 1960//1928 1953//1921 1943//1908
f 1960//1928 1943//1908 1959//1927
f 1961//1929 1951//1918 1947//1913
f 1958//1926 1951//1918 1961//1929
f 1962//1930 1949//1916 1942//1907
f 1963//1931 1933//1896 1949//1916
f 1959//1927 1958//1926 1960//1928
f 1964//1932 1944//1909 1950//1917
f 1952//1919 1961//1929 1947//1913
f 250//1933 1955//1923 215//1920
f 1965//1934 1962//1930 1942//1907
f 1965//1934 1942//1907 1953//1921
f 1966//1935 1937//1901 1933//1896
f 1967//1936 1953//1921 1960//1928
f 1960//1928 1958//1926 1968//1937
f 1967//1936 1960//1928 1968//1937
f 265//1938 1955//1923 250//1933
f 1962//1930 1963//1931 1949//1916
f 1957//1925 1969//1939 1950//1917
f 1969//1939 1964//1932 1950//1917
f 1966//1935 1954//1922 1937//1901
f 1970//1940 1952//1919 1955//1923
f 1970//1940 1955//1923 265//1938
f 1971//1941 1963//1931 1962//1930
f 1971//1941 1962//1930 1965//1934
f 1972//1942 1964//1932 1969//1939
f 1973//1943 1958//1926 1961//1929
f 1958//1926 1973//1943 1968//1937
f 1974//1944 1973//1943 1961//1929
f 1974//1944 1961//1929 1952//1919
f 1975//1945 1952//1919 1970//1940
f 1975//1945 1970//1940 265//1938
f 291//1946 1975//1945 265//1938
f 1968//1937 1973//1943 1976//1947
f 296//1948 1975//1945 291//1946
f 1977//1949 1971//1941 1965//1934
f 1978//1950 1965//1934 1953//1921
f 1978//1950 1953//1921 1967//1936
f 1976//1947 1967//1936 1968//1937
f 1974//1944 1952//1919 1975//1945
f 1979//1951 1974//1944 1975//1945
f 1979//1951 1975//1945 1980//1952
f 296//1948 1980//1952 1975//1945
f 1976//1947 1978//1950 1967//1936
f 1981//1953 1974//1944 1979//1951
f 1981//1953 1973//1943 1974//1944
f 1976//1947 1973//1943 1982//1954
f 295//1955 1980//1952 296//1948
f 1983//1956 1963//1931 1971//1941
f 1977//1949 1983//1956 1971//1941
f 1984//1957 1978//1950 1976//1947
f 1985//1958 1957//1925 1954//1922
f 1986//1959 1973//1943 1981//1953
f 1973//1943 1986//1959 1982//1954
f 1987//1960 1981//1953 1979//1951
f 1988//1961 1979//1951 1980//1952
f 1988//1961 1980//1952 295//1955
f 1989//1962 1966//1935 1933//1896
f 1983//1956 1933//1896 1963//1931
f 1990//1963 1965//1934 1978//1950
f 1976//1947 1982//1954 1984//1957
f 1982//1954 1986//1959 1984//1957
f 1985//1958 1969//1939 1957//1925
f 1991//1964 1992//1965 1972//1942
f 1991//1964 1969//1939 1985//1958
f 1954//1922 1966//1935 1993//1966
f 1994//1967 1987//1960 1979//1951
f 459//1968 1988//1961 295//1955
f 1988//1961 1994//1967 1979//1951
f 1989//1962 1933//1896 1983//1956
f 1965//1934 1990//1963 1977//1949
f 1995//1969 1983//1956 1977//1949
f 1996//1970 1991//1964 1985//1958
f 1997//1971 1992//1965 1991//1964
f 1994//1967 1988//1961 459//1968
f 1993//1966 1966//1935 1989//1962
f 1998//1972 1977//1949 1990//1963
f 1986//1959 1999//1973 1984//1957
f 1996//1970 1997//1971 1991//1964
f 1993//1966 1985//1958 1954//1922
f 1999//1973 1986//1959 1981//1953
f 1981//1953 1987//1960 1999//1973
f 1998//1972 1995//1969 1977//1949
f 1978//1950 1998//1972 1990//1963
f 2000//1974 1985//1958 1993//1966
f 2001//1975 1999//1973 1987//1960
f 1999//1973 2001//1975 2002//1976
f 2003//1977 1987//1960 1994//1967
f 2004//1978 1994//1967 459//1968
f 1984//1957 1999//1973 2005//1979
f 1999//1973 2002//1976 2005//1979
f 2006//1980 1997//1971 1996//1970
f 2006//1980 1996//1970 1985//1958
f 473//1981 2004//1978 459//1968
f 2005//1979 1978//1950 1984//1957
f 2005//1979 1998//1972 1978//1950
f 2007//1982 1998//1972 2005//1979
f 2002//1976 2008//1983 2005//1979
f 2006//1980 1985//1958 2000//1974
f 2002//1976 2001//1975 2009//1984
f 2002//1976 2009//1984 2008//1983
f 2010//1985 2001//1975 1987//1960
f 2011//1986 1987//1960 2003//1977
f 2003//1977 1994//1967 2004//1978
f 505//1987 2004//1978 473//1981
f 2012//1988 2004//1978 505//1987
f 2012//1988 2003//1977 2004//1978
f 2013//1989 1983//1956 1995//1969
f 1998//1972 2013//1989 1995//1969
f 2014//1990 1989//1962 1983//1956
f 2015//1991 2007//1982 2005//1979
f 2005//1979 2008//1983 2015//1991
f 2016//1992 2000//1974 1993//1966
f 2010//1985 2009//1984 2001//1975
f 2010//1985 1987//1960 2011//1986
f 2014//1990 1983//1956 2013//1989
f 1989//1962 2016//1992 1993//1966
f 2017//1993 2013//1989 1998//1972
f 2017//1993 1998//1972 2007//1982
f 2016//1992 1989//1962 2018//1994
f 2018//1994 1989//1962 2014//1990
f 2019//1995 1997//1971 2006//1980
f 2020//1996 2019//1995 2006//1980
f 2020//1996 2006//1980 2000//1974
f 2021//1997 2009//1984 2010//1985
f 2021//1997 2010//1985 2011//1986
f 2008//1983 2009//1984 2022//1998
f 2009//1984 2021//1997 2022//1998
f 2023//1999 2011//1986 2003//1977
f 521//2000 2012//1988 505//1987
f 2023//1999 2003//1977 2012//1988
f 2024//2001 2017//1993 2007//1982
f 2024//2001 2007//1982 2015//1991
f 2025//2002 2000//1974 2016//1992
f 2008//1983 2022//1998 2026//2003
f 2023//1999 2012//1988 521//2000
f 2015//1991 2008//1983 2026//2003
f 2027//2004 2020//1996 2000//1974
f 2028//2005 2019//1995 2020//1996
f 2011//1986 2029//2006 2021//1997
f 2029//2006 2011//1986 2023//1999
f 541//2007 2023//1999 521//2000
f 2027//2004 2000//1974 2025//2002
f 2029//2006 2022//1998 2021//1997
f 2030//2008 2023//1999 541//2007
f 2030//2008 541//2007 540//2009
f 552//2010 2030//2008 540//2009
f 2031//2011 2032//2012 2028//2005
f 2031//2011 2028//2005 2020//1996
f 2026//2003 2022//1998 2033//2013
f 2033//2013 2022//1998 2029//2006
f 2029//2006 2023//1999 2034//2014
f 569//2015 2023//1999 2030//2008
f 2034//2014 2023//1999 569//2015
f 569//2015 2030//2008 552//2010
f 2035//2016 2013//1989 2017//1993
f 2035//2016 2017//1993 2024//2001
f 2036//2017 2024//2001 2015//1991
f 2036//2017 2015//1991 2026//2003
f 2037//2018 2032//2012 2031//2011
f 2033//2013 2038//2019 2039//2020
f 2040//2021 2018//1994 2014//1990
f 2041//2022 2016//1992 2018//1994
f 2041//2022 2018//1994 2040//2021
f 2040//2021 2014//1990 2013//1989
f 2026//2003 2033//2013 2039//2020
f 2042//2023 2020//1996 2027//2004
f 2042//2023 2031//2011 2020//1996
f 2038//2019 2033//2013 2029//2006
f 2043//2024 2038//2019 2029//2006
f 592//2025 2034//2014 569//2015
f 2044//2026 2035//2016 2024//2001
f 2035//2016 2040//2021 2013//1989
f 2039//2020 2036//2017 2026//2003
f 2037//2018 2031//2011 2042//2023
f 2043//2024 2029//2006 2034//2014
f 2041//2022 2025//2002 2016//1992
f 2044//2026 2024//2001 2036//2017
f 2045//2027 2027//2004 2025//2002
f 2045//2027 2025//2002 2041//2022
f 2046//2028 2038//2019 2043//2024
f 706//2029 2034//2014 592//2025
f 2047//2030 2044//2026 2036//2017
f 2047//2030 2036//2017 2039//2020
f 2039//2020 2038//2019 2048//2031
f 2046//2028 2043//2024 2034//2014
f 2038//2019 2046//2028 2048//2031
f 2040//2021 2035//2016 2049//2032
f 2039//2020 2048//2031 2047//2030
f 2050//2033 2044//2026 2047//2030
f 2045//2027 2042//2023 2027//2004
f 2051//2034 2046//2028 2034//2014
f 720//2035 2051//2034 706//2029
f 2051//2034 2034//2014 706//2029
f 2052//2036 2040//2021 2049//2032
f 2052//2036 2041//2022 2040//2021
f 2047//2030 2048//2031 2050//2033
f 2050//2033 2048//2031 2053//2037
f 2054//2038 2044//2026 2050//2033
f 2050//2033 2053//2037 2054//2038
f 2055//2039 2037//2018 2042//2023
f 2045//2027 2055//2039 2042//2023
f 2056//2040 2046//2028 2051//2034
f 2057//2041 2051//2034 720//2035
f 2058//2042 2049//2032 2035//2016
f 2058//2042 2035//2016 2044//2026
f 2053//2037 2048//2031 2059//2043
f 2055//2039 2060//2044 2037//2018
f 2056//2040 2048//2031 2046//2028
f 2061//2045 2048//2031 2056//2040
f 2059//2043 2048//2031 2061//2045
f 2062//2046 2044//2026 2054//2038
f 2062//2046 2054//2038 2053//2037
f 2063//2047 2062//2046 2053//2037
f 2053//2037 2059//2043 2063//2047
f 752//2048 2057//2041 720//2035
f 2064//2049 2045//2027 2041//2022
f 2062//2046 2058//2042 2044//2026
f 2065//2050 2052//2036 2049//2032
f 2059//2043 2066//2051 2063//2047
f 2067//2052 2068//2053 2055//2039
f 2067//2052 2055//2039 2045//2027
f 2061//2045 2056//2040 2069//2054
f 2056//2040 2070//2055 2069//2054
f 2059//2043 2061//2045 2066//2051
f 2070//2055 2056//2040 2051//2034
f 2061//2045 2069//2054 2066//2051
f 2051//2034 2071//2056 2070//2055
f 2057//2041 2071//2056 2051//2034
f 799//2057 2057//2041 752//2048
f 2072//2058 2041//2022 2052//2036
f 2072//2058 2052//2036 2065//2050
f 2073//2059 2067//2052 2045//2027
f 2068//2053 2060//2044 2055//2039
f 2074//2060 2060//2044 2068//2053
f 2069//2054 2070//2055 2075//2061
f 2066//2051 2069//2054 2075//2061
f 2064//2049 2041//2022 2072//2058
f 2076//2062 2074//2060 2068//2053
f 2073//2059 2045//2027 2064//2049
f 2077//2063 2058//2042 2062//2046
f 2067//2052 2076//2062 2068//2053
f 2078//2064 2076//2062 2067//2052
f 2079//2065 2070//2055 2071//2056
f 2070//2055 2079//2065 2075//2061
f 2075//2061 2079//2065 2080//2066
f 799//2057 2071//2056 2057//2041
f 2081//2067 2065//2050 2049//2032
f 2081//2067 2072//2058 2065//2050
f 2075//2061 2080//2066 2066//2051
f 2082//2068 2049//2032 2058//2042
f 2077//2063 2082//2068 2058//2042
f 2082//2068 2081//2067 2049//2032
f 2066//2051 2080//2066 2083//2069
f 2066//2051 2083//2069 2063//2047
f 2083//2069 2077//2063 2062//2046
f 2083//2069 2062//2046 2063//2047
f 2084//2070 2067//2052 2073//2059
f 2084//2070 2078//2064 2067//2052
f 2085//2071 2073//2059 2064//2049
f 2084//2070 2073//2059 2085//2071
f 2079//2065 2071//2056 2086//2072
f 2086//2072 2087//2073 2079//2065
f 2079//2065 2087//2073 2080//2066
f 2080//2066 2087//2073 2088//2074
f 2080//2066 2088//2074 2083//2069
f 2086//2072 2071//2056 799//2057
f 2086//2072 799//2057 819//2075
f 2085//2071 2064//2049 2072//2058
f 2089//2076 2083//2069 2090//2077
f 2091//2078 2076//2062 2078//2064
f 2092//2079 2081//2067 2082//2068
f 2092//2079 2082//2068 2077//2063
f 2093//2080 2072//2058 2081//2067
f 2093//2080 2081//2067 2092//2079
f 2083//2069 2088//2074 2090//2077
f 2077//2063 2083//2069 2089//2076
f 2094//2081 2084//2070 2085//2071
f 2088//2074 2087//2073 2095//2082
f 2088//2074 2095//2082 2090//2077
f 2093//2080 2085//2071 2072//2058
f 2096//2083 2092//2079 2077//2063
f 2097//2084 2098//2085 2084//2070
f 2098//2085 2091//2078 2078//2064
f 2097//2084 2084//2070 2094//2081
f 2099//2086 2087//2073 2086//2072
f 2087//2073 2100//2087 2095//2082
f 819//2075 2099//2086 2086//2072
f 819//2075 2101//2088 2099//2086
f 2102//2089 2096//2083 2077//2063
f 2096//2083 2093//2080 2092//2079
f 2093//2080 2103//2090 2085//2071
f 2102//2089 2077//2063 2089//2076
f 2101//2088 819//2075 975//2091
f 2104//2092 2091//2078 2098//2085
f 2100//2087 2087//2073 2099//2086
f 2100//2087 2105//2093 2095//2082
f 2103//2090 2094//2081 2085//2071
f 2095//2082 2105//2093 2106//2094
f 2105//2093 2100//2087 2099//2086
f 2107//2095 2105//2093 2099//2086
f 975//2091 2099//2086 2101//2088
f 2107//2095 2099//2086 975//2091
f 1004//2096 2107//2095 975//2091
f 2090//2077 2095//2082 2106//2094
f 2106//2094 2105//2093 2108//2097
f 2109//2098 2106//2094 2108//2097
f 1004//2096 1015//2099 2107//2095
f 2110//2100 2093//2080 2096//2083
f 2090//2077 2106//2094 2111//2101
f 2090//2077 2111//2101 2089//2076
f 2108//2097 2105//2093 2107//2095
f 2106//2094 2109//2098 2111//2101
f 1015//2099 2108//2097 2107//2095
f 2110//2100 2103//2090 2093//2080
f 2112//2102 2113//2103 2098//2085
f 2112//2102 2098//2085 2097//2084
f 2113//2103 2114//2104 2104//2092
f 2108//2097 2115//2105 2109//2098
f 1035//2106 2108//2097 1015//2099
f 2116//2107 2112//2102 2097//2084
f 2116//2107 2097//2084 2094//2081
f 2116//2107 2094//2081 2103//2090
f 2111//2101 2109//2098 2117//2108
f 2117//2108 2109//2098 2115//2105
f 2118//2109 2089//2076 2111//2101
f 2119//2110 2116//2107 2103//2090
f 2120//2111 2117//2108 2115//2105
f 2111//2101 2117//2108 2121//2112
f 2122//2113 2115//2105 2108//2097
f 2117//2108 2120//2111 2121//2112
f 2122//2113 2108//2097 1035//2106
f 2123//2114 2096//2083 2102//2089
f 2123//2114 2110//2100 2096//2083
f 2124//2115 2123//2114 2102//2089
f 2125//2116 2110//2100 2123//2114
f 2125//2116 2119//2110 2103//2090
f 2125//2116 2103//2090 2110//2100
f 2111//2101 2121//2112 2118//2109
f 2126//2117 2120//2111 2115//2105
f 2122//2113 2126//2117 2115//2105
f 2124//2115 2125//2116 2123//2114
f 2118//2109 2102//2089 2089//2076
f 2118//2109 2124//2115 2102//2089
f 2121//2112 2120//2111 2118//2109
f 2127//2118 2114//2104 2113//2103
f 2127//2118 2113//2103 2112//2102
f 2128//2119 2116//2107 2119//2110
f 2120//2111 2126//2117 2129//2120
f 2120//2111 2129//2120 2118//2109
f 2130//2121 2122//2113 1035//2106
f 2130//2121 1035//2106 1056//2122
f 2131//2123 2125//2116 2124//2115
f 2132//2124 2133//2125 2131//2123
f 2132//2124 2131//2123 2124//2115
f 2128//2119 2119//2110 2125//2116
f 2134//2126 2125//2116 2131//2123
f 2135//2127 2129//2120 2126//2117
f 2136//2128 2126//2117 2122//2113
f 2137//2129 2136//2128 2122//2113
f 2137//2129 2122//2113 2130//2121
f 2128//2119 2125//2116 2134//2126
f 2134//2126 2131//2123 2133//2125
f 2118//2109 2129//2120 2138//2130
f 2139//2131 2124//2115 2118//2109
f 2140//2132 2112//2102 2116//2107
f 2140//2132 2116//2107 2128//2119
f 2136//2128 2135//2127 2126//2117
f 2141//2133 2132//2124 2124//2115
f 2129//2120 2135//2127 2138//2130
f 2142//2134 2127//2118 2112//2102
f 2142//2134 2112//2102 2140//2132
f 2143//2135 2135//2127 2136//2128
f 2135//2127 2143//2135 2138//2130
f 1098//2136 2130//2121 1056//2122
f 2144//2137 2132//2124 2141//2133
f 2144//2137 2133//2125 2132//2124
f 2141//2133 2124//2115 2139//2131
f 2142//2134 2145//2138 2127//2118
f 2138//2130 2143//2135 2139//2131
f 2146//2139 2137//2129 2130//2121
f 1105//2140 2130//2121 1098//2136
f 2144//2137 2147//2141 2133//2125
f 2148//2142 2144//2137 2141//2133
f 2118//2109 2138//2130 2139//2131
f 2149//2143 2136//2128 2137//2129
f 2149//2143 2137//2129 2146//2139
f 2150//2144 2134//2126 2133//2125
f 2148//2142 2141//2133 2139//2131
f 2151//2145 2145//2138 2142//2134
f 2152//2146 2143//2135 2136//2128
f 2139//2131 2143//2135 2152//2146
f 2139//2131 2152//2146 2153//2147
f 2147//2141 2144//2137 2148//2142
f 2154//2148 2148//2142 2139//2131
f 2155//2149 2140//2132 2128//2119
f 2156//2150 2152//2146 2136//2128
f 2146//2139 2130//2121 1105//2140
f 2150//2144 2128//2119 2134//2126
f 2157//2151 2150//2144 2133//2125
f 2133//2125 2147//2141 2157//2151
f 2139//2131 2153//2147 2154//2148
f 2158//2152 2148//2142 2154//2148
f 2159//2153 2142//2134 2140//2132
f 2149//2143 2156//2150 2136//2128
f 2152//2146 2160//2154 2153//2147
f 1251//2155 2146//2139 1105//2140
f 2158//2152 2147//2141 2148//2142
f 2155//2149 2128//2119 2150//2144
f 2154//2148 2153//2147 2158//2152
f 2161//2156 2151//2145 2142//2134
f 2159//2153 2140//2132 2155//2149
f 2160//2154 2152//2146 2156//2150
f 2160//2154 2162//2157 2153//2147
f 1276//2158 2146//2139 1251//2155
f 2163//2159 2147//2141 2158//2152
f 2163//2159 2157//2151 2147//2141
f 2162//2157 2164//2160 2158//2152
f 2165//2161 2156//2150 2149//2143
f 1276//2158 2149//2143 2146//2139
f 2150//2144 2157//2151 2163//2159
f 2166//2162 2155//2149 2150//2144
f 2167//2163 2150//2144 2163//2159
f 2168//2164 2169//2165 2163//2159
f 2160//2154 2170//2166 2162//2157
f 2165//2161 2160//2154 2156//2150
f 2170//2166 2160//2154 2165//2161
f 2166//2162 2150//2144 2167//2163
f 2164//2160 2168//2164 2158//2152
f 2171//2167 2164//2160 2162//2157
f 2172//2168 2142//2134 2159//2153
f 2161//2156 2142//2134 2172//2168
f 2173//2169 2165//2161 2149//2143
f 2173//2169 2149//2143 1276//2158
f 2169//2165 2167//2163 2163//2159
f 2162//2157 2170//2166 2171//2167
f 2171//2167 2170//2166 2174//2170
f 2175//2171 2165//2161 2173//2169
f 2176//2172 2173//2169 1276//2158
f 2177//2173 2166//2162 2167//2163
f 2177//2173 2167//2163 2169//2165
f 2178//2174 2155//2149 2166//2162
f 2172//2168 2179//2175 2161//2156
f 2180//2176 2159//2153 2155//2149
f 2170//2166 2165//2161 2175//2171
f 2170//2166 2175//2171 2174//2170
f 1330//2177 2176//2172 1276//2158
f 2181//2178 2175//2171 2173//2169
f 2175//2171 2182//2179 2174//2170
f 1338//2180 2176//2172 1330//2177
f 2183//2181 2177//2173 2169//2165
f 2177//2173 2178//2174 2166//2162
f 2178//2174 2180//2176 2155//2149
f 2174//2170 2184//2182 2171//2167
f 2184//2182 2164//2160 2171//2167
f 2184//2182 2174//2170 2182//2179
f 2185//2183 2172//2168 2159//2153
f 2175//2171 2181//2178 2182//2179
f 2186//2184 2179//2175 2172//2168
f 2185//2183 2159//2153 2180//2176
f 2187//2185 2173//2169 2176//2172
f 1357//2186 2176//2172 1338//2180
f 2188//2187 2168//2164 2164//2160
f 2188//2187 2164//2160 2184//2182
f 2172//2168 2189//2188 2186//2184
f 2190//2189 2186//2184 2189//2188
f 2182//2179 2191//2190 2184//2182
f 2182//2179 2181//2178 2191//2190
f 2187//2185 2181//2178 2173//2169
f 2192//2191 2172//2168 2185//2183
f 2189//2188 2172//2168 2192//2191
f 2193//2192 2187//2185 2176//2172
f 2193//2192 2176//2172 1357//2186
f 2194//2193 2177//2173 2183//2181
f 2184//2182 2191//2190 2195//2194
f 2195//2194 2188//2187 2184//2182
f 2191//2190 2181//2178 2196//2195
f 2181//2178 2197//2196 2196//2195
f 1499//2197 2193//2192 1357//2186
f 2198//2198 2183//2181 2169//2165
f 2198//2198 2169//2165 2168//2164
f 2194//2193 2178//2174 2177//2173
f 2199//2199 2190//2189 2189//2188
f 2191//2190 2196//2195 2200//2200
f 2196//2195 2197//2196 2200//2200
f 2197//2196 2181//2178 2187//2185
f 2197//2196 2187//2185 2193//2192
f 2194//2193 2183//2181 2198//2198
f 2191//2190 2200//2200 2195//2194
f 2188//2187 2198//2198 2168//2164
f 2201//2201 2198//2198 2188//2187
f 2199//2199 2189//2188 2192//2191
f 2185//2183 2180//2176 2202//2202
f 2200//2200 2197//2196 2203//2203
f 2204//2204 2197//2196 2193//2192
f 2204//2204 2193//2192 2205//2205
f 1499//2197 2205//2205 2193//2192
f 2202//2202 2180//2176 2178//2174
f 2206//2206 2194//2193 2198//2198
f 2207//2207 2192//2191 2185//2183
f 2197//2196 2208//2208 2203//2203
f 2208//2208 2197//2196 2204//2204
f 1514//2209 2205//2205 1499//2197
f 2209//2210 2188//2187 2195//2194
f 2200//2200 2203//2203 2195//2194
f 2195//2194 2203//2203 2210//2211
f 2211//2212 2192//2191 2207//2207
f 1525//2213 2205//2205 1514//2209
f 2212//2214 2202//2202 2178//2174
f 2212//2214 2178//2174 2194//2193
f 2209//2210 2201//2201 2188//2187
f 2210//2211 2209//2210 2195//2194
f 2211//2212 2213//2215 2199//2199
f 2207//2207 2185//2183 2202//2202
f 2203//2203 2214//2216 2210//2211
f 2215//2217 2206//2206 2198//2198
f 2215//2217 2198//2198 2201//2201
f 2216//2218 2212//2214 2194//2193
f 2216//2218 2194//2193 2206//2206
f 2217//2219 2208//2208 2204//2204
f 2203//2203 2208//2208 2214//2216
f 2208//2208 2217//2219 2214//2216
f 2218//2220 2204//2204 2205//2205
f 2219//2221 2201//2201 2209//2210
f 2220//2222 2209//2210 2210//2211
f 2211//2212 2221//2223 2213//2215
f 2217//2219 2222//2224 2214//2216
f 2223//2225 2217//2219 2204//2204
f 2219//2221 2209//2210 2220//2222
f 2210//2211 2214//2216 2220//2222
f 2223//2225 2222//2224 2217//2219
f 2223//2225 2204//2204 2218//2220
f 1580//2226 2205//2205 1525//2213
f 1580//2226 2218//2220 2205//2205
f 2224//2227 2206//2206 2215//2217
f 2225//2228 2221//2223 2211//2212
f 2207//2207 2225//2228 2211//2212
f 2226//2229 2221//2223 2225//2228
f 2227//2230 2225//2228 2207//2207
f 2220//2222 2214//2216 2228//2231
f 1591//2232 2218//2220 1580//2226
f 2229//2233 2206//2206 2224//2227
f 2229//2233 2216//2218 2206//2206
f 2224//2227 2215//2217 2201//2201
f 2230//2234 2202//2202 2212//2214
f 2230//2234 2207//2207 2202//2202
f 2231//2235 2222//2224 2223//2225
f 2232//2236 2218//2220 1591//2232
f 1611//2237 2232//2236 1591//2232
f 2228//2231 2219//2221 2220//2222
f 2233//2238 2227//2230 2207//2207
f 2234//2239 2230//2234 2212//2214
f 2214//2216 2235//2240 2228//2231
f 2222//2224 2231//2235 2214//2216
f 2214//2216 2231//2235 2235//2240
f 2232//2236 2223//2225 2218//2220
f 2234//2239 2212//2214 2216//2218
f 2236//2241 2216//2218 2229//2233
f 2224//2227 2236//2241 2229//2233
f 2237//2242 2201//2201 2219//2221
f 2238//2243 2225//2228 2227//2230
f 2233//2238 2207//2207 2230//2234
f 2239//2244 2231//2235 2223//2225
f 2239//2244 2223//2225 2232//2236
f 1634//2245 2232//2236 1611//2237
f 2236//2241 2234//2239 2216//2218
f 2237//2242 2219//2221 2228//2231
f 2240//2246 2237//2242 2228//2231
f 2241//2247 2242//2248 2235//2240
f 2235//2240 2231//2235 2241//2247
f 2228//2231 2235//2240 2242//2248
f 2243//2249 2231//2235 2239//2244
f 2243//2249 2241//2247 2231//2235
f 2244//2250 2236//2241 2224//2227
f 2245//2251 2224//2227 2201//2201
f 2228//2231 2242//2248 2240//2246
f 2238//2243 2226//2229 2225//2228
f 2246//2252 2226//2229 2238//2243
f 2239//2244 2232//2236 1634//2245
f 2247//2253 2239//2244 1634//2245
f 1647//2254 2247//2253 1634//2245
f 2237//2242 2245//2251 2201//2201
f 2245//2251 2244//2250 2224//2227
f 2240//2246 2242//2248 2248//2255
f 2248//2255 2237//2242 2240//2246
f 2243//2249 2242//2248 2241//2247
f 2249//2256 2237//2242 2248//2255
f 2248//2255 2242//2248 2250//2257
f 2248//2255 2250//2257 2249//2256
f 2251//2258 2238//2243 2227//2230
f 2251//2258 2246//2252 2238//2243
f 2252//2259 2233//2238 2253//2260
f 2252//2259 2227//2230 2233//2238
f 2230//2234 2253//2260 2233//2238
f 2230//2234 2254//2261 2253//2260
f 2255//2262 2242//2248 2243//2249
f 2256//2263 2243//2249 2239//2244
f 2256//2263 2255//2262 2243//2249
f 2257//2264 2239//2244 2247//2253
f 2247//2253 1647//2254 2257//2264
f 2242//2248 2255//2262 2250//2257
f 2252//2259 2251//2258 2227//2230
f 2256//2263 2239//2244 2258//2265
f 2258//2265 2239//2244 2257//2264
f 1783//2266 2257//2264 1647//2254
f 2259//2267 2236//2241 2244//2250
f 2260//2268 2261//2269 2259//2267
f 2261//2269 2260//2268 2245//2251
f 2259//2267 2234//2239 2236//2241
f 2262//2270 2246//2252 2251//2258
f 2263//2271 2255//2262 2256//2263
f 2264//2272 2256//2263 2258//2265
f 2264//2272 2263//2271 2256//2263
f 2265//2273 2258//2265 2257//2264
f 1783//2266 2265//2273 2257//2264
f 2266//2274 2267//2275 2268//1867
f 2269//2276 2251//2258 2270//2277
f 2269//2276 2262//2270 2251//2258
f 2271//2278 2272//1872 2273//2279
f 2274//2280 2275//1870 2276//2281
f 2255//2262 2263//2271 2250//2257
f 2271//2278 2268//1867 2272//1872
f 2271//2278 2266//2274 2268//1867
f 2269//2276 2277//1879 2262//2270
f 2278//2282 2279//1862 2280//2283
f 2263//2271 2264//2272 2281//1866
f 2282//1864 2281//1866 2264//2272
f 2283//2284 2284//1888 2261//2269
f 2285//2285 2284//1888 2283//2284
f 2285//2285 2272//1872 2284//1888
f 2275//1870 2274//2280 2261//2269
f 2278//2282 2275//1870 2279//1862
f 2278//2282 2276//2281 2275//1870
f 2267//2275 2263//2271 2268//1867
f 2263//2271 2281//1866 2268//1867
f 2286//1877 2277//1879 2269//2276
f 1823//1809 2265//2273 1783//2266
f 2275//1870 2261//2269 2284//1888
f 2279//1862 2287//1861 2270//2277
f 2280//2283 2279//1862 2270//2277
f 2273//2279 2272//1872 2285//2285
f 2211//2212 2199//2199 2192//2191
f 2168//2164 2163//2159 2158//2152
f 2162//2157 2158//2152 2153//2147
f 2113//2103 2104//2092 2098//2085
f 2098//2085 2078//2064 2084//2070
f 1991//1964 1972//1942 1969//1939
f 2264//2272 2258//2265 2265//2273
f 2282//1864 2264//2272 2265//2273
f 2282//1864 2265//2273 1823//1809
f 1910//1871 1926//1888 1911//1872
f 2269//2276 2287//1861 2286//1877
f 2269//2276 2270//2277 2287//1861
f 2288//2286 2254//2261 2230//2234
f 2288//2286 2234//2239 2289//2287
f 2288//2286 2230//2234 2234//2239
f 2289//2287 2234//2239 2290//2288
f 2290//2288 2234//2239 2259//2267
f 2274//2280 2259//2267 2261//2269
f 2283//2284 2261//2269 2245//2251
f 2285//2285 2283//2284 2245//2251
f 2273//2279 2245//2251 2237//2242
f 2273//2279 2285//2285 2245//2251
f 2273//2279 2249//2256 2271//2278
f 2273//2279 2237//2242 2249//2256
f 2271//2278 2249//2256 2266//2274
f 2266//2274 2250//2257 2267//2275
f 2266//2274 2249//2256 2250//2257
f 2267//2275 2250//2257 2263//2271
f 2260//2268 2259//2267 2244//2250
f 2260//2268 2244//2250 2245//2251
f 2274//2280 2290//2288 2259//2267
f 2274//2280 2276//2281 2290//2288
f 2289//2287 2276//2281 2278//2282
f 2289//2287 2290//2288 2276//2281
f 2278//2282 2288//2286 2289//2287
f 2278//2282 2280//2283 2288//2286
f 2280//2283 2254//2261 2288//2286
f 2280//2283 2270//2277 2254//2261
f 2254//2261 2270//2277 2253//2260
f 2253//2260 2270//2277 2252//2259
f 2252//2259 2270//2277 2251//2258
f 139//2289 2291//2290 144//2291
f 168//2292 156//2293 147//2294
f 168//2292 147//2294 144//2291
f 166//2295 156//2293 168//2292
f 170//2296 167//2297 168//2292
f 2292//2298 2293//2299 2294//2300
f 2295//2301 2296//2302 2297//2303
f 2298//2304 2299//2305 2300//2306
f 2301//2307 2302//2308 2303//2309
f 2301//2307 2303//2309 2304//2310
f 2305//2311 2306//2312 2307//2313
f 2305//2311 2308//2314 2306//2312
f 2309//2315 2310//2316 2311//2317
f 2312//2318 2313//2319 2311//2317
f 2314//2320 2315//2321 2312//2318
f 2316//2322 2294//2300 2317//2323
f 2318//2324 2303//2309 2302//2308
f 2319//2325 2320//2326 2300//2306
f 2321//2327 2304//2310 2322//2328
f 2321//2327 2301//2307 2304//2310
f 2323//2329 2324//2330 2310//2316
f 2323//2329 2310//2316 2309//2315
f 2325//2331 2313//2319 2312//2318
f 2326//2332 2312//2318 2315//2321
f 2327//2333 2326//2332 2315//2321
f 2318//2324 2298//2304 2303//2309
f 2328//2334 2311//2317 2313//2319
f 2326//2332 2329//2335 2312//2318
f 2330//2336 2295//2301 2307//2313
f 2331//2337 2300//2306 2299//2305
f 2332//2338 2324//2330 2323//2329
f 2332//2338 2322//2328 2324//2330
f 2325//2331 2312//2318 2329//2335
f 2333//2339 2325//2331 2329//2335
f 2326//2332 2327//2333 2334//2340
f 2296//2302 2335//2341 2317//2323
f 2336//2342 2299//2305 2298//2304
f 2336//2342 2298//2304 2318//2324
f 2331//2337 2319//2325 2300//2306
f 2337//2343 2305//2311 2320//2326
f 2337//2343 2308//2314 2305//2311
f 2333//2339 2329//2335 2326//2332
f 2334//2340 2333//2339 2326//2332
f 2338//2344 2333//2339 2334//2340
f 2339//2345 2293//2299 2292//2298
f 168//2292 144//2291 2293//2299
f 2335//2341 2316//2322 2317//2323
f 2330//2336 2296//2302 2295//2301
f 2299//2305 2336//2342 2331//2337
f 2340//2346 2318//2324 2302//2308
f 2341//2347 2336//2342 2318//2324
f 2340//2346 2341//2347 2318//2324
f 2337//2343 2320//2326 2319//2325
f 2342//2348 2321//2327 2322//2328
f 2342//2348 2322//2328 2332//2338
f 2343//2349 2332//2338 2323//2329
f 2344//2350 2343//2349 2323//2329
f 2328//2334 2344//2350 2311//2317
f 2344//2350 2309//2315 2311//2317
f 2344//2350 2323//2329 2309//2315
f 2338//2344 2334//2340 2345//2351
f 2339//2345 168//2292 2293//2299
f 2346//2352 2292//2298 2294//2300
f 2335//2341 2294//2300 2316//2322
f 2306//2312 2330//2336 2307//2313
f 2331//2337 2347//2353 2319//2325
f 2348//2354 2342//2348 2332//2338
f 2348//2354 2332//2338 2343//2349
f 2349//2355 2348//2354 2343//2349
f 2328//2334 2313//2319 2325//2331
f 2350//2356 2338//2344 2345//2351
f 2351//2357 2335//2341 2296//2302
f 2352//2358 2331//2337 2336//2342
f 2347//2353 2331//2337 2352//2358
f 2353//2359 2301//2307 2321//2327
f 2354//2360 2337//2343 2319//2325
f 2349//2355 2343//2349 2344//2350
f 2355//2361 2328//2334 2356//2362
f 2357//2363 2325//2331 2333//2339
f 2338//2344 2357//2363 2333//2339
f 386//2364 170//2296 168//2292
f 401//2365 396//2366 386//2364
f 395//2367 396//2366 401//2365
f 402//2368 401//2365 386//2364
f 402//2368 386//2364 168//2292
f 407//2369 402//2368 168//2292
f 416//2370 418//2371 407//2369
f 417//2372 416//2370 407//2369
f 423//2373 417//2372 407//2369
f 2358//2374 423//2373 407//2369
f 2358//2374 433//2375 423//2373
f 442//2376 441//2377 432//2378
f 442//2376 432//2378 433//2375
f 442//2376 433//2375 2358//2374
f 2359//2379 442//2376 2358//2374
f 445//2380 442//2376 2359//2379
f 448//2381 445//2380 2359//2379
f 448//2381 2359//2379 458//2382
f 456//2383 455//2384 448//2381
f 456//2383 448//2381 458//2382
f 2360//2385 2351//2357 2296//2302
f 2361//2386 2296//2302 2330//2336
f 2352//2358 2336//2342 2362//2387
f 2362//2387 2336//2342 2341//2347
f 2353//2359 2302//2308 2301//2307
f 2340//2346 2302//2308 2353//2359
f 2354//2360 2319//2325 2347//2353
f 2344//2350 2363//2388 2364//2389
f 2364//2389 2349//2355 2344//2350
f 2356//2362 2328//2334 2325//2331
f 2357//2363 2356//2362 2325//2331
f 2339//2345 2292//2298 2346//2352
f 2346//2352 2294//2300 2335//2341
f 2365//2390 2335//2341 2351//2357
f 2365//2390 2346//2352 2335//2341
f 2361//2386 2330//2336 2306//2312
f 2366//2391 2352//2358 2362//2387
f 2362//2387 2341//2347 2340//2346
f 2352//2358 2354//2360 2347//2353
f 2367//2392 2337//2343 2354//2360
f 2368//2393 2357//2363 2338//2344
f 2368//2393 2338//2344 2350//2356
f 2369//2394 2361//2386 2306//2312
f 2360//2385 2296//2302 2361//2386
f 2370//2395 2352//2358 2366//2391
f 2308//2314 2369//2394 2306//2312
f 2371//2396 2308//2314 2337//2343
f 2370//2395 2354//2360 2352//2358
f 2372//2397 2357//2363 2368//2393
f 2372//2397 2368//2393 2373//2398
f 2374//2399 2370//2395 2366//2391
f 2375//2400 2362//2387 2340//2346
f 2376//2401 2340//2346 2353//2359
f 2376//2401 2353//2359 2321//2327
f 2377//2402 2369//2394 2308//2314
f 2378//2403 2342//2348 2348//2354
f 2379//2404 2342//2348 2378//2403
f 2378//2403 2348//2354 2349//2355
f 2378//2403 2349//2355 2364//2389
f 2380//2405 2356//2362 2357//2363
f 2373//2398 2368//2393 2350//2356
f 2381//2406 2365//2390 2351//2357
f 2381//2406 2351//2357 2360//2385
f 2382//2407 2375//2400 2340//2346
f 2382//2407 2340//2346 2376//2401
f 2371//2396 2377//2402 2308//2314
f 2371//2396 2337//2343 2367//2392
f 2383//2408 2354//2360 2370//2395
f 2374//2399 2383//2408 2370//2395
f 2383//2408 2367//2392 2354//2360
f 2384//2409 2321//2327 2342//2348
f 2384//2409 2342//2348 2379//2404
f 2385//2410 2379//2404 2378//2403
f 2386//2411 2385//2410 2378//2403
f 2380//2405 2355//2361 2356//2362
f 2386//2411 2378//2403 2364//2389
f 2387//2412 2355//2361 2380//2405
f 2372//2397 2380//2405 2357//2363
f 2388//2413 2373//2398 2350//2356
f 2389//2414 2360//2385 2361//2386
f 2389//2414 2390//2415 2360//2385
f 2366//2391 2362//2387 2374//2399
f 2389//2414 2361//2386 2369//2394
f 2391//2416 2367//2392 2383//2408
f 2391//2416 2371//2396 2367//2392
f 2376//2401 2321//2327 2384//2409
f 2387//2412 2363//2388 2355//2361
f 2392//2417 2387//2412 2380//2405
f 2393//2418 2372//2397 2373//2398
f 2388//2413 2393//2418 2373//2398
f 2394//2419 2388//2413 2350//2356
f 407//2369 168//2292 2339//2345
f 2395//2420 2383//2408 2374//2399
f 2396//2421 2362//2387 2375//2400
f 2397//2422 2369//2394 2377//2402
f 2398//2423 2392//2417 2380//2405
f 2387//2412 2364//2389 2363//2388
f 2399//2424 2364//2389 2387//2412
f 2386//2411 2364//2389 2399//2424
f 2392//2417 2399//2424 2387//2412
f 2398//2423 2380//2405 2372//2397
f 2400//2425 2372//2397 2393//2418
f 2401//2426 2400//2425 2393//2418
f 2402//2427 2393//2418 2388//2413
f 2358//2374 407//2369 2339//2345
f 2403//2428 2346//2352 2365//2390
f 2404//2429 2339//2345 2346//2352
f 2405//2430 2404//2429 2346//2352
f 2396//2421 2374//2399 2362//2387
f 2374//2399 2396//2421 2395//2420
f 2406//2431 2375//2400 2382//2407
f 2396//2421 2375//2400 2406//2431
f 2397//2422 2389//2414 2369//2394
f 2407//2432 2391//2416 2383//2408
f 2407//2432 2383//2408 2395//2420
f 2408//2433 2391//2416 2407//2432
f 2400//2425 2398//2423 2372//2397
f 2401//2426 2393//2418 2402//2427
f 2404//2429 2358//2374 2339//2345
f 2403//2428 2365//2390 2381//2406
f 2409//2434 2406//2431 2382//2407
f 2409//2434 2382//2407 2376//2401
f 2410//2435 2371//2396 2391//2416
f 2411//2436 2379//2404 2385//2410
f 2412//2437 2385//2410 2386//2411
f 2399//2424 2413//2438 2386//2411
f 2412//2437 2386//2411 2413//2438
f 2402//2427 2388//2413 2394//2419
f 2414//2439 2381//2406 2360//2385
f 2414//2439 2360//2385 2390//2415
f 2415//2440 2407//2432 2395//2420
f 2410//2435 2377//2402 2371//2396
f 2416//2441 2408//2433 2407//2432
f 2410//2435 2391//2416 2408//2433
f 2415//2440 2416//2441 2407//2432
f 2417//2442 2398//2423 2400//2425
f 2417//2442 2400//2425 2401//2426
f 2418//2443 2401//2426 2402//2427
f 2419//2444 2395//2420 2396//2421
f 2420//2445 2399//2424 2392//2417
f 2421//2446 2392//2417 2398//2423
f 2417//2442 2421//2446 2398//2423
f 2418//2443 2417//2442 2401//2426
f 2422//2447 2418//2443 2402//2427
f 2422//2447 2402//2427 2394//2419
f 2405//2430 2346//2352 2403//2428
f 2395//2420 2423//2448 2415//2440
f 2423//2448 2395//2420 2419//2444
f 2424//2449 2406//2431 2409//2434
f 2424//2449 2396//2421 2406//2431
f 2419//2444 2396//2421 2424//2449
f 2425//2450 2389//2414 2397//2422
f 2426//2451 2425//2450 2397//2422
f 2426//2451 2397//2422 2377//2402
f 2427//2452 2408//2433 2416//2441
f 2411//2436 2385//2410 2412//2437
f 2428//2453 2403//2428 2381//2406
f 2425//2450 2390//2415 2389//2414
f 2409//2434 2376//2401 2429//2454
f 2427//2452 2410//2435 2408//2433
f 2430//2455 2384//2409 2379//2404
f 2431//2456 2379//2404 2411//2436
f 2421//2446 2420//2445 2392//2417
f 2432//2457 2421//2446 2417//2442
f 2432//2457 2417//2442 2433//2458
f 2417//2442 2418//2443 2433//2458
f 2433//2458 2418//2443 2422//2447
f 2434//2459 2422//2447 2394//2419
f 2435//2460 2377//2402 2410//2435
f 2436//2461 2416//2441 2415//2440
f 2436//2461 2437//2462 2416//2441
f 2437//2462 2427//2452 2416//2441
f 2436//2461 2415//2440 2423//2448
f 2431//2456 2430//2455 2379//2404
f 2429//2454 2376//2401 2384//2409
f 2430//2455 2429//2454 2384//2409
f 2438//2463 2420//2445 2421//2446
f 2434//2459 2433//2458 2422//2447
f 458//2382 2359//2379 2358//2374
f 2428//2453 2381//2406 2414//2439
f 2439//2464 2440//2465 2424//2449
f 2439//2464 2424//2449 2409//2434
f 2426//2451 2377//2402 2435//2460
f 2441//2466 2413//2438 2399//2424
f 2441//2466 2399//2424 2420//2445
f 2438//2463 2421//2446 2432//2457
f 2442//2467 2438//2463 2432//2457
f 2443//2468 2433//2458 2434//2459
f 2444//2469 2358//2374 2404//2429
f 2419//2444 2445//2470 2423//2448
f 2440//2465 2419//2444 2424//2449
f 2446//2471 2409//2434 2429//2454
f 2435//2460 2410//2435 2427//2452
f 2447//2472 2427//2452 2437//2462
f 2423//2448 2445//2470 2436//2461
f 2448//2473 2442//2467 2432//2457
f 2448//2473 2432//2457 2433//2458
f 2448//2473 2433//2458 2443//2468
f 2449//2474 649//2475 458//2382
f 653//2476 649//2475 2449//2474
f 666//2477 665//2478 653//2476
f 664//2479 666//2477 653//2476
f 2449//2474 664//2479 653//2476
f 2450//2480 664//2479 2449//2474
f 2450//2480 669//2481 664//2479
f 678//2482 669//2481 2450//2480
f 2450//2480 686//2483 678//2482
f 686//2483 2450//2480 2451//2484
f 689//2485 686//2483 2451//2484
f 701//2486 689//2485 2451//2484
f 698//2487 689//2485 701//2486
f 701//2486 700//2488 698//2487
f 2452//2489 701//2486 2451//2484
f 2449//2474 458//2382 2358//2374
f 2404//2429 2405//2430 2453//2490
f 2454//2491 2405//2430 2403//2428
f 2454//2491 2403//2428 2428//2453
f 2455//2492 2414//2439 2390//2415
f 2455//2492 2390//2415 2425//2450
f 2419//2444 2456//2493 2445//2470
f 2457//2494 2426//2451 2435//2460
f 2447//2472 2435//2460 2427//2452
f 2458//2495 2441//2466 2420//2445
f 2459//2496 2420//2445 2438//2463
f 2460//2497 2459//2496 2438//2463
f 2460//2497 2438//2463 2442//2467
f 2461//2498 2442//2467 2448//2473
f 2460//2497 2442//2467 2461//2498
f 2462//2499 2448//2473 2443//2468
f 2463//2500 2462//2499 2443//2468
f 2449//2474 2358//2374 2444//2469
f 2454//2491 2453//2490 2405//2430
f 2455//2492 2428//2453 2414//2439
f 2446//2471 2439//2464 2409//2434
f 2425//2450 2426//2451 2457//2494
f 2464//2501 2457//2494 2435//2460
f 2447//2472 2437//2462 2436//2461
f 2465//2502 2435//2460 2447//2472
f 2466//2503 2420//2445 2459//2496
f 2467//2504 2460//2497 2461//2498
f 2468//2505 2461//2498 2448//2473
f 2468//2505 2448//2473 2462//2499
f 2469//2506 2445//2470 2456//2493
f 2464//2501 2435//2460 2465//2502
f 2447//2472 2436//2461 2470//2507
f 2445//2470 2469//2506 2436//2461
f 2471//2508 2411//2436 2412//2437
f 2471//2508 2412//2437 2413//2438
f 2467//2504 2461//2498 2468//2505
f 2472//2509 2462//2499 2463//2500
f 2468//2505 2462//2499 2472//2509
f 2473//2510 2454//2491 2428//2453
f 2474//2511 2455//2492 2425//2450
f 2440//2465 2456//2493 2419//2444
f 2457//2494 2474//2511 2425//2450
f 2470//2507 2465//2502 2447//2472
f 2475//2512 2470//2507 2436//2461
f 2436//2461 2469//2506 2475//2512
f 2431//2456 2411//2436 2471//2508
f 2471//2508 2413//2438 2441//2466
f 2476//2513 2466//2503 2459//2496
f 2460//2497 2476//2513 2459//2496
f 2477//2514 2404//2429 2453//2490
f 2477//2514 2444//2469 2404//2429
f 2473//2510 2428//2453 2455//2492
f 2478//2515 2469//2506 2456//2493
f 2456//2493 2479//2516 2478//2515
f 2480//2517 2456//2493 2440//2465
f 2480//2517 2440//2465 2439//2464
f 2479//2516 2456//2493 2480//2517
f 2481//2518 2430//2455 2431//2456
f 2482//2519 2429//2454 2430//2455
f 2483//2520 2431//2456 2471//2508
f 2476//2513 2460//2497 2467//2504
f 2484//2521 2476//2513 2467//2504
f 2484//2521 2467//2504 2468//2505
f 2468//2505 2485//2522 2484//2521
f 2453//2490 2454//2491 2473//2510
f 2486//2523 2473//2510 2455//2492
f 2474//2511 2486//2523 2455//2492
f 2478//2515 2487//2524 2469//2506
f 2488//2525 2474//2511 2457//2494
f 2469//2506 2487//2524 2475//2512
f 2482//2519 2430//2455 2481//2518
f 2489//2526 2458//2495 2420//2445
f 2490//2527 2476//2513 2484//2521
f 2490//2527 2484//2521 2485//2522
f 2485//2522 2468//2505 2472//2509
f 2491//2528 2453//2490 2473//2510
f 2491//2528 2473//2510 2486//2523
f 2492//2529 2486//2523 2474//2511
f 2493//2530 2465//2502 2470//2507
f 2494//2531 2470//2507 2475//2512
f 2483//2520 2481//2518 2431//2456
f 2495//2532 2483//2520 2471//2508
f 2489//2526 2420//2445 2466//2503
f 2496//2533 2466//2503 2476//2513
f 2496//2533 2476//2513 2497//2534
f 2497//2534 2476//2513 2490//2527
f 2497//2534 2490//2527 2485//2522
f 2498//2535 2485//2522 2472//2509
f 2451//2484 2444//2469 2477//2514
f 2499//2536 2453//2490 2491//2528
f 2500//2537 2486//2523 2492//2529
f 2501//2538 2479//2516 2480//2517
f 2502//2539 2439//2464 2446//2471
f 2480//2517 2439//2464 2502//2539
f 2493//2530 2470//2507 2494//2531
f 2487//2524 2494//2531 2475//2512
f 2493//2530 2464//2501 2465//2502
f 2503//2540 2464//2501 2493//2530
f 2495//2532 2471//2508 2441//2466
f 2504//2541 2497//2534 2485//2522
f 2451//2484 2450//2480 2449//2474
f 2500//2537 2499//2536 2491//2528
f 2500//2537 2491//2528 2486//2523
f 2487//2524 2478//2515 2505//2542
f 2506//2543 2505//2542 2479//2516
f 2501//2538 2480//2517 2502//2539
f 2502//2539 2446//2471 2429//2454
f 2488//2525 2457//2494 2464//2501
f 2488//2525 2492//2529 2474//2511
f 2507//2544 2489//2526 2466//2503
f 2507//2544 2466//2503 2496//2533
f 2508//2545 2496//2533 2497//2534
f 2504//2541 2508//2545 2497//2534
f 2504//2541 2485//2522 2498//2535
f 2509//2546 2498//2535 2472//2509
f 2504//2541 2498//2535 2509//2546
f 2451//2484 2449//2474 2444//2469
f 2510//2547 2464//2501 2503//2540
f 2511//2548 2494//2531 2487//2524
f 2494//2531 2503//2540 2493//2530
f 2482//2519 2502//2539 2429//2454
f 2506//2543 2479//2516 2501//2538
f 2510//2547 2488//2525 2464//2501
f 2495//2532 2441//2466 2512//2549
f 2513//2550 2489//2526 2507//2544
f 2507//2544 2496//2533 2508//2545
f 2514//2551 2509//2546 2515//2552
f 2516//2553 2487//2524 2505//2542
f 2517//2554 2516//2553 2505//2542
f 2506//2543 2517//2554 2505//2542
f 2517//2554 2506//2543 2501//2538
f 2518//2555 2488//2525 2510//2547
f 2511//2548 2503//2540 2494//2531
f 2519//2556 2511//2548 2487//2524
f 2516//2553 2519//2556 2487//2524
f 2520//2557 2502//2539 2482//2519
f 2520//2557 2482//2519 2481//2518
f 2521//2558 2502//2539 2520//2557
f 2522//2559 2483//2520 2495//2532
f 2523//2560 2495//2532 2512//2549
f 2522//2559 2495//2532 2523//2560
f 2513//2550 2507//2544 2508//2545
f 2524//2561 2508//2545 2504//2541
f 2514//2551 2504//2541 2509//2546
f 2524//2561 2504//2541 2514//2551
f 2525//2562 2499//2536 2500//2537
f 2526//2563 2477//2514 2453//2490
f 2527//2564 2451//2484 2477//2514
f 2528//2565 2500//2537 2492//2529
f 2529//2566 2517//2554 2501//2538
f 2530//2567 2492//2529 2488//2525
f 2518//2555 2530//2567 2488//2525
f 2503//2540 2511//2548 2531//2568
f 2532//2569 2481//2518 2483//2520
f 2532//2569 2483//2520 2533//2570
f 2533//2570 2483//2520 2522//2559
f 2534//2571 2489//2526 2513//2550
f 2512//2549 2441//2466 2458//2495
f 2512//2549 2458//2495 2489//2526
f 2524//2561 2513//2550 2508//2545
f 2526//2563 2453//2490 2499//2536
f 2527//2564 2477//2514 2526//2563
f 2525//2562 2526//2563 2499//2536
f 2528//2565 2525//2562 2500//2537
f 2529//2566 2501//2538 2521//2558
f 2521//2558 2501//2538 2502//2539
f 2519//2556 2535//2572 2511//2548
f 2535//2572 2531//2568 2511//2548
f 2536//2573 2510//2547 2503//2540
f 2532//2569 2520//2557 2481//2518
f 2537//2574 2512//2549 2489//2526
f 2537//2574 2489//2526 2534//2571
f 2538//2575 2534//2571 2513//2550
f 2538//2575 2513//2550 2524//2561
f 2539//2576 2538//2575 2524//2561
f 2540//2577 2539//2576 2524//2561
f 2540//2577 2524//2561 2514//2551
f 2541//2578 2516//2553 2517//2554
f 2541//2578 2517//2554 2529//2566
f 2536//2573 2518//2555 2510//2547
f 2542//2579 2536//2573 2503//2540
f 2543//2580 2540//2577 2514//2551
f 2543//2580 2514//2551 2515//2552
f 2544//2581 2526//2563 2525//2562
f 2545//2582 2516//2553 2541//2578
f 2546//2583 2519//2556 2516//2553
f 2516//2553 2545//2582 2546//2583
f 2542//2579 2503//2540 2531//2568
f 2519//2556 2546//2583 2535//2572
f 2547//2584 2533//2570 2522//2559
f 2543//2580 2548//2585 2540//2577
f 911//2586 701//2486 2452//2489
f 922//2587 920//2588 911//2586
f 921//2589 920//2588 922//2587
f 930//2590 923//2591 922//2587
f 942//2592 922//2587 2549//2593
f 942//2592 930//2590 922//2587
f 942//2592 935//2594 930//2590
f 944//2595 942//2592 2549//2593
f 957//2596 944//2595 2549//2593
f 957//2596 956//2597 944//2595
f 1192//2598 962//2599 957//2596
f 965//2600 962//2599 1192//2598
f 2530//2567 2528//2565 2492//2529
f 2544//2581 2525//2562 2528//2565
f 2550//2601 2528//2565 2530//2567
f 2550//2601 2544//2581 2528//2565
f 2551//2602 2541//2578 2529//2566
f 2551//2602 2529//2566 2521//2558
f 2552//2603 2535//2572 2546//2583
f 2553//2604 2537//2574 2534//2571
f 2554//2605 2537//2574 2553//2604
f 2538//2575 2553//2604 2534//2571
f 2548//2585 2539//2576 2540//2577
f 2555//2606 2543//2580 2515//2552
f 2549//2593 2452//2489 2451//2484
f 2556//2607 2541//2578 2551//2602
f 2557//2608 2530//2567 2518//2555
f 2557//2608 2518//2555 2536//2573
f 2535//2572 2558//2609 2531//2568
f 2558//2609 2542//2579 2531//2568
f 2558//2609 2535//2572 2552//2603
f 2523//2560 2547//2584 2522//2559
f 2554//2605 2512//2549 2537//2574
f 2523//2560 2512//2549 2554//2605
f 2539//2576 2553//2604 2538//2575
f 2559//2610 2548//2585 2543//2580
f 2559//2610 2543//2580 2555//2606
f 2527//2564 2549//2593 2451//2484
f 2560//2611 2544//2581 2550//2601
f 2545//2582 2541//2578 2556//2607
f 2561//2612 2532//2569 2533//2570
f 2562//2613 2520//2557 2532//2569
f 2561//2612 2533//2570 2547//2584
f 2563//2614 2523//2560 2554//2605
f 2539//2576 2564//2615 2553//2604
f 2565//2616 2564//2615 2539//2576
f 2565//2616 2539//2576 2548//2585
f 2565//2616 2548//2585 2559//2610
f 922//2587 911//2586 2452//2489
f 2560//2611 2526//2563 2544//2581
f 2566//2617 2550//2601 2530//2567
f 2545//2582 2567//2618 2546//2583
f 2567//2618 2545//2582 2556//2607
f 2568//2619 2556//2607 2551//2602
f 2568//2619 2551//2602 2521//2558
f 2569//2620 2568//2619 2521//2558
f 2557//2608 2570//2621 2530//2567
f 2571//2622 2542//2579 2558//2609
f 2572//2623 2523//2560 2563//2614
f 2563//2614 2554//2605 2553//2604
f 2573//2624 2559//2610 2555//2606
f 2574//2625 2573//2624 2555//2606
f 2549//2593 922//2587 2452//2489
f 2570//2621 2566//2617 2530//2567
f 2561//2612 2562//2613 2532//2569
f 2562//2613 2575//2626 2520//2557
f 2576//2627 2572//2623 2563//2614
f 2577//2628 2563//2614 2553//2604
f 2578//2629 2564//2615 2565//2616
f 2573//2624 2565//2616 2559//2610
f 2566//2617 2560//2611 2550//2601
f 2569//2620 2521//2558 2575//2626
f 2579//2630 2557//2608 2536//2573
f 2580//2631 2570//2621 2557//2608
f 2575//2626 2521//2558 2520//2557
f 2581//2632 2523//2560 2572//2623
f 2581//2632 2572//2623 2576//2627
f 2576//2627 2563//2614 2577//2628
f 2564//2615 2577//2628 2553//2604
f 2582//2633 2565//2616 2573//2624
f 2583//2634 2527//2564 2526//2563
f 2584//2635 2567//2618 2556//2607
f 2585//2636 2536//2573 2542//2579
f 2585//2636 2542//2579 2571//2622
f 2586//2637 2552//2603 2546//2583
f 2587//2638 2562//2613 2561//2612
f 2588//2639 2547//2584 2523//2560
f 2582//2633 2578//2629 2565//2616
f 2589//2640 2573//2624 2574//2625
f 2589//2640 2582//2633 2573//2624
f 2583//2634 2526//2563 2560//2611
f 2590//2641 2566//2617 2570//2621
f 2586//2637 2546//2583 2567//2618
f 2584//2635 2556//2607 2568//2619
f 2569//2620 2591//2642 2568//2619
f 2580//2631 2557//2608 2579//2630
f 2579//2630 2536//2573 2585//2636
f 2592//2643 2571//2622 2552//2603
f 2586//2637 2592//2643 2552//2603
f 2588//2639 2561//2612 2547//2584
f 2587//2638 2561//2612 2588//2639
f 2593//2644 2581//2632 2576//2627
f 2594//2645 2576//2627 2577//2628
f 2593//2644 2523//2560 2581//2632
f 2577//2628 2564//2615 2578//2629
f 2595//2646 2566//2617 2590//2641
f 2596//2647 2586//2637 2567//2618
f 2596//2647 2567//2618 2584//2635
f 2591//2642 2584//2635 2568//2619
f 2590//2641 2570//2621 2580//2631
f 2597//2648 2571//2622 2592//2643
f 2588//2639 2523//2560 2593//2644
f 2594//2645 2593//2644 2576//2627
f 2598//2649 2594//2645 2577//2628
f 2598//2649 2577//2628 2578//2629
f 2599//2650 2578//2629 2582//2633
f 2599//2650 2582//2633 2600//2651
f 2601//2652 2549//2593 2527//2564
f 2602//2653 2562//2613 2587//2638
f 2603//2654 2587//2638 2588//2639
f 2599//2650 2598//2649 2578//2629
f 2589//2640 2600//2651 2582//2633
f 2604//2655 2583//2634 2560//2611
f 2605//2656 2560//2611 2566//2617
f 2606//2657 2596//2647 2584//2635
f 2584//2635 2591//2642 2606//2657
f 2607//2658 2591//2642 2569//2620
f 2597//2648 2585//2636 2571//2622
f 2608//2659 2592//2643 2586//2637
f 2609//2660 2588//2639 2593//2644
f 2610//2661 2598//2649 2599//2650
f 2611//2662 2599//2650 2600//2651
f 2610//2661 2599//2650 2611//2662
f 2605//2656 2604//2655 2560//2611
f 2612//2663 2605//2656 2566//2617
f 2612//2663 2566//2617 2595//2646
f 2608//2659 2586//2637 2596//2647
f 2613//2664 2595//2646 2590//2641
f 2614//2665 2585//2636 2597//2648
f 2615//2666 2592//2643 2608//2659
f 2609//2660 2603//2654 2588//2639
f 2616//2667 2593//2644 2594//2645
f 2617//2668 2594//2645 2598//2649
f 2618//2669 2617//2668 2598//2649
f 2610//2661 2618//2669 2598//2649
f 2611//2662 2600//2651 2589//2640
f 2619//2670 2611//2662 2589//2640
f 2607//2658 2606//2657 2591//2642
f 2613//2664 2590//2641 2580//2631
f 2615//2666 2597//2648 2592//2643
f 2614//2665 2579//2630 2585//2636
f 2620//2671 2587//2638 2603//2654
f 2611//2662 2621//2672 2610//2661
f 2601//2652 2527//2564 2583//2634
f 2622//2673 2606//2657 2607//2658
f 2622//2673 2596//2647 2606//2657
f 2623//2674 2569//2620 2575//2626
f 2624//2675 2614//2665 2597//2648
f 2562//2613 2625//2676 2575//2626
f 2616//2667 2594//2645 2617//2668
f 2621//2672 2618//2669 2610//2661
f 2619//2670 2621//2672 2611//2662
f 2597//2648 2615//2666 2624//2675
f 2620//2671 2602//2653 2587//2638
f 2625//2676 2623//2674 2575//2626
f 2626//2677 2616//2667 2617//2668
f 2627//2678 2617//2668 2618//2669
f 2621//2672 2627//2678 2618//2669
f 2628//2679 2621//2672 2619//2670
f 2629//2680 2601//2652 2583//2634
f 2630//2681 2612//2663 2595//2646
f 2631//2682 2608//2659 2596//2647
f 2632//2683 2622//2673 2607//2658
f 2631//2682 2596//2647 2622//2673
f 2632//2683 2607//2658 2569//2620
f 2633//2684 2580//2631 2579//2630
f 2633//2684 2579//2630 2614//2665
f 2634//2685 2593//2644 2616//2667
f 2635//2686 2609//2660 2593//2644
f 2636//2687 2634//2685 2616//2667
f 2626//2677 2617//2668 2627//2678
f 2637//2688 2626//2677 2627//2678
f 2638//2689 2627//2678 2621//2672
f 2628//2679 2638//2689 2621//2672
f 1192//2598 1191//2690 1190//2691
f 1192//2598 1190//2691 965//2600
f 2639//2692 1192//2598 957//2596
f 1208//2693 1192//2598 2639//2692
f 1208//2693 1195//2694 1192//2598
f 1202//2695 1195//2694 1208//2693
f 1211//2696 1208//2693 2640//2697
f 1214//2698 1211//2696 2640//2697
f 1214//2698 1223//2699 1221//2700
f 1224//2701 1223//2699 1214//2698
f 1224//2701 1214//2698 2640//2697
f 1232//2702 1228//2703 1224//2701
f 1240//2704 1232//2702 1224//2701
f 1240//2704 1242//2705 1232//2702
f 2641//2706 1240//2704 1224//2701
f 2642//2707 1240//2704 2641//2706
f 2643//2708 2630//2681 2595//2646
f 2643//2708 2595//2646 2613//2664
f 2630//2681 2605//2656 2612//2663
f 2644//2709 2608//2659 2631//2682
f 2632//2683 2645//2710 2622//2673
f 2631//2682 2622//2673 2645//2710
f 2623//2674 2632//2683 2569//2620
f 2646//2711 2580//2631 2633//2684
f 2615//2666 2608//2659 2644//2709
f 2636//2687 2616//2667 2626//2677
f 2634//2685 2635//2686 2593//2644
f 2637//2688 2647//2712 2626//2677
f 2648//2713 2627//2678 2638//2689
f 2639//2692 957//2596 2549//2593
f 2649//2714 2604//2655 2605//2656
f 2639//2692 2549//2593 2601//2652
f 2649//2714 2605//2656 2630//2681
f 2649//2714 2583//2634 2604//2655
f 2650//2715 2645//2710 2632//2683
f 2650//2715 2632//2683 2623//2674
f 2651//2716 2646//2711 2633//2684
f 2652//2717 2643//2708 2613//2664
f 2646//2711 2613//2664 2580//2631
f 2653//2718 2614//2665 2624//2675
f 2633//2684 2614//2665 2653//2718
f 2654//2719 2623//2674 2625//2676
f 2602//2653 2625//2676 2562//2613
f 2647//2712 2636//2687 2626//2677
f 2655//2720 2656//2721 2620//2671
f 2655//2720 2603//2654 2609//2660
f 2655//2720 2609//2660 2635//2686
f 2657//2722 2647//2712 2637//2688
f 2637//2688 2627//2678 2648//2713
f 2658//2723 2648//2713 2638//2689
f 2659//2724 2638//2689 2628//2679
f 2659//2724 2658//2723 2638//2689
f 2629//2680 2583//2634 2649//2714
f 2660//2725 2644//2709 2631//2682
f 2660//2725 2631//2682 2645//2710
f 2615//2666 2661//2726 2624//2675
f 2651//2716 2633//2684 2653//2718
f 2624//2675 2661//2726 2653//2718
f 2653//2718 2661//2726 2662//2727
f 2661//2726 2615//2666 2644//2709
f 2656//2721 2602//2653 2620//2671
f 2663//2728 2636//2687 2647//2712
f 2664//2729 2634//2685 2636//2687
f 2648//2713 2657//2722 2637//2688
f 2665//2730 2645//2710 2650//2715
f 2666//2731 2660//2725 2645//2710
f 2666//2731 2645//2710 2665//2730
f 2654//2719 2650//2715 2623//2674
f 2652//2717 2613//2664 2646//2711
f 2660//2725 2661//2726 2644//2709
f 2667//2732 2602//2653 2656//2721
f 2668//2733 2667//2732 2656//2721
f 2669//2734 2647//2712 2657//2722
f 2663//2728 2647//2712 2669//2734
f 2670//2735 2657//2722 2648//2713
f 2671//2736 2670//2735 2648//2713
f 2671//2736 2648//2713 2658//2723
f 2671//2736 2658//2723 2659//2724
f 2672//2737 2630//2681 2643//2708
f 2672//2737 2649//2714 2630//2681
f 2673//2738 2665//2730 2650//2715
f 2674//2739 2665//2730 2673//2738
f 2675//2740 2650//2715 2654//2719
f 2676//2741 2646//2711 2651//2716
f 2667//2732 2625//2676 2602//2653
f 2675//2740 2654//2719 2625//2676
f 2664//2729 2636//2687 2663//2728
f 2677//2742 2664//2729 2663//2728
f 2669//2734 2677//2742 2663//2728
f 2670//2735 2669//2734 2657//2722
f 2678//2743 2670//2735 2671//2736
f 2679//2744 2671//2736 2659//2724
f 2679//2744 2659//2724 2628//2679
f 2640//2697 1208//2693 2639//2692
f 2672//2737 2680//2745 2649//2714
f 2681//2746 2660//2725 2666//2731
f 2665//2730 2674//2739 2666//2731
f 2681//2746 2661//2726 2660//2725
f 2682//2747 2655//2720 2635//2686
f 2682//2747 2668//2733 2655//2720
f 2683//2748 2669//2734 2670//2735
f 2678//2743 2683//2748 2670//2735
f 2684//2749 2671//2736 2679//2744
f 2684//2749 2678//2743 2671//2736
f 2684//2749 2679//2744 2685//2750
f 2680//2745 2629//2680 2649//2714
f 2674//2739 2686//2751 2666//2731
f 2687//2752 2673//2738 2650//2715
f 2687//2752 2650//2715 2675//2740
f 2688//2753 2662//2727 2661//2726
f 2689//2754 2651//2716 2653//2718
f 2689//2754 2676//2741 2651//2716
f 2690//2755 2689//2754 2653//2718
f 2690//2755 2653//2718 2662//2727
f 2681//2746 2688//2753 2661//2726
f 2691//2756 2675//2740 2625//2676
f 2667//2732 2691//2756 2625//2676
f 2692//2757 2635//2686 2634//2685
f 2692//2757 2634//2685 2664//2729
f 2683//2748 2677//2742 2669//2734
f 2686//2751 2681//2746 2666//2731
f 2693//2758 2646//2711 2676//2741
f 2690//2755 2662//2727 2688//2753
f 2694//2759 2664//2729 2677//2742
f 2695//2760 2677//2742 2683//2748
f 2678//2743 2696//2761 2683//2748
f 2695//2760 2683//2748 2696//2761
f 2697//2762 2684//2749 2685//2750
f 2698//2763 2685//2750 2679//2744
f 2699//2764 2629//2680 2680//2745
f 2700//2765 2601//2652 2629//2680
f 2699//2764 2680//2745 2672//2737
f 2701//2766 2664//2729 2694//2759
f 2701//2766 2692//2757 2664//2729
f 2694//2759 2677//2742 2695//2760
f 2696//2761 2678//2743 2684//2749
f 2697//2762 2696//2761 2684//2749
f 2702//2767 2697//2762 2698//2763
f 2698//2763 2697//2762 2685//2750
f 1224//2701 2640//2697 2639//2692
f 2703//2768 2643//2708 2652//2717
f 2693//2758 2652//2717 2646//2711
f 2689//2754 2704//2769 2676//2741
f 2703//2768 2652//2717 2693//2758
f 2705//2770 2690//2755 2688//2753
f 2706//2771 2668//2733 2682//2747
f 2707//2772 2668//2733 2706//2771
f 2708//2773 2682//2747 2635//2686
f 2708//2773 2635//2686 2692//2757
f 2709//2774 2694//2759 2695//2760
f 2696//2761 2709//2774 2695//2760
f 2702//2767 2698//2763 2710//2775
f 2641//2706 1224//2701 2639//2692
f 2711//2776 2672//2737 2643//2708
f 2711//2776 2643//2708 2703//2768
f 2712//2777 2674//2739 2673//2738
f 2712//2777 2673//2738 2687//2752
f 2713//2778 2687//2752 2675//2740
f 2704//2769 2693//2758 2676//2741
f 2705//2770 2714//2779 2690//2755
f 2714//2779 2689//2754 2690//2755
f 2688//2753 2681//2746 2705//2770
f 2707//2772 2667//2732 2668//2733
f 2691//2756 2715//2780 2675//2740
f 2716//2781 2701//2766 2694//2759
f 2716//2781 2694//2759 2709//2774
f 2709//2774 2696//2761 2717//2782
f 2718//2783 2717//2782 2696//2761
f 2718//2783 2696//2761 2697//2762
f 2718//2783 2697//2762 2702//2767
f 2700//2765 2629//2680 2699//2764
f 2719//2784 2686//2751 2674//2739
f 2681//2746 2686//2751 2720//2785
f 2719//2784 2674//2739 2712//2777
f 2713//2778 2675//2740 2715//2780
f 2721//2786 2704//2769 2689//2754
f 2722//2787 2704//2769 2721//2786
f 2681//2746 2720//2785 2705//2770
f 2723//2788 2716//2781 2709//2774
f 2723//2788 2709//2774 2717//2782
f 2723//2788 2717//2782 2718//2783
f 2718//2783 2702//2767 2710//2775
f 2724//2789 2700//2765 2699//2764
f 2725//2790 2703//2768 2693//2758
f 2722//2787 2693//2758 2704//2769
f 2721//2786 2689//2754 2714//2779
f 2726//2791 2714//2779 2705//2770
f 2714//2779 2726//2791 2721//2786
f 2708//2773 2706//2771 2682//2747
f 2727//2792 2708//2773 2692//2757
f 2716//2781 2728//2793 2701//2766
f 2729//2794 2716//2781 2723//2788
f 2723//2788 2718//2783 2730//2795
f 2731//2796 2723//2788 2730//2795
f 2718//2783 2731//2796 2730//2795
f 2732//2797 2718//2783 2710//2775
f 2641//2706 2639//2692 2601//2652
f 2711//2776 2699//2764 2672//2737
f 2724//2789 2699//2764 2711//2776
f 2686//2751 2719//2784 2720//2785
f 2733//2798 2711//2776 2703//2768
f 2733//2798 2703//2768 2725//2790
f 2734//2799 2721//2786 2726//2791
f 2705//2770 2720//2785 2726//2791
f 2735//2800 2667//2732 2707//2772
f 2727//2792 2692//2757 2701//2766
f 2735//2800 2707//2772 2706//2771
f 2728//2793 2716//2781 2729//2794
f 2736//2801 2723//2788 2731//2796
f 2736//2801 2729//2794 2723//2788
f 2737//2802 2731//2796 2718//2783
f 2737//2802 2718//2783 2732//2797
f 2738//2803 2601//2652 2700//2765
f 2738//2803 2641//2706 2601//2652
f 2739//2804 2721//2786 2734//2799
f 2722//2787 2721//2786 2739//2804
f 2740//2805 2734//2799 2726//2791
f 2740//2805 2726//2791 2720//2785
f 2728//2793 2727//2792 2701//2766
f 2741//2806 2735//2800 2706//2771
f 2741//2806 2706//2771 2708//2773
f 2742//2807 2728//2793 2729//2794
f 2743//2808 2736//2801 2731//2796
f 2744//2809 2743//2808 2731//2796
f 2744//2809 2731//2796 2737//2802
f 2745//2810 2732//2797 2746//2811
f 2745//2810 2737//2802 2732//2797
f 2746//2811 2732//2797 2710//2775
f 2747//2812 2700//2765 2724//2789
f 2748//2813 2720//2785 2719//2784
f 2749//2814 2687//2752 2713//2778
f 2750//2815 2712//2777 2687//2752
f 2749//2814 2750//2815 2687//2752
f 2750//2815 2719//2784 2712//2777
f 2751//2816 2691//2756 2667//2732
f 2752//2817 2742//2807 2729//2794
f 2752//2817 2729//2794 2736//2801
f 2753//2818 2744//2809 2737//2802
f 2745//2810 2753//2818 2737//2802
f 2754//2819 2745//2810 2746//2811
f 2642//2707 1446//2820 1240//2704
f 2755//2821 2642//2707 2641//2706
f 2755//2821 1446//2820 2642//2707
f 2756//2822 2755//2821 2641//2706
f 1452//2823 1446//2820 2755//2821
f 1458//2824 1452//2823 2755//2821
f 1458//2824 2755//2821 2756//2822
f 1459//2825 1458//2824 2756//2822
f 2757//2826 1459//2825 2756//2822
f 2757//2826 1472//2827 1470//2828
f 1470//2828 1459//2825 2757//2826
f 1473//2829 1472//2827 2757//2826
f 2758//2830 1473//2829 2757//2826
f 2758//2830 1482//2831 1473//2829
f 1481//2832 1482//2831 2758//2830
f 1490//2833 1481//2832 2758//2830
f 1490//2833 1491//2834 1481//2832
f 1495//2835 1490//2833 2758//2830
f 2759//2836 1495//2835 2758//2830
f 2759//2836 2758//2830 2760//2837
f 2761//2838 2747//2812 2724//2789
f 2762//2839 2739//2804 2734//2799
f 2762//2839 2722//2787 2739//2804
f 2763//2840 2734//2799 2740//2805
f 2763//2840 2762//2839 2734//2799
f 2720//2785 2748//2813 2740//2805
f 2764//2841 2667//2732 2735//2800
f 2765//2842 2735//2800 2741//2806
f 2766//2843 2728//2793 2742//2807
f 2767//2844 2766//2843 2742//2807
f 2767//2844 2742//2807 2752//2817
f 2743//2808 2752//2817 2736//2801
f 2753//2818 2745//2810 2768//2845
f 2768//2845 2745//2810 2754//2819
f 2769//2846 2761//2838 2711//2776
f 2769//2846 2711//2776 2733//2798
f 2750//2815 2770//2847 2719//2784
f 2771//2848 2693//2758 2722//2787
f 2772//2849 2715//2780 2691//2756
f 2764//2841 2735//2800 2765//2842
f 2766//2843 2727//2792 2728//2793
f 2773//2850 2765//2842 2741//2806
f 2773//2850 2741//2806 2708//2773
f 2774//2851 2773//2850 2708//2773
f 2775//2852 2767//2844 2752//2817
f 2776//2853 2743//2808 2777//2854
f 2776//2853 2752//2817 2743//2808
f 2776//2853 2775//2852 2752//2817
f 2777//2854 2743//2808 2744//2809
f 2777//2854 2744//2809 2753//2818
f 2777//2854 2753//2818 2768//2845
f 2778//2855 2768//2845 2754//2819
f 2770//2847 2748//2813 2719//2784
f 2749//2814 2770//2847 2750//2815
f 2779//2856 2749//2814 2713//2778
f 2772//2849 2713//2778 2715//2780
f 2771//2848 2725//2790 2693//2758
f 2740//2805 2780//2857 2763//2840
f 2740//2805 2748//2813 2780//2857
f 2766//2843 2767//2844 2775//2852
f 2781//2858 2776//2853 2777//2854
f 2781//2858 2777//2854 2768//2845
f 2782//2859 2781//2858 2768//2845
f 2782//2859 2768//2845 2783//2860
f 2783//2860 2768//2845 2778//2855
f 2784//2861 2779//2856 2713//2778
f 2784//2861 2713//2778 2772//2849
f 2785//2862 2771//2848 2722//2787
f 2785//2862 2722//2787 2762//2839
f 2780//2857 2748//2813 2786//2863
f 2751//2816 2772//2849 2691//2756
f 2751//2816 2667//2732 2764//2841
f 2727//2792 2774//2851 2708//2773
f 2787//2864 2727//2792 2766//2843
f 2788//2865 2766//2843 2775//2852
f 2788//2865 2775//2852 2776//2853
f 2788//2865 2776//2853 2789//2866
f 2781//2858 2789//2866 2776//2853
f 2782//2859 2789//2866 2781//2858
f 2748//2813 2770//2847 2786//2863
f 2787//2864 2774//2851 2727//2792
f 2790//2867 2787//2864 2766//2843
f 2791//2868 2774//2851 2787//2864
f 2790//2867 2766//2843 2788//2865
f 2792//2869 2790//2867 2788//2865
f 2789//2866 2793//2870 2788//2865
f 2794//2871 2782//2859 2783//2860
f 2795//2872 2747//2812 2761//2838
f 2796//2873 2769//2846 2733//2798
f 2797//2874 2786//2863 2770//2847
f 2797//2874 2770//2847 2798//2875
f 2798//2875 2770//2847 2749//2814
f 2779//2856 2798//2875 2749//2814
f 2799//2876 2780//2857 2786//2863
f 2790//2867 2791//2868 2787//2864
f 2790//2867 2800//2877 2791//2868
f 2793//2870 2792//2869 2788//2865
f 2801//2878 2789//2866 2782//2859
f 2802//2879 2793//2870 2789//2866
f 2801//2878 2782//2859 2794//2871
f 2795//2872 2700//2765 2747//2812
f 2803//2880 2784//2861 2772//2849
f 2804//2881 2733//2798 2725//2790
f 2804//2881 2725//2790 2771//2848
f 2796//2873 2733//2798 2804//2881
f 2805//2882 2763//2840 2780//2857
f 2805//2882 2780//2857 2799//2876
f 2792//2869 2800//2877 2790//2867
f 2806//2883 2791//2868 2800//2877
f 2807//2884 2792//2869 2793//2870
f 2808//2885 2793//2870 2802//2879
f 2802//2879 2789//2866 2801//2878
f 2757//2826 2756//2822 2641//2706
f 2809//2886 2738//2803 2700//2765
f 2810//2887 2761//2838 2769//2846
f 2810//2887 2769//2846 2796//2873
f 2771//2848 2785//2862 2811//2888
f 2805//2882 2762//2839 2763//2840
f 2812//2889 2785//2862 2762//2839
f 2812//2889 2811//2888 2785//2862
f 2812//2889 2762//2839 2805//2882
f 2813//2890 2773//2850 2774//2851
f 2806//2883 2774//2851 2791//2868
f 2814//2891 2813//2890 2774//2851
f 2815//2892 2800//2877 2807//2884
f 2816//2893 2765//2842 2773//2850
f 2816//2893 2773//2850 2813//2890
f 2807//2884 2800//2877 2792//2869
f 2808//2885 2807//2884 2793//2870
f 2794//2871 2802//2879 2801//2878
f 2758//2830 2757//2826 2641//2706
f 2817//2894 2641//2706 2738//2803
f 2810//2887 2795//2872 2761//2838
f 2818//2895 2700//2765 2795//2872
f 2797//2874 2799//2876 2786//2863
f 2784//2861 2819//2896 2779//2856
f 2819//2896 2798//2875 2779//2856
f 2820//2897 2796//2873 2804//2881
f 2821//2898 2772//2849 2751//2816
f 2814//2891 2774//2851 2806//2883
f 2815//2892 2806//2883 2800//2877
f 2808//2885 2822//2899 2807//2884
f 2818//2895 2809//2886 2700//2765
f 2818//2895 2795//2872 2810//2887
f 2804//2881 2771//2848 2811//2888
f 2823//2900 2812//2889 2805//2882
f 2824//2901 2811//2888 2812//2889
f 2823//2900 2824//2901 2812//2889
f 2821//2898 2803//2880 2772//2849
f 2816//2893 2764//2841 2765//2842
f 2825//2902 2814//2891 2806//2883
f 2825//2902 2806//2883 2815//2892
f 2822//2899 2815//2892 2807//2884
f 2826//2903 2808//2885 2802//2879
f 2758//2830 2641//2706 2817//2894
f 2820//2897 2810//2887 2796//2873
f 2827//2904 2819//2896 2784//2861
f 2828//2905 2764//2841 2816//2893
f 2825//2902 2815//2892 2822//2899
f 2826//2903 2822//2899 2808//2885
f 2826//2903 2802//2879 2794//2871
f 2794//2871 2829//2906 2826//2903
f 2830//2907 2809//2886 2818//2895
f 2831//2908 2830//2907 2810//2887
f 2832//2909 2831//2908 2820//2897
f 2833//2910 2827//2904 2784//2861
f 2834//2911 2805//2882 2799//2876
f 2824//2901 2823//2900 2835//2912
f 2835//2912 2823//2900 2805//2882
f 2835//2912 2805//2882 2834//2911
f 2826//2903 2836//2913 2822//2899
f 2829//2906 2794//2871 2837//2914
f 2838//2915 2797//2874 2798//2875
f 2838//2915 2798//2875 2819//2896
f 2833//2910 2784//2861 2803//2880
f 2832//2909 2820//2897 2804//2881
f 2839//2916 2832//2909 2804//2881
f 2840//2917 2811//2888 2824//2901
f 2841//2918 2840//2917 2824//2901
f 2841//2918 2824//2901 2835//2912
f 2842//2919 2814//2891 2825//2902
f 2836//2913 2825//2902 2822//2899
f 2843//2920 2836//2913 2826//2903
f 2843//2920 2826//2903 2829//2906
f 2760//2837 2758//2830 2817//2894
f 2844//2921 2830//2907 2831//2908
f 2845//2922 2797//2874 2838//2915
f 2846//2923 2838//2915 2819//2896
f 2846//2923 2819//2896 2827//2904
f 2840//2917 2804//2881 2811//2888
f 2842//2919 2825//2902 2836//2913
f 2847//2924 2836//2913 2843//2920
f 2848//2925 2829//2906 2837//2914
f 2809//2886 2830//2907 2844//2921
f 2845//2922 2799//2876 2797//2874
f 2839//2916 2804//2881 2840//2917
f 2845//2922 2834//2911 2799//2876
f 2849//2926 2814//2891 2842//2919
f 2849//2926 2842//2919 2836//2913
f 2843//2920 2829//2906 2848//2925
f 2850//2927 2809//2886 2844//2921
f 2851//2928 2844//2921 2831//2908
f 2852//2929 2851//2928 2831//2908
f 2853//2930 2831//2908 2832//2909
f 2833//2910 2803//2880 2854//2931
f 2855//2932 2821//2898 2751//2816
f 2828//2905 2855//2932 2751//2816
f 2854//2931 2803//2880 2821//2898
f 2856//2933 2816//2893 2813//2890
f 2857//2934 2814//2891 2849//2926
f 2858//2935 2857//2934 2849//2926
f 2858//2935 2849//2926 2836//2913
f 2858//2935 2836//2913 2847//2924
f 1732//2936 1495//2835 2759//2836
f 1738//2937 1732//2936 2759//2836
f 1739//2938 1738//2937 2759//2836
f 1739//2938 2759//2836 2859//2939
f 2859//2939 2759//2836 2760//2837
f 2860//2940 1739//2938 2859//2939
f 2860//2940 2859//2939 2760//2837
f 2861//2941 2860//2940 2760//2837
f 1742//2942 1739//2938 2860//2940
f 2860//2940 1749//2943 1742//2942
f 1748//2944 1749//2943 2860//2940
f 2862//2945 1748//2944 2860//2940
f 1755//2946 1748//2944 2862//2945
f 2863//2947 2862//2945 2860//2940
f 2863//2947 2860//2940 2861//2941
f 1762//2948 1755//2946 2862//2945
f 1769//2949 1762//2948 2862//2945
f 1769//2949 2862//2945 2863//2947
f 2863//2947 1770//2950 1769//2949
f 2864//2951 2863//2947 2861//2941
f 2864//2951 1770//2950 2863//2947
f 2864//2951 2861//2941 2865//2952
f 2864//2951 1773//2953 1770//2950
f 2864//2951 1780//2954 1773//2953
f 1781//2955 1779//2956 1780//2954
f 1781//2955 1780//2954 2864//2951
f 2866//2957 1781//2955 2864//2951
f 2851//2928 2850//2927 2844//2921
f 2850//2927 2817//2894 2738//2803
f 2850//2927 2738//2803 2809//2886
f 2867//2958 2852//2929 2831//2908
f 2867//2958 2831//2908 2853//2930
f 2868//2959 2838//2915 2846//2923
f 2853//2930 2832//2909 2839//2916
f 2869//2960 2839//2916 2840//2917
f 2834//2911 2841//2918 2835//2912
f 2834//2911 2845//2922 2870//2961
f 2856//2933 2828//2905 2816//2893
f 2856//2933 2813//2890 2814//2891
f 2871//2962 2856//2933 2814//2891
f 2871//2962 2814//2891 2857//2934
f 2828//2905 2856//2933 2872//2963
f 2873//2964 2858//2935 2847//2924
f 2874//2965 2847//2924 2843//2920
f 2873//2964 2847//2924 2874//2965
f 2874//2965 2843//2920 2848//2925
f 2875//2966 2848//2925 2837//2914
f 2876//2967 2851//2928 2852//2929
f 2870//2961 2845//2922 2838//2915
f 2877//2968 2846//2923 2827//2904
f 2878//2969 2869//2960 2840//2917
f 2869//2960 2853//2930 2839//2916
f 2854//2931 2821//2898 2855//2932
f 2879//2970 2854//2931 2855//2932
f 2880//2971 2828//2905 2872//2963
f 2881//2972 2857//2934 2858//2935
f 2882//2973 2872//2963 2856//2933
f 2881//2972 2858//2935 2873//2964
f 2883//2974 2873//2964 2874//2965
f 2875//2966 2874//2965 2848//2925
f 2884//2975 2874//2965 2875//2966
f 2868//2959 2870//2961 2838//2915
f 2833//2910 2877//2968 2827//2904
f 2885//2976 2841//2918 2834//2911
f 2880//2971 2855//2932 2828//2905
f 2886//2977 2871//2962 2857//2934
f 2882//2973 2856//2933 2871//2962
f 2886//2977 2857//2934 2881//2972
f 2887//2978 2881//2972 2873//2964
f 2883//2974 2887//2978 2873//2964
f 2883//2974 2874//2965 2884//2975
f 2888//2979 2851//2928 2876//2967
f 2888//2979 2850//2927 2851//2928
f 2889//2980 2867//2958 2853//2930
f 2890//2981 2870//2961 2868//2959
f 2891//2982 2890//2981 2868//2959
f 2892//2983 2846//2923 2877//2968
f 2893//2984 2878//2969 2840//2917
f 2893//2984 2840//2917 2841//2918
f 2894//2985 2834//2911 2870//2961
f 2890//2981 2894//2985 2870//2961
f 2895//2986 2855//2932 2880//2971
f 2896//2987 2880//2971 2872//2963
f 2897//2988 2886//2977 2881//2972
f 2896//2987 2872//2963 2882//2973
f 2887//2978 2897//2988 2881//2972
f 2883//2974 2898//2989 2887//2978
f 2899//2990 2884//2975 2875//2966
f 2900//2991 2899//2990 2875//2966
f 2901//2992 2817//2894 2850//2927
f 2902//2993 2868//2959 2846//2923
f 2892//2983 2902//2993 2846//2923
f 2879//2970 2833//2910 2854//2931
f 2889//2980 2853//2930 2869//2960
f 2903//2994 2878//2969 2893//2984
f 2834//2911 2894//2985 2885//2976
f 2893//2984 2841//2918 2885//2976
f 2895//2986 2880//2971 2896//2987
f 2904//2995 2886//2977 2897//2988
f 2898//2989 2897//2988 2887//2978
f 2905//2996 2883//2974 2884//2975
f 2905//2996 2898//2989 2883//2974
f 2899//2990 2905//2996 2884//2975
f 2900//2991 2905//2996 2899//2990
f 2817//2894 2861//2941 2760//2837
f 2902//2993 2891//2982 2868//2959
f 2906//2997 2892//2983 2877//2968
f 2879//2970 2906//2997 2833//2910
f 2906//2997 2877//2968 2833//2910
f 2869//2960 2878//2969 2903//2994
f 2904//2995 2871//2962 2886//2977
f 2907//2998 2882//2973 2871//2962
f 2907//2998 2871//2962 2904//2995
f 2908//2999 2904//2995 2897//2988
f 2908//2999 2897//2988 2898//2989
f 2909//3000 2898//2989 2905//2996
f 2910//3001 2905//2996 2900//2991
f 2852//2929 2911//3002 2876//2967
f 2912//3003 2903//2994 2893//2984
f 2912//3003 2893//2984 2885//2976
f 2913//3004 2882//2973 2907//2998
f 2913//3004 2907//2998 2904//2995
f 2914//3005 2913//3004 2904//2995
f 2914//3005 2904//2995 2908//2999
f 2915//3006 2908//2999 2898//2989
f 2915//3006 2898//2989 2909//3000
f 2910//3001 2909//3000 2905//2996
f 2916//3007 2910//3001 2900//2991
f 2911//3002 2888//2979 2876//2967
f 2917//3008 2889//2980 2869//2960
f 2917//3008 2869//2960 2903//2994
f 2894//2985 2918//3009 2885//2976
f 2912//3003 2885//2976 2918//3009
f 2919//3010 2879//2970 2855//2932
f 2915//3006 2914//3005 2908//2999
f 2920//3011 2909//3000 2910//3001
f 2920//3011 2910//3001 2921//3012
f 2921//3012 2910//3001 2916//3007
f 2922//3013 2850//2927 2888//2979
f 2901//2992 2861//2941 2817//2894
f 2890//2981 2891//2982 2923//3014
f 2924//3015 2895//2986 2896//2987
f 2915//3006 2925//3016 2914//3005
f 2925//3016 2913//3004 2914//3005
f 2926//3017 2915//3006 2909//3000
f 2926//3017 2927//3018 2915//3006
f 2926//3017 2909//3000 2928//3019
f 2920//3011 2928//3019 2909//3000
f 2929//3020 2921//3012 2916//3007
f 2922//3013 2888//2979 2911//3002
f 2930//3021 2852//2929 2867//2958
f 2930//3021 2867//2958 2889//2980
f 2902//2993 2923//3014 2891//2982
f 2931//3022 2917//3008 2903//2994
f 2931//3022 2932//3023 2917//3008
f 2931//3022 2903//2994 2912//3003
f 2933//3024 2913//3004 2925//3016
f 2934//3025 2882//2973 2913//3004
f 2927//3018 2925//3016 2915//3006
f 2927//3018 2933//3024 2925//3016
f 2935//3026 2928//3019 2920//3011
f 2936//3027 2920//3011 2921//3012
f 2920//3011 2936//3027 2937//3028
f 2936//3027 2921//3012 2929//3020
f 2938//3029 2930//3021 2889//2980
f 2930//3021 2911//3002 2852//2929
f 2939//3030 2890//2981 2923//3014
f 2932//3023 2889//2980 2917//3008
f 2938//3029 2889//2980 2932//3023
f 2918//3009 2940//3031 2931//3022
f 2918//3009 2931//3022 2912//3003
f 2894//2985 2890//2981 2941//3032
f 2926//3017 2942//3033 2927//3018
f 2942//3033 2933//3024 2927//3018
f 2943//3034 2942//3033 2926//3017
f 2937//3028 2935//3026 2920//3011
f 2944//3035 2901//2992 2850//2927
f 2941//3032 2890//2981 2939//3030
f 2945//3036 2892//2983 2906//2997
f 2946//3037 2932//3023 2931//3022
f 2940//3031 2946//3037 2931//3022
f 2894//2985 2947//3038 2918//3009
f 2919//3010 2855//2932 2895//2986
f 2924//3015 2919//3010 2895//2986
f 2934//3025 2896//2987 2882//2973
f 2943//3034 2926//3017 2928//3019
f 2948//3039 2928//3019 2935//3026
f 2949//3040 2935//3026 2937//3028
f 2936//3027 2949//3040 2937//3028
f 2950//3041 2949//3040 2936//3027
f 2922//3013 2944//3035 2850//2927
f 2951//3042 2901//2992 2944//3035
f 2952//3043 2923//3014 2902//2993
f 2952//3043 2902//2993 2892//2983
f 2952//3043 2892//2983 2945//3036
f 2945//3036 2906//2997 2879//2970
f 2947//3038 2940//3031 2918//3009
f 2953//3044 2913//3004 2933//3024
f 2953//3044 2933//3024 2942//3033
f 2954//3045 2953//3044 2942//3033
f 2954//3045 2942//3033 2943//3034
f 2955//3046 2948//3039 2935//3026
f 2955//3046 2935//3026 2949//3040
f 2951//3042 2861//2941 2901//2992
f 2865//2952 2861//2941 2951//3042
f 2956//3047 2922//3013 2911//3002
f 2956//3047 2911//3002 2930//3021
f 2957//3048 2945//3036 2879//2970
f 2958//3049 2932//3023 2946//3037
f 2957//3048 2879//2970 2919//3010
f 2959//3050 2924//3015 2896//2987
f 2960//3051 2959//3050 2896//2987
f 2960//3051 2896//2987 2934//3025
f 2961//3052 2953//3044 2954//3045
f 2948//3039 2943//3034 2928//3019
f 2955//3046 2949//3040 2950//3041
f 2962//3053 2956//3047 2930//3021
f 2958//3049 2963//3054 2932//3023
f 2964//3055 2923//3014 2952//3043
f 2964//3055 2939//3030 2923//3014
f 2965//3056 2946//3037 2940//3031
f 2947//3038 2894//2985 2941//3032
f 2966//3057 2965//3056 2940//3031
f 2966//3057 2940//3031 2947//3038
f 2959//3050 2919//3010 2924//3015
f 2934//3025 2913//3004 2953//3044
f 2943//3034 2961//3052 2954//3045
f 2967//3058 2961//3052 2943//3034
f 2967//3058 2943//3034 2948//3039
f 2968//3059 2969//3060 2948//3039
f 2968//3059 2948//3039 2955//3046
f 2968//3059 2955//3046 2970//3061
f 2971//3062 2922//3013 2956//3047
f 2963//3054 2962//3053 2930//3021
f 2963//3054 2930//3021 2938//3029
f 2972//3063 2964//3055 2952//3043
f 2972//3063 2952//3043 2945//3036
f 2973//3064 2972//3063 2945//3036
f 2974//3065 2973//3064 2945//3036
f 2974//3065 2945//3036 2957//3048
f 2975//3066 2976//3067 2953//3044
f 2975//3066 2953//3044 2961//3052
f 2975//3066 2961//3052 2967//3058
f 2967//3058 2948//3039 2969//3060
f 2977//3068 2969//3060 2968//3059
f 2977//3068 2968//3059 2970//3061
f 2978//3069 2977//3068 2970//3061
f 2950//3041 2970//3061 2955//3046
f 2866//2957 2864//2951 2865//2952
f 1855//3070 1781//2955 2866//2957
f 2979//3071 2866//2957 2865//2952
f 2979//3071 1855//3070 2866//2957
f 2979//3071 1858//3072 1855//3070
f 1863//3073 1864//3074 1858//3072
f 1863//3073 1858//3072 2979//3071
f 2980//2290 1863//3073 2979//3071
f 2980//2290 2979//3071 2865//2952
f 2980//2290 1867//3075 1863//3073
f 2971//3062 2944//3035 2922//3013
f 2981//2303 2956//3047 2962//3053
f 2982//3076 2963//3054 2958//3049
f 2982//3076 2962//3053 2963//3054
f 2983//3077 2964//3055 2972//3063
f 2965//3056 2958//3049 2946//3037
f 2941//3032 2984//3078 2947//3038
f 2985//3079 2957//3048 2919//3010
f 2986//3080 2967//3058 2969//3060
f 2987//3081 2969//3060 2977//3068
f 2987//3081 2977//3068 2978//3069
f 2988//3082 2970//3061 2950//3041
f 2989//2300 2951//3042 2944//3035
f 2990//3083 2971//3062 2956//3047
f 2990//3083 2956//3047 2981//2303
f 2991//3084 2941//3032 2939//3030
f 2964//3055 2991//3084 2939//3030
f 2992//3085 2974//3065 2957//3048
f 2985//3079 2992//3085 2957//3048
f 2993//3086 2976//3067 2975//3066
f 2994//3087 2975//3066 2967//3058
f 2986//3080 2994//3087 2967//3058
f 2986//3080 2969//3060 2987//3081
f 2995//3088 2986//3080 2987//3081
f 2996//2323 2944//3035 2971//3062
f 2991//3084 2984//3078 2941//3032
f 2997//3089 2919//3010 2959//3050
f 2985//3079 2919//3010 2997//3089
f 2997//3089 2959//3050 2960//3051
f 2997//3089 2960//3051 2998//3090
f 2998//3090 2960//3051 2934//3025
f 2993//3086 2999//3091 2976//3067
f 2994//3087 2993//3086 2975//3066
f 2995//3088 2994//3087 2986//3080
f 2987//3081 2978//3069 3000//3092
f 3001//3093 2995//3088 2987//3081
f 2978//3069 2970//3061 2988//3082
f 2988//3082 3000//3092 2978//3069
f 2990//3083 2996//2323 2971//3062
f 3002//3094 2972//3063 2973//3064
f 3002//3094 2983//3077 2972//3063
f 3003//2311 2958//3049 2965//3056
f 3004//2313 2982//3076 2958//3049
f 3003//2311 2965//3056 3005//3095
f 2984//3078 2966//3057 2947//3038
f 3006//3096 2998//3090 2934//3025
f 2993//3086 3007//3097 2999//3091
f 3007//3097 2993//3086 2994//3087
f 3007//3097 2994//3087 3008//3098
f 2995//3088 3008//3098 2994//3087
f 3000//3092 3001//3093 2987//3081
f 3009//2299 2951//3042 2989//2300
f 2865//2952 2951//3042 3009//2299
f 3010//2301 2981//2303 2962//3053
f 3010//2301 2962//3053 2982//3076
f 3010//2301 2982//3076 3004//2313
f 2983//3077 2991//3084 2964//3055
f 3005//3095 2965//3056 2966//3057
f 3011//2326 3005//3095 2966//3057
f 3011//2326 2966//3057 2984//3078
f 3012//3099 2999//3091 3007//3097
f 3013//3100 3008//3098 2995//3088
f 3001//3093 3013//3100 2995//3088
f 3000//3092 3014//3101 3001//3093
f 3015//2333 3000//3092 2988//3082
f 3014//3101 3000//3092 3015//2333
f 3016//2306 2984//3078 2991//3084
f 3017//2309 3002//3094 2973//3064
f 3018//2304 2983//3077 3002//3094
f 3004//2313 2958//3049 3003//2311
f 3019//2330 2997//3089 2998//3090
f 3016//2306 2991//3084 2983//3077
f 3020//2310 2974//3065 2992//3085
f 3020//2310 2973//3064 2974//3065
f 3021//2328 2992//3085 2985//3079
f 3019//2330 2985//3079 2997//3089
f 3022//2316 2998//3090 3006//3096
f 3023//2320 3012//3099 3007//3097
f 3023//2320 3007//3097 3008//3098
f 3013//3100 3023//2320 3008//3098
f 3013//3100 3001//3093 3014//3101
f 3014//3101 3024//2321 3013//3100
f 3009//2299 2980//2290 2865//2952
f 2996//2323 2989//2300 2944//3035
f 2996//2323 2990//3083 2981//2303
f 3018//2304 3016//2306 2983//3077
f 3017//2309 3018//2304 3002//3094
f 3020//2310 3017//2309 2973//3064
f 3011//2326 3003//2311 3005//3095
f 3016//2306 3011//2326 2984//3078
f 3021//2328 3020//2310 2992//3085
f 3019//2330 3021//2328 2985//3079
f 3022//2316 3019//2330 2998//3090
f 3022//2316 3006//3096 3025//2317
f 3023//2320 3025//2317 3012//3099
f 3024//2321 3023//2320 3013//3100
f 3015//2333 3024//2321 3014//3101
f 2963//3054 2938//3029 2932//3023
f 2828//2905 2751//2816 2764//2841
f 2831//2908 2810//2887 2820//2897
f 2830//2907 2818//2895 2810//2887
f 2761//2838 2724//2789 2711//2776
f 2668//2733 2656//2721 2655//2720
f 2655//2720 2620//2671 2603//2654
f 2571//2622 2558//2609 2552//2603
f 2505//2542 2478//2515 2479//2516
f 2296//2302 2317//2323 2297//2303
f 2311//2317 2314//2320 2312//2318
f 1885//3102 1867//3075 2980//2290
f 1885//3102 1884//3103 1867//3075
f 2291//2290 2293//2299 144//2291
f 136//3104 2291//2290 139//2289
f 136//3104 1898//3102 2291//2290
f 2355//2361 2344//2350 2328//2334
f 2355//2361 2363//2388 2344//2350
f 3006//3096 2976//3067 2999//3091
f 3006//3096 2934//3025 2976//3067
f 2934//3025 2953//3044 2976//3067
f 3006//3096 2999//3091 3012//3099
f 3006//3096 3012//3099 3025//2317
f 3026//3105 3027//3106 3028//3107
f 3028//3107 3029//3108 3026//3105
f 3030//3109 3031//3110 3032//3111
f 3033//3112 3032//3111 3027//3106
f 1918//1879 3034//3113 3035//3114
f 3035//3114 3036//3115 3037//3116
f 3034//3113 3038//3117 3036//3115
f 3036//3115 3039//3118 3028//3107
f 3040//3119 3030//3109 3033//3112
f 3041//3120 3033//3112 3026//3105
f 3041//3120 3026//3105 3042//3121
f 3040//3119 3033//3112 3041//3120
f 3039//3118 3029//3108 3028//3107
f 3038//3117 3039//3118 3036//3115
f 3036//3115 3028//3107 3037//3116
f 3034//3113 3036//3115 3035//3114
f 3033//3112 3027//3106 3026//3105
f 3030//3109 3032//3111 3033//3112
f 3029//3108 3042//3121 3026//3105
f 3027//3106 3037//3116 3028//3107
f 3043//3122 3044//3123 3045//3124
f 3046//3125 3047//3126 3048//3127
f 3046//3125 3049//3128 3047//3126
f 3043//3122 3050//3129 3051//3130
f 3043//3122 3052//3131 3050//3129
f 3031//3110 3053//3132 3054//3133
f 3055//3134 3049//3128 3046//3125
f 3055//3134 3045//3124 3049//3128
f 3056//3135 3054//3133 3057//3136
f 3056//3135 3058//3137 3054//3133
f 3057//3136 3054//3133 3053//3132
f 3053//3132 3059//3138 3060//3139
f 3045//3124 3061//3140 3043//3122
f 3062//3141 3050//3129 3052//3131
f 3061//3140 3045//3124 3063//3142
f 3064//3143 3052//3131 3043//3122
f 3063//3142 3045//3124 3055//3134
f 3065//3144 3058//3137 3056//3135
f 3058//3137 3066//3145 3067//3146
f 3058//3137 3065//3144 3066//3145
f 3068//3147 3069//3148 3060//3139
f 3068//3147 3070//3149 3069//3148
f 3071//3150 3059//3138 3072//3151
f 3071//3150 3060//3139 3059//3138
f 3073//3152 3074//3153 3075//3154
f 3071//3150 3068//3147 3060//3139
f 3064//3143 3075//3154 3076//3155
f 3076//3155 3052//3131 3064//3143
f 3071//3150 3077//3156 3068//3147
f 3072//3151 3077//3156 3071//3150
f 3072//3151 3078//3157 3077//3156
f 3075//3154 3079//3158 3076//3155
f 3074//3153 3079//3158 3075//3154
f 3078//3157 3080//3159 3077//3156
f 3081//3160 3079//3158 3074//3153
f 3068//3147 3077//3156 3082//3161
f 3070//3149 3068//3147 3083//3162
f 3068//3147 3082//3161 3083//3162
f 3077//3156 3080//3159 3084//3163
f 3085//3164 3082//3161 3077//3156
f 3082//3161 3085//3164 3086//3165
f 3084//3163 3085//3164 3077//3156
f 3079//3158 3087//3166 3076//3155
f 3088//3167 3079//3158 3081//3160
f 3086//3165 3083//3162 3082//3161
f 3089//3168 3062//3141 3052//3131
f 3089//3168 3052//3131 3076//3155
f 3087//3166 3079//3158 3088//3167
f 3085//3164 3090//3169 3086//3165
f 3090//3169 3091//3170 3086//3165
f 3086//3165 3091//3170 3092//3171
f 3093//3172 3085//3164 3084//3163
f 3090//3169 3085//3164 3093//3172
f 3086//3165 3092//3171 3083//3162
f 3094//3173 3091//3170 3090//3169
f 3095//3174 3089//3168 3076//3155
f 3095//3174 3076//3155 3087//3166
f 3083//3162 3092//3171 3096//3175
f 3097//3176 3091//3170 3094//3173
f 3098//3177 3087//3166 3088//3167
f 3099//3178 3087//3166 3098//3177
f 3087//3166 3099//3178 3095//3174
f 3088//3167 3100//3179 3098//3177
f 3088//3167 3101//3180 3100//3179
f 3102//3181 3091//3170 3103//3182
f 3091//3170 3102//3181 3092//3171
f 3103//3182 3091//3170 3097//3176
f 3104//3183 3105//3184 3103//3182
f 3096//3175 3092//3171 3106//3185
f 3100//3179 3107//3186 3098//3177
f 3108//3187 3089//3168 3095//3174
f 3109//3188 3062//3141 3089//3168
f 3110//3189 3089//3168 3108//3187
f 3095//3174 3099//3178 3108//3187
f 3108//3187 3111//3190 3110//3189
f 3108//3187 3112//3191 3111//3190
f 3092//3171 3102//3181 3106//3185
f 3113//3192 3103//3182 3114//3193
f 3112//3191 3108//3187 3099//3178
f 3102//3181 3115//3194 3106//3185
f 3116//3195 3099//3178 3098//3177
f 3117//3196 3116//3195 3098//3177
f 3098//3177 3118//3197 3117//3196
f 3098//3177 3107//3186 3118//3197
f 3119//3198 3117//3196 3118//3197
f 3120//3199 3102//3181 3103//3182
f 3099//3178 3116//3195 3112//3191
f 3116//3195 3121//3200 3122//3201
f 3116//3195 3117//3196 3121//3200
f 3123//3202 3120//3199 3103//3182
f 3103//3182 3113//3192 3123//3202
f 3124//3203 3123//3202 3113//3192
f 3116//3195 3125//3204 3112//3191
f 3116//3195 3126//3205 3125//3204
f 3127//3206 3111//3190 3112//3191
f 3127//3206 3125//3204 3128//3207
f 3127//3206 3112//3191 3125//3204
f 3121//3200 3119//3198 3129//3208
f 3121//3200 3117//3196 3119//3198
f 3126//3205 3116//3195 3122//3201
f 3102//3181 3120//3199 3115//3194
f 3130//3209 3131//3210 3123//3202
f 3131//3210 3132//3211 3133//3212
f 3131//3210 3130//3209 3132//3211
f 3134//3213 3135//3214 3136//3215
f 3137//3216 3138//3217 3139//3218
f 3137//3216 3140//3219 3138//3217
f 3139//3218 3138//3217 3141//3220
f 3142//3221 3130//3209 3123//3202
f 3143//3222 3142//3221 3123//3202
f 3123//3202 3144//3223 3143//3222
f 3124//3203 3144//3223 3123//3202
f 3145//3224 3130//3209 3142//3221
f 3132//3211 3130//3209 3145//3224
f 3140//3219 3146//3225 3138//3217
f 3145//3224 3142//3221 3147//3226
f 3144//3223 3148//3227 3143//3222
f 3149//3228 3150//3229 3151//3230
f 3152//3231 3142//3221 3143//3222
f 3151//3230 3150//3229 3134//3213
f 3153//3232 3146//3225 3154//3233
f 3153//3232 3138//3217 3146//3225
f 3148//3227 3155//3234 3143//3222
f 3153//3232 3149//3228 3138//3217
f 3153//3232 3150//3229 3149//3228
f 3142//3221 3152//3231 3147//3226
f 3156//3235 3147//3226 3152//3231
f 3157//3236 3152//3231 3143//3222
f 3155//3234 3158//3237 3143//3222
f 3154//3233 3159//3238 3153//3232
f 3160//3239 3150//3229 3153//3232
f 3159//3238 3160//3239 3153//3232
f 3159//3238 3161//3240 3160//3239
f 3152//3231 3162//3241 3156//3235
f 3143//3222 3158//3237 3157//3236
f 3163//3242 3164//3243 3135//3214
f 3134//3213 3150//3229 3163//3242
f 3163//3242 3135//3214 3134//3213
f 3163//3242 3165//3244 3164//3243
f 3161//3240 3166//3245 3160//3239
f 3167//3246 3150//3229 3160//3239
f 3168//3247 3169//3248 3152//3231
f 3170//3249 3164//3243 3165//3244
f 3152//3231 3169//3248 3162//3241
f 3171//3250 3167//3246 3160//3239
f 3160//3239 3172//3251 3171//3250
f 3160//3239 3166//3245 3172//3251
f 3168//3247 3152//3231 3157//3236
f 3150//3229 3167//3246 3165//3244
f 3173//3252 3171//3250 3172//3251
f 3174//3253 3168//3247 3157//3236
f 3175//3254 3157//3236 3158//3237
f 3168//3247 3174//3253 3176//3255
f 3176//3255 3175//3254 3177//3256
f 3169//3248 3178//3257 3179//3258
f 3169//3248 3168//3247 3178//3257
f 3180//3259 3171//3250 3173//3252
f 3180//3259 3181//3260 3171//3250
f 3182//3261 3165//3244 3167//3246
f 3182//3261 3183//3262 3165//3244
f 3181//3260 3167//3246 3171//3250
f 3181//3260 3182//3261 3167//3246
f 3176//3255 3184//3263 3168//3247
f 3168//3247 3184//3263 3185//3264
f 3186//3265 3168//3247 3185//3264
f 3187//3266 3184//3263 3176//3255
f 3187//3266 3176//3255 3177//3256
f 3188//3267 3184//3263 3187//3266
f 3178//3257 3168//3247 3186//3265
f 3188//3267 3185//3264 3184//3263
f 3189//3268 3185//3264 3188//3267
f 3189//3268 3188//3267 3187//3266
f 3190//3269 3189//3268 3187//3266
f 3191//3270 3165//3244 3183//3262
f 3192//3271 3193//3272 3194//3273
f 3195//3274 3196//3275 3197//3276
f 3195//3274 3189//3268 3196//3275
f 3189//3268 3198//3277 3196//3275
f 3189//3268 3190//3269 3199//3278
f 3199//3278 3198//3277 3189//3268
f 3200//3279 3194//3273 3201//3280
f 3200//3279 3192//3271 3194//3273
f 3202//3281 3197//3276 3203//3282
f 3198//3277 3204//3283 3196//3275
f 3205//3284 3198//3277 3199//3278
f 3197//3276 3196//3275 3203//3282
f 3206//3285 3207//3286 3208//3287
f 3209//3288 3192//3271 3200//3279
f 3209//3288 3210//3289 3192//3271
f 3207//3286 3206//3285 3192//3271
f 3203//3282 3196//3275 3211//3290
f 3210//3289 3207//3286 3192//3271
f 3212//3291 3213//3292 3196//3275
f 3212//3291 3214//3293 3213//3292
f 3212//3291 3196//3275 3204//3283
f 3207//3286 3215//3294 3208//3287
f 3211//3290 3196//3275 3213//3292
f 3216//3295 3211//3290 3213//3292
f 3217//3296 3218//3297 3219//3298
f 3217//3296 3215//3294 3218//3297
f 3207//3286 3220//3299 3215//3294
f 3221//3300 3210//3289 3209//3288
f 3221//3300 3222//3301 3210//3289
f 3220//3299 3207//3286 3210//3289
f 3223//3302 3224//3303 3213//3292
f 3223//3302 3225//3304 3224//3303
f 3223//3302 3213//3292 3214//3293
f 3226//3305 3222//3301 3221//3300
f 3213//3292 3227//3306 3216//3295
f 3228//3307 3215//3294 3220//3299
f 3222//3301 3220//3299 3210//3289
f 3229//3308 3213//3292 3224//3303
f 3227//3306 3213//3292 3229//3308
f 3218//3297 3215//3294 3228//3307
f 3228//3307 3220//3299 3222//3301
f 3230//3309 3228//3307 3222//3301
f 3231//3310 3232//3311 3233//3312
f 3228//3307 3230//3309 3218//3297
f 3216//3295 3234//3313 3235//3314
f 3236//3315 3231//3310 3233//3312
f 3237//3316 3222//3301 3226//3305
f 3238//3317 3237//3316 3239//3318
f 3238//3317 3222//3301 3237//3316
f 3222//3301 3238//3317 3230//3309
f 3240//3319 3231//3310 3236//3315
f 3241//3320 3234//3313 3242//3321
f 3241//3320 3242//3321 3231//3310
f 3243//3322 3244//3323 3245//3324
f 3243//3322 3238//3317 3239//3318
f 3243//3322 3245//3324 3238//3317
f 3234//3313 3241//3320 3235//3314
f 3246//3325 3241//3320 3231//3310
f 3231//3310 3240//3319 3246//3325
f 3235//3314 3241//3320 3247//3326
f 3248//3327 3218//3297 3230//3309
f 3245//3324 3230//3309 3238//3317
f 3248//3327 3230//3309 3245//3324
f 3249//3328 3241//3320 3246//3325
f 3246//3325 3240//3319 3249//3328
f 3218//3297 3248//3327 3250//3329
f 3245//3324 3251//3330 3252//3331
f 3245//3324 3244//3323 3251//3330
f 3253//3332 3249//3328 3240//3319
f 3248//3327 3254//3333 3250//3329
f 3248//3327 3255//3334 3254//3333
f 3254//3333 3256//3335 3250//3329
f 3254//3333 3257//3336 3256//3335
f 3251//3330 3258//3337 3252//3331
f 3247//3326 3241//3320 3259//3338
f 3249//3328 3260//3339 3241//3320
f 3252//3331 3248//3327 3245//3324
f 3241//3320 3260//3339 3259//3338
f 3247//3326 3259//3338 3258//3337
f 3261//3340 3249//3328 3253//3332
f 3252//3331 3255//3334 3248//3327
f 3262//3341 3249//3328 3261//3340
f 3260//3339 3263//3342 3259//3338
f 3252//3331 3258//3337 3264//3343
f 3262//3341 3260//3339 3249//3328
f 3264//3343 3255//3334 3252//3331
f 3263//3342 3260//3339 3262//3341
f 3254//3333 3255//3334 3265//3344
f 3266//3345 3257//3336 3254//3333
f 3263//3342 3267//3346 3259//3338
f 3264//3343 3258//3337 3268//3347
f 3262//3341 3267//3346 3263//3342
f 3269//3348 3262//3341 3261//3340
f 3270//3349 3268//3347 3258//3337
f 3258//3337 3259//3338 3270//3349
f 3264//3343 3268//3347 3271//3350
f 3255//3334 3272//3351 3265//3344
f 3271//3350 3255//3334 3264//3343
f 3273//3352 3267//3346 3262//3341
f 3259//3338 3267//3346 3274//3353
f 3273//3352 3262//3341 3269//3348
f 3266//3345 3254//3333 3265//3344
f 3272//3351 3255//3334 3271//3350
f 3275//3354 3267//3346 3273//3352
f 3267//3346 3275//3354 3274//3353
f 3276//3355 3273//3352 3269//3348
f 3259//3338 3274//3353 3270//3349
f 3277//3356 3273//3352 3276//3355
f 3278//3357 3273//3352 3277//3356
f 3279//3358 3272//3351 3271//3350
f 3279//3358 3271//3350 3268//3347
f 3278//3357 3275//3354 3273//3352
f 3268//3347 3270//3349 3279//3358
f 3277//3356 3280//3359 3278//3357
f 3281//3360 3282//3361 3266//3345
f 3281//3360 3266//3345 3265//3344
f 3265//3344 3272//3351 3283//3362
f 3281//3360 3265//3344 3283//3362
f 3275//3354 3284//3363 3274//3353
f 3283//3362 3272//3351 3279//3358
f 3284//3363 3275//3354 3278//3357
f 3270//3349 3274//3353 3285//3364
f 3270//3349 3285//3364 3279//3358
f 3286//3365 3283//3362 3279//3358
f 3274//3353 3284//3363 3287//3366
f 3288//3367 3281//3360 3289//3368
f 3288//3367 3282//3361 3281//3360
f 3290//3369 3283//3362 3286//3365
f 3287//3366 3285//3364 3274//3353
f 3289//3368 3281//3360 3283//3362
f 3283//3362 3290//3369 3289//3368
f 3279//3358 3285//3364 3291//3370
f 3279//3358 3291//3370 3286//3365
f 3292//3371 3284//3363 3278//3357
f 3287//3366 3293//3372 3294//3373
f 3287//3366 3284//3363 3293//3372
f 3295//3374 3284//3363 3292//3371
f 3293//3372 3284//3363 3295//3374
f 3296//3375 3287//3366 3294//3373
f 3296//3375 3285//3364 3287//3366
f 3297//3376 3290//3369 3286//3365
f 3297//3376 3286//3365 3291//3370
f 3298//3377 3285//3364 3296//3375
f 3285//3364 3298//3377 3291//3370
f 3299//3378 3289//3368 3290//3369
f 3291//3370 3300//3379 3301//3380
f 3291//3370 3301//3380 3302//3381
f 3303//3382 3292//3371 3304//3383
f 3299//3378 3290//3369 3302//3381
f 3305//3384 3306//3385 3292//3371
f 3305//3384 3292//3371 3303//3382
f 3299//3378 3307//3386 3289//3368
f 3308//3387 3306//3385 3309//3388
f 3303//3382 3310//3389 3309//3388
f 3301//3380 3307//3386 3299//3378
f 3300//3379 3311//3390 3301//3380
f 3306//3385 3308//3387 3312//3391
f 3312//3391 3308//3387 3313//3392
f 3289//3368 3307//3386 3314//3393
f 3315//3394 3311//3390 3300//3379
f 3300//3379 3312//3391 3315//3394
f 3311//3390 3307//3386 3301//3380
f 3316//3395 3308//3387 3309//3388
f 3309//3388 3317//3396 3316//3395
f 3318//3397 3316//3395 3317//3396
f 3307//3386 3319//3398 3314//3393
f 3320//3399 3321//3400 3311//3390
f 3308//3387 3322//3401 3313//3392
f 3318//3397 3323//3402 3316//3395
f 3316//3395 3323//3402 3324//3403
f 3321//3400 3319//3398 3307//3386
f 3311//3390 3315//3394 3320//3399
f 3321//3400 3307//3386 3311//3390
f 3324//3403 3308//3387 3316//3395
f 3322//3401 3308//3387 3324//3403
f 3325//3404 3322//3401 3324//3403
f 3325//3404 3326//3405 3322//3401
f 3327//3406 3314//3393 3319//3398
f 3322//3401 3328//3407 3313//3392
f 3323//3402 3329//3408 3324//3403
f 3323//3402 3330//3409 3329//3408
f 3331//3410 3321//3400 3320//3399
f 3331//3410 3332//3411 3321//3400
f 3315//3394 3333//3412 3320//3399
f 3334//3413 3313//3392 3328//3407
f 3325//3404 3324//3403 3329//3408
f 3335//3414 3319//3398 3321//3400
f 3335//3414 3336//3415 3319//3398
f 3332//3411 3335//3414 3321//3400
f 3312//3391 3313//3392 3315//3394
f 3301//3380 3299//3378 3302//3381
f 3043//3122 3051//3130 3044//3123
f 3163//3242 3150//3229 3165//3244
f 3195//3274 3197//3276 3185//3264
f 3195//3274 3185//3264 3189//3268
f 3208//3287 3337//3416 3193//3272
f 3338//3417 3208//3287 3339//3418
f 3338//3417 3337//3416 3208//3287
f 3197//3276 3186//3265 3185//3264
f 3186//3265 3202//3281 3178//3257
f 3186//3265 3197//3276 3202//3281
f 3179//3258 3178//3257 3202//3281
f 3180//3259 3194//3273 3181//3260
f 3180//3259 3201//3280 3194//3273
f 3181//3260 3193//3272 3182//3261
f 3181//3260 3194//3273 3193//3272
f 3182//3261 3193//3272 3183//3262
f 3337//3416 3183//3262 3193//3272
f 3337//3416 3191//3270 3183//3262
f 3338//3417 3191//3270 3337//3416
f 3338//3417 3340//3419 3191//3270
f 3340//3419 3165//3244 3191//3270
f 3340//3419 3170//3249 3165//3244
f 3224//3303 3341//3420 3231//3310
f 3341//3420 3224//3303 3225//3304
f 3242//3321 3224//3303 3231//3310
f 3242//3321 3229//3308 3224//3303
f 3229//3308 3234//3313 3227//3306
f 3229//3308 3242//3321 3234//3313
f 3227//3306 3234//3313 3216//3295
f 3305//3384 3303//3382 3309//3388
f 3305//3384 3309//3388 3306//3385
f 3306//3385 3295//3374 3292//3371
f 3293//3372 3306//3385 3312//3391
f 3293//3372 3295//3374 3306//3385
f 3294//3373 3293//3372 3312//3391
f 3294//3373 3312//3391 3296//3375
f 3298//3377 3312//3391 3300//3379
f 3298//3377 3296//3375 3312//3391
f 3298//3377 3300//3379 3291//3370
f 3302//3381 3297//3376 3291//3370
f 3297//3376 3302//3381 3290//3369
f 3110//3189 3109//3188 3089//3168
f 3342//3421 3134//3213 3343//3422
f 3343//3422 3134//3213 3136//3215
f 3120//3199 3133//3212 3115//3194
f 3120//3199 3131//3210 3133//3212
f 3131//3210 3120//3199 3123//3202
f 3129//3208 3139//3218 3121//3200
f 3129//3208 3137//3216 3139//3218
f 3121//3200 3141//3220 3122//3201
f 3121//3200 3139//3218 3141//3220
f 3342//3421 3122//3201 3141//3220
f 3342//3421 3126//3205 3122//3201
f 3126//3205 3343//3422 3125//3204
f 3126//3205 3342//3421 3343//3422
f 3128//3207 3343//3422 3136//3215
f 3128//3207 3125//3204 3343//3422
f 3342//3421 3151//3230 3134//3213
f 3149//3228 3342//3421 3141//3220
f 3149//3228 3151//3230 3342//3421
f 3138//3217 3149//3228 3141//3220
f 3206//3285 3208//3287 3193//3272
f 3206//3285 3193//3272 3192//3271
f 3339//3418 3215//3294 3217//3296
f 3339//3418 3208//3287 3215//3294
f 3219//3298 3250//3329 3256//3335
f 3219//3298 3218//3297 3250//3329
f 3344//3423 3289//3368 3314//3393
f 3344//3423 3288//3367 3289//3368
f 3344//3423 3327//3406 3345//3424
f 3344//3423 3314//3393 3327//3406
f 3346//3425 3319//3398 3336//3415
f 3346//3425 3327//3406 3319//3398
f 3345//3424 3346//3425 3347//3426
f 3345//3424 3327//3406 3346//3425
f 3348//3110 3329//3408 3330//3409
f 3348//3110 3349//3427 3329//3408
f 3325//3404 3349//3427 3350//3137
f 3325//3404 3329//3408 3349//3427
f 3325//3404 3350//3137 3326//3405
f 3326//3405 3350//3137 3351//3428
f 3351//3428 3352//3146 3353//3429
f 3351//3428 3350//3137 3352//3146
f 3354//3128 3355//3430 3356//3126
f 3354//3128 3331//3410 3355//3430
f 3331//3410 3354//3128 3332//3411
f 3354//3128 3335//3414 3332//3411
f 3354//3128 3357//3124 3335//3414
f 3335//3414 3357//3124 3336//3415
f 3336//3415 3358//3123 3346//3425
f 3336//3415 3357//3124 3358//3123
f 3347//3426 3358//3123 3359//3130
f 3347//3426 3346//3425 3358//3123
f 3094//3173 3090//3169 3093//3172
f 3104//3183 3094//3173 3093//3172
f 3104//3183 3097//3176 3094//3173
f 3103//3182 3097//3176 3104//3183
f 3333//3412 3313//3392 3334//3413
f 3333//3412 3315//3394 3313//3392
f 3356//3126 3353//3429 3352//3146
f 3356//3126 3355//3430 3353//3429
f 3048//3127 3067//3146 3066//3145
f 3048//3127 3047//3126 3067//3146
f 3101//3180 3096//3175 3100//3179
f 3100//3179 3106//3185 3107//3186
f 3100//3179 3096//3175 3106//3185
f 3107//3186 3106//3185 3118//3197
f 3118//3197 3115//3194 3119//3198
f 3118//3197 3106//3185 3115//3194
f 3129//3208 3115//3194 3133//3212
f 3129//3208 3119//3198 3115//3194
f 3133//3212 3137//3216 3129//3208
f 3133//3212 3132//3211 3137//3216
f 3132//3211 3140//3219 3137//3216
f 3132//3211 3145//3224 3140//3219
f 3145//3224 3146//3225 3140//3219
f 3145//3224 3147//3226 3146//3225
f 3154//3233 3146//3225 3147//3226
f 3147//3226 3159//3238 3154//3233
f 3147//3226 3156//3235 3159//3238
f 3159//3238 3156//3235 3161//3240
f 3156//3235 3166//3245 3161//3240
f 3156//3235 3162//3241 3166//3245
f 3166//3245 3162//3241 3172//3251
f 3172//3251 3169//3248 3173//3252
f 3172//3251 3162//3241 3169//3248
f 3173//3252 3179//3258 3180//3259
f 3173//3252 3169//3248 3179//3258
f 3179//3258 3201//3280 3180//3259
f 3179//3258 3202//3281 3201//3280
f 3201//3280 3203//3282 3200//3279
f 3201//3280 3202//3281 3203//3282
f 3200//3279 3211//3290 3209//3288
f 3200//3279 3203//3282 3211//3290
f 3221//3300 3209//3288 3211//3290
f 3216//3295 3221//3300 3211//3290
f 3216//3295 3226//3305 3221//3300
f 3237//3316 3216//3295 3235//3314
f 3237//3316 3226//3305 3216//3295
f 3239//3318 3237//3316 3235//3314
f 3239//3318 3235//3314 3243//3322
f 3243//3322 3247//3326 3244//3323
f 3243//3322 3235//3314 3247//3326
f 3244//3323 3247//3326 3251//3330
f 3251//3330 3247//3326 3258//3337
f 3322//3401 3351//3428 3328//3407
f 3322//3401 3326//3405 3351//3428
f 3353//3429 3328//3407 3351//3428
f 3353//3429 3334//3413 3328//3407
f 3333//3412 3353//3429 3355//3430
f 3333//3412 3334//3413 3353//3429
f 3333//3412 3331//3410 3320//3399
f 3333//3412 3355//3430 3331//3410
f 3070//3149 3360//3431 3069//3148
f 3361//3432 3360//3431 3070//3149
f 3361//3432 3362//3433 3360//3431
f 3074//3153 3362//3433 3361//3432
f 3074//3153 3073//3152 3362//3433
f 3057//3136 3053//3132 3060//3139
f 3057//3136 3060//3139 3056//3135
f 3065//3144 3060//3139 3069//3148
f 3065//3144 3056//3135 3060//3139
f 3360//3431 3065//3144 3069//3148
f 3360//3431 3066//3145 3065//3144
f 3362//3433 3066//3145 3360//3431
f 3362//3433 3048//3127 3066//3145
f 3073//3152 3048//3127 3362//3433
f 3073//3152 3046//3125 3048//3127
f 3046//3125 3073//3152 3055//3134
f 3063//3142 3073//3152 3075//3154
f 3063//3142 3055//3134 3073//3152
f 3064//3143 3063//3142 3075//3154
f 3064//3143 3061//3140 3063//3142
f 3061//3140 3064//3143 3043//3122
f 3363//3434 3070//3149 3083//3162
f 3363//3434 3361//3432 3070//3149
f 3081//3160 3361//3432 3363//3434
f 3081//3160 3074//3153 3361//3432
f 3083//3162 3101//3180 3363//3434
f 3083//3162 3096//3175 3101//3180
f 3363//3434 3088//3167 3081//3160
f 3363//3434 3101//3180 3088//3167
f 3175//3254 3174//3253 3157//3236
f 3174//3253 3175//3254 3176//3255
f 3198//3277 3205//3284 3204//3283
f 3204//3283 3205//3284 3364//3435
f 3212//3291 3204//3283 3364//3435
f 3223//3302 3365//3436 3232//3311
f 3223//3302 3214//3293 3365//3436
f 3223//3302 3232//3311 3225//3304
f 3341//3420 3225//3304 3232//3311
f 3341//3420 3232//3311 3231//3310
f 3059//3138 3053//3132 3030//3437
f 3323//3402 3366//3438 3330//3409
f 3093//3172 3084//3163 3367//3439
f 3113//3192 3114//3193 3368//3440
f 3369//3441 3177//3256 3370//3442
f 3371//3443 3365//3436 3372//3444
f 3240//3319 3373//3445 3374//3446
f 3269//3348 3375//3447 3376//3448
f 3304//3383 3377//3449 3303//3382
f 3378//3450 3379//3451 3366//3438
f 3380//3452 3381//3453 3382//3454
f 3383//3455 3378//3450 3384//3456
f 3385//3457 3386//3458 3387//3459
f 3380//3452 3382//3454 3367//3439
f 3388//3460 3389//3461 3390//3462
f 3385//3457 3387//3459 3368//3440
f 3391//3463 3369//3441 3392//3464
f 3388//3460 3390//3462 3370//3442
f 3393//3465 3394//3466 3395//3467
f 3391//3463 3392//3464 3396//3468
f 3397//3469 3374//3446 3398//3470
f 3393//3465 3395//3467 3373//3445
f 3399//3471 3376//3448 3400//3472
f 3397//3469 3398//3470 3375//3447
f 3383//3455 3377//3449 3378//3450
f 3399//3471 3400//3472 3401//3473
f 3381//3453 3380//3452 3078//3157
f 3317//3396 3402//3474 3384//3456
f 3386//3458 3385//3457 3403//3475
f 3080//3159 3078//3157 3367//3439
f 3389//3461 3388//3460 3404//3476
f 3114//3193 3403//3475 3368//3440
f 3369//3441 3391//3463 3405//3477
f 3155//3234 3404//3476 3370//3442
f 3394//3466 3393//3465 3406//3478
f 3199//3278 3405//3477 3396//3468
f 3236//3315 3406//3478 3373//3445
f 3374//3446 3397//3469 3407//3479
f 3261//3340 3407//3479 3375//3447
f 3376//3448 3399//3471 3408//3480
f 3277//3356 3408//3480 3401//3473
f 3377//3449 3383//3455 3402//3474
f 3381//3453 3072//3151 3059//3138
f 3031//3110 3030//3437 3053//3132
f 3105//3184 3104//3183 3386//3458
f 3386//3458 3104//3183 3093//3172
f 3080//3159 3367//3439 3084//3163
f 3389//3461 3144//3223 3409//3481
f 3409//3481 3124//3203 3113//3192
f 3403//3475 3103//3182 3105//3184
f 3114//3193 3103//3182 3403//3475
f 3402//3474 3309//3388 3310//3389
f 3317//3396 3309//3388 3402//3474
f 3317//3396 3384//3456 3318//3397
f 3318//3397 3384//3456 3366//3438
f 3348//3110 3330//3409 3366//3438
f 3394//3466 3233//3312 3232//3311
f 3410//3482 3232//3311 3371//3443
f 3199//3278 3396//3468 3205//3284
f 3205//3284 3411//3444 3364//3435
f 3190//3269 3405//3477 3199//3278
f 3233//3312 3406//3478 3236//3315
f 3190//3269 3187//3266 3369//3441
f 3187//3266 3177//3256 3369//3441
f 3155//3234 3370//3442 3158//3237
f 3158//3237 3370//3442 3175//3254
f 3148//3227 3144//3223 3389//3461
f 3404//3476 3155//3234 3148//3227
f 3365//3436 3212//3291 3364//3435
f 3214//3293 3212//3291 3365//3436
f 3277//3356 3401//3473 3280//3359
f 3280//3359 3401//3473 3304//3383
f 3310//3389 3303//3382 3377//3449
f 3261//3340 3375//3447 3269//3348
f 3292//3371 3278//3357 3280//3359
f 3304//3383 3292//3371 3280//3359
f 3408//3480 3277//3356 3276//3355
f 3236//3315 3373//3445 3240//3319
f 3407//3479 3261//3340 3253//3332
f 3381//3453 3030//3437 3382//3454
f 3040//3483 3382//3454 3030//3437
f 3384//3456 3378//3450 3366//3438
f 3386//3458 3367//3439 3387//3459
f 3367//3439 3382//3454 3387//3459
f 3389//3461 3409//3481 3390//3462
f 3409//3481 3368//3440 3390//3462
f 3368//3440 3387//3459 3390//3462
f 3369//3441 3370//3442 3392//3464
f 3370//3442 3390//3462 3392//3464
f 3394//3466 3410//3482 3395//3467
f 3410//3482 3371//3443 3395//3467
f 3371//3443 3372//3444 3395//3467
f 3372//3444 3411//3444 3395//3467
f 3411//3444 3396//3468 3395//3467
f 3396//3468 3392//3464 3395//3467
f 3374//3446 3373//3445 3398//3470
f 3395//3467 3398//3470 3373//3445
f 3376//3448 3375//3447 3400//3472
f 3398//3470 3400//3472 3375//3447
f 3377//3449 3401//3473 3378//3450
f 3400//3472 3378//3450 3401//3473
f 3401//3473 3377//3449 3304//3383
f 3411//3444 3372//3444 3364//3435
f 3396//3468 3411//3444 3205//3284
f 3232//3311 3365//3436 3371//3443
f 3394//3466 3232//3311 3410//3482
f 3318//3397 3366//3438 3323//3402
f 3409//3481 3113//3192 3368//3440
f 3144//3223 3124//3203 3409//3481
f 3386//3458 3093//3172 3367//3439
f 3381//3453 3059//3138 3030//3437
f 3377//3449 3402//3474 3310//3389
f 3408//3480 3399//3471 3401//3473
f 3376//3448 3408//3480 3276//3355
f 3407//3479 3397//3469 3375//3447
f 3374//3446 3407//3479 3253//3332
f 3406//3478 3393//3465 3373//3445
f 3405//3477 3391//3463 3396//3468
f 3394//3466 3406//3478 3233//3312
f 3404//3476 3388//3460 3370//3442
f 3369//3441 3405//3477 3190//3269
f 3403//3475 3385//3457 3368//3440
f 3389//3461 3404//3476 3148//3227
f 3078//3157 3380//3452 3367//3439
f 3386//3458 3403//3475 3105//3184
f 3402//3474 3383//3455 3384//3456
f 3381//3453 3078//3157 3072//3151
f 3269//3348 3376//3448 3276//3355
f 3240//3319 3374//3446 3253//3332
f 3365//3436 3364//3435 3372//3444
f 3177//3256 3175//3254 3370//3442
f 3412//3484 2246//3485 3413//3486
f 1917//3487 3034//3488 1918//1879
f 1944//3489 3414//3490 1936//3491
f 1997//3492 3415//3493 3416//3494
f 2037//3495 3417//3496 3418//3497
f 3419//3498 2127//3499 3420//3500
f 3421//3501 2161//3489 3422//3502
f 3423//3503 2199//3489 2213//3495
f 3424//3504 2076//3489 3425//3505
f 3426//3506 3038//3507 3034//3488
f 3427//3508 3412//3484 3428//3509
f 3429//3510 3426//3506 3430//3511
f 3429//3510 3414//3490 3426//3506
f 3431//3512 3432//3513 3433//3514
f 3431//3512 3416//3494 3432//3513
f 3434//3515 3435//3516 3415//3493
f 3434//3515 3418//3497 3435//3516
f 3436//3517 3437//3518 3417//3496
f 3438//3510 3419//3498 3439//3519
f 3440//3512 3441//3520 3420//3500
f 3440//3512 3421//3501 3441//3520
f 3442//3521 3443//3522 3422//3502
f 3442//3521 3423//3503 3443//3522
f 3427//3508 3428//3509 3444//3523
f 3436//3517 3424//3504 3437//3518
f 3438//3510 3439//3519 3425//3505
f 3412//3484 3427//3508 3445//3524
f 1934//3525 3446//3526 3430//3511
f 1964//3527 3447//3528 3433//3514
f 3414//3490 3429//3510 3446//3526
f 2028//3529 3448//3530 3415//3493
f 3416//3494 3431//3512 3447//3528
f 2060//3531 3449//3532 3417//3496
f 3418//3497 3434//3515 3448//3530
f 3419//3498 3438//3510 3450//3526
f 2145//3533 3451//3534 3420//3500
f 3421//3501 3440//3512 3451//3534
f 2186//3535 3452//3536 3422//3502
f 3423//3503 3442//3521 3452//3536
f 2221//3537 3445//3524 3444//3523
f 3424//3504 3436//3517 3449//3532
f 2104//3538 3450//3526 3425//3505
f 1934//3525 3430//3511 1917//3487
f 2028//3529 3415//3493 2019//3539
f 2019//3539 3415//3493 1997//3492
f 1972//3540 1992//3541 3416//3494
f 1964//3527 3433//3514 1944//3489
f 3446//3526 1934//3525 1936//3491
f 3447//3528 1964//3527 1972//3540
f 2060//3531 3417//3496 2037//3495
f 3448//3530 2028//3529 2032//3542
f 2226//3543 2246//3485 3412//3484
f 2277//1879 3413//3486 2262//3544
f 2190//3545 2199//3489 3423//3503
f 2221//3537 3444//3523 2213//3495
f 2114//3546 2127//3499 3419//3498
f 2074//3547 2076//3489 3424//3504
f 2104//3538 3425//3505 2091//3489
f 3449//3532 2060//3531 2074//3547
f 3450//3526 2104//3538 2114//3546
f 2151//3548 2161//3489 3421//3501
f 2186//3535 3422//3502 2179//3549
f 3451//3534 2145//3533 2151//3548
f 3452//3536 2186//3535 2190//3545
f 3445//3524 2221//3537 2226//3550
f 3413//3486 3453//3551 3412//3484
f 3412//3484 3453//3551 3428//3509
f 3430//3511 3426//3506 3034//3488
f 3433//3514 3432//3513 3414//3490
f 3414//3490 3432//3513 3426//3506
f 3415//3493 3435//3516 3416//3494
f 3416//3494 3435//3516 3432//3513
f 3417//3496 3437//3518 3418//3497
f 3418//3497 3437//3518 3435//3516
f 3420//3500 3441//3520 3419//3498
f 3419//3498 3441//3520 3439//3519
f 3422//3502 3443//3522 3421//3501
f 3421//3501 3443//3522 3441//3520
f 3444//3523 3428//3509 3423//3503
f 3423//3503 3428//3509 3443//3522
f 3425//3505 3439//3519 3424//3504
f 3424//3504 3439//3519 3437//3518
f 3433//3514 3414//3490 1944//3489
f 3430//3511 3034//3488 1917//3487
f 3450//3526 3438//3510 3425//3505
f 3424//3504 3449//3532 2074//3547
f 3445//3524 3427//3508 3444//3523
f 3423//3503 3452//3536 2190//3545
f 3452//3536 3442//3521 3422//3502
f 3421//3501 3451//3534 2151//3548
f 3451//3534 3440//3512 3420//3500
f 3419//3498 3450//3526 2114//3546
f 3418//3497 3448//3530 2032//3552
f 3449//3532 3436//3517 3417//3496
f 3416//3494 3447//3528 1972//3540
f 3448//3530 3434//3515 3415//3493
f 3414//3490 3446//3526 1936//3491
f 3447//3528 3431//3512 3433//3514
f 3446//3526 3429//3510 3430//3511
f 3412//3484 3445//3524 2226//3543
f 2076//3489 2091//3489 3425//3505
f 3423//3503 2213//3495 3444//3523
f 2161//3489 2179//3549 3422//3502
f 2127//3499 2145//3533 3420//3500
f 2037//3495 3418//3497 2032//3552
f 1997//3492 3416//3494 1992//3541
f 2246//3485 2262//3544 3413//3486
f 3454//3553 3455//3554 3456//3555
f 3457//3556 3458//3557 3459//3558
f 3460//3559 3461//3560 3462//3561
f 3463//3562 3464//3563 3465//3564
f 3466//3565 3467//3566 3468//3567
f 3469//3568 3470//3569 3471//3570
f 3472//3571 3473//3572 3474//3573
f 3475//3574 3476//3575 3477//3576
f 3478//3577 3479//3578 3480//3579
f 3481//3580 3482//3581 3483//3582
f 3484//3583 3485//3584 3486//3585
f 3487//3586 3488//3587 3489//3588
f 3490//3589 3491//3590 3492//3591
f 3493//3592 3494//3593 3495//3594
f 3455//3554 3496//3595 3497//3596
f 3498//3597 3499//3598 3500//3599
f 3501//3600 3502//3601 3503//3602
f 3470//3569 3504//3603 3505//3604
f 3504//3603 3506//3605 3507//3606
f 3473//3572 3508//3607 3474//3573
f 3508//3607 3509//3608 3510//3609
f 3476//3575 3511//3610 3512//3611
f 3511//3610 3513//3612 3514//3613
f 3479//3578 3515//3614 3516//3615
f 3515//3614 3517//3616 3518//3617
f 3519//3618 3520//3619 3521//3620
f 3520//3619 3522//3621 3523//3622
f 3524//3623 3525//3624 3526//3625
f 3525//3624 3518//3617 3517//3616
f 3527//3626 3528//3627 3529//3628
f 3528//3627 3530//3629 3531//3630
f 3532//3631 3533//3632 3534//3633
f 3533//3632 3535//3634 3536//3635
f 3492//3591 3524//3623 3537//3636
f 3538//3637 3519//3618 3521//3620
f 3539//3638 3532//3631 3484//3583
f 3540//3639 3527//3626 3529//3628
f 3541//3640 3542//3641 3543//3642
f 3544//3643 3486//3585 3545//3644
f 3546//3645 3547//3646 3548//3647
f 3549//3648 3550//3649 3491//3590
f 3551//3650 3552//3651 3542//3641
f 3553//3652 3544//3643 3554//3653
f 3555//3654 3556//3655 3547//3646
f 3557//3656 3549//3648 3558//3657
f 3494//3593 3559//3658 3560//3659
f 3496//3595 3561//3660 3562//3661
f 3499//3598 3563//3662 3564//3663
f 3502//3601 3565//3664 3566//3665
f 3567//3666 3568//3667 3569//3668
f 3554//3653 3570//3669 3553//3652
f 3571//3670 3572//3671 3573//3672
f 3574//3673 3562//3661 3561//3660
f 3575//3674 3576//3675 3577//3676
f 3578//3677 3579//3678 3580//3679
f 3581//3680 3582//3681 3583//3682
f 3480//3579 3584//3683 3478//3577
f 3458//3557 3585//3684 3586//3685
f 3461//3560 3580//3679 3579//3678
f 3464//3563 3587//3686 3588//3687
f 3467//3566 3589//3688 3590//3689
f 3503//3602 3591//3690 3592//3691
f 3593//3692 3594//3693 3595//3694
f 3596//3695 3597//3696 3598//3697
f 3599//3698 3600//3699 3575//3674
f 3601//3700 3602//3701 3581//3680
f 3603//3702 3543//3642 3538//3637
f 3604//3703 3548//3647 3540//3639
f 3605//3704 3606//3705 3607//3706
f 3608//3707 3609//3708 3610//3709
f 3611//3710 3612//3711 3600//3699
f 3613//3712 3522//3621 3612//3711
f 3614//3713 3615//3714 3602//3701
f 3616//3715 3530//3629 3615//3714
f 3617//3716 3618//3717 3619//3718
f 3507//3606 3506//3605 3617//3716
f 3620//3719 3621//3720 3622//3721
f 3514//3613 3513//3612 3620//3719
f 3619//3718 3623//3722 3481//3580
f 3622//3721 3624//3723 3487//3586
f 3483//3582 3482//3581 3625//3724
f 3489//3588 3488//3587 3626//3725
f 3625//3724 3627//3726 3628//3727
f 3626//3725 3629//3728 3630//3729
f 3569//3668 3568//3667 3605//3704
f 3573//3672 3572//3671 3608//3707
f 3631//3730 3559//3658 3552//3651
f 3632//3731 3563//3662 3556//3655
f 3586//3685 3585//3684 3633//3732
f 3588//3687 3587//3686 3634//3733
f 3635//3734 3576//3675 3594//3693
f 3636//3735 3582//3681 3597//3696
f 3637//3690 3454//3553 3638//3736
f 3639//3737 3640//3738 3458//3557
f 3641//3739 3642//3740 3470//3569
f 3643//3741 3644//3742 3482//3581
f 3645//3743 3646//3744 3499//3598
f 3642//3740 3647//3745 3504//3603
f 3647//3745 3648//3746 3506//3605
f 3649//3747 3650//3748 3528//3627
f 3650//3748 3651//3749 3530//3629
f 3652//3750 3649//3747 3527//3626
f 3653//3751 3654//3752 3548//3647
f 3655//3753 3653//3751 3547//3646
f 3646//3744 3656//3754 3563//3662
f 3657//3755 3658//3756 3568//3667
f 3659//3757 3660//3758 3582//3681
f 3640//3738 3661//3759 3585//3684
f 3662//3760 3663//3761 3598//3697
f 3664//3762 3659//3757 3581//3680
f 3654//3752 3652//3750 3540//3639
f 3665//3763 3666//3764 3667//3765
f 3668//3766 3664//3762 3602//3701
f 3651//3749 3668//3766 3615//3714
f 3669//3767 3670//3768 3623//3722
f 3648//3746 3669//3767 3618//3717
f 3670//3768 3643//3741 3481//3580
f 3644//3742 3671//3769 3627//3726
f 3671//3769 3657//3755 3567//3666
f 3658//3756 3665//3763 3606//3705
f 3656//3754 3655//3753 3556//3655
f 3661//3759 3641//3739 3469//3568
f 3660//3758 3662//3760 3597//3696
f 3672//3690 3637//3690 3673//3770
f 3674//3771 3675//3772 3640//3738
f 3676//3773 3677//3774 3642//3740
f 3678//3775 3679//3776 3644//3742
f 3680//3743 3681//3777 3646//3744
f 3677//3774 3682//3778 3647//3745
f 3682//3778 3683//3779 3648//3746
f 3684//3780 3685//3781 3650//3748
f 3685//3781 3686//3782 3651//3749
f 3687//3783 3684//3780 3649//3747
f 3688//3784 3689//3785 3654//3752
f 3690//3786 3688//3784 3653//3751
f 3681//3777 3691//3787 3656//3754
f 3692//3788 3693//3789 3658//3756
f 3694//3790 3695//3791 3660//3758
f 3675//3772 3696//3792 3661//3759
f 3697//3793 3698//3794 3663//3761
f 3699//3795 3694//3790 3659//3757
f 3689//3785 3687//3783 3652//3750
f 3700//3796 3701//3797 3666//3764
f 3702//3798 3699//3795 3664//3762
f 3686//3782 3702//3798 3668//3766
f 3703//3799 3704//3800 3670//3768
f 3683//3779 3703//3799 3669//3767
f 3704//3800 3678//3775 3643//3741
f 3679//3776 3705//3801 3671//3769
f 3705//3801 3692//3788 3657//3755
f 3693//3789 3700//3796 3665//3763
f 3691//3787 3690//3786 3655//3753
f 3696//3792 3676//3773 3641//3739
f 3695//3791 3697//3793 3662//3760
f 3706//3802 3672//3690 3707//3803
f 3708//3804 3709//3805 3675//3772
f 3710//3806 3711//3807 3677//3774
f 3712//3808 3713//3809 3679//3776
f 3714//3810 3715//3811 3681//3777
f 3711//3807 3716//3812 3682//3778
f 3716//3812 3717//3813 3683//3779
f 3718//3814 3719//3815 3685//3781
f 3719//3815 3720//3816 3686//3782
f 3721//3817 3718//3814 3684//3780
f 3722//3818 3723//3819 3689//3785
f 3724//3820 3722//3818 3688//3784
f 3715//3811 3725//3821 3691//3787
f 3726//3822 3727//3823 3693//3789
f 3728//3824 3729//3825 3695//3791
f 3709//3805 3730//3826 3696//3792
f 3731//3827 3732//3828 3698//3794
f 3733//3829 3728//3824 3694//3790
f 3723//3819 3721//3817 3687//3783
f 3734//3830 3735//3831 3701//3797
f 3736//3832 3733//3829 3699//3795
f 3720//3816 3736//3832 3702//3798
f 3737//3833 3738//3834 3704//3800
f 3717//3813 3737//3833 3703//3799
f 3738//3834 3712//3808 3678//3775
f 3713//3809 3739//3835 3705//3801
f 3739//3835 3726//3822 3692//3788
f 3727//3823 3734//3830 3700//3796
f 3725//3821 3724//3820 3690//3786
f 3730//3826 3710//3806 3676//3773
f 3729//3825 3731//3827 3697//3793
f 3740//3690 3706//3802 3741//3836
f 3742//3837 3743//3838 3709//3805
f 3744//3839 3745//3840 3711//3807
f 3746//3841 3747//3842 3713//3809
f 3748//3810 3749//3843 3715//3811
f 3745//3840 3750//3844 3716//3812
f 3750//3844 3751//3845 3717//3813
f 3752//3846 3753//3847 3719//3815
f 3753//3847 3754//3848 3720//3816
f 3755//3849 3752//3846 3718//3814
f 3756//3850 3757//3851 3723//3819
f 3758//3852 3756//3850 3722//3818
f 3749//3843 3759//3853 3725//3821
f 3760//3854 3761//3855 3727//3823
f 3762//3856 3763//3857 3729//3825
f 3743//3838 3764//3858 3730//3826
f 3765//3859 3766//3860 3767//3861
f 3762//3856 3768//3862 3769//3863
f 3755//3849 3757//3851 3770//3864
f 3771//3865 3772//3866 3773//3867
f 3768//3862 3774//3868 3775//3869
f 3774//3868 3754//3848 3776//3870
f 3777//3871 3778//3872 3779//3873
f 3778//3872 3751//3845 3780//3874
f 3746//3841 3777//3871 3781//3875
f 3782//3876 3747//3842 3783//3877
f 3760//3854 3782//3876 3784//3878
f 3772//3866 3761//3855 3785//3879
f 3758//3852 3759//3853 3786//3880
f 3744//3839 3764//3858 3787//3881
f 3766//3860 3763//3857 3788//3882
f 3789//3883 3790//3884 3791//3802
f 3743//3838 3742//3837 3792//3885
f 3745//3840 3744//3839 3793//3886
f 3747//3842 3746//3841 3794//3887
f 3749//3843 3748//3810 3795//3888
f 3750//3844 3745//3840 3796//3889
f 3751//3845 3750//3844 3797//3890
f 3753//3847 3752//3846 3798//3891
f 3754//3848 3753//3847 3799//3892
f 3752//3846 3755//3849 3800//3893
f 3757//3851 3756//3850 3801//3894
f 3756//3850 3758//3852 3802//3895
f 3759//3853 3749//3843 3803//3896
f 3761//3855 3760//3854 3804//3897
f 3763//3857 3762//3856 3805//3898
f 3764//3858 3743//3838 3806//3899
f 3807//3900 3767//3861 3808//3901
f 3805//3898 3769//3863 3809//3902
f 3800//3893 3770//3864 3810//3903
f 3811//3904 3773//3867 3812//3905
f 3769//3863 3775//3869 3809//3902
f 3775//3869 3776//3870 3813//3906
f 3781//3875 3779//3873 3814//3907
f 3779//3873 3780//3874 3815//3908
f 3794//3887 3781//3875 3816//3909
f 3784//3878 3783//3877 3817//3910
f 3804//3897 3784//3878 3818//3911
f 3773//3867 3785//3879 3819//3912
f 3802//3895 3786//3880 3820//3913
f 3793//3886 3787//3881 3821//3914
f 3767//3861 3788//3882 3822//3915
f 3790//3884 3823//3916 3824//3917
f 3806//3899 3792//3885 3825//3918
f 3796//3889 3793//3886 3821//3914
f 3783//3877 3794//3887 3816//3909
f 3803//3896 3795//3888 3826//3888
f 3797//3890 3796//3889 3827//3919
f 3780//3874 3797//3890 3815//3908
f 3799//3892 3798//3891 3828//3920
f 3776//3870 3799//3892 3828//3920
f 3798//3891 3800//3893 3829//3921
f 3770//3864 3801//3894 3830//3922
f 3801//3894 3802//3895 3830//3922
f 3786//3880 3803//3896 3831//3923
f 3785//3879 3804//3897 3818//3911
f 3788//3882 3805//3898 3832//3924
f 3787//3881 3806//3899 3833//3925
f 3808//3901 3834//3926 3463//3562
f 3832//3924 3809//3902 3476//3575
f 3829//3921 3810//3903 3488//3587
f 3812//3905 3835//3927 3493//3592
f 3809//3902 3836//3928 3476//3575
f 3836//3928 3813//3906 3513//3612
f 3837//3929 3814//3907 3520//3619
f 3814//3907 3815//3908 3522//3621
f 3816//3909 3837//3929 3538//3637
f 3838//3930 3817//3910 3543//3642
f 3818//3911 3838//3930 3552//3651
f 3835//3927 3819//3912 3559//3658
f 3839//3931 3820//3913 3572//3671
f 3821//3914 3840//3932 3575//3674
f 3834//3926 3822//3915 3587//3686
f 3823//3916 3592//3691 3591//3690
f 3833//3925 3825//3918 3595//3694
f 3827//3919 3821//3914 3575//3674
f 3817//3910 3816//3909 3538//3637
f 3831//3923 3826//3888 3841//3810
f 3842//3933 3827//3919 3600//3699
f 3815//3908 3842//3933 3522//3621
f 3828//3920 3843//3934 3621//3720
f 3813//3906 3828//3920 3621//3720
f 3843//3934 3829//3921 3487//3586
f 3810//3903 3830//3922 3629//3728
f 3830//3922 3839//3931 3629//3728
f 3820//3913 3831//3923 3609//3708
f 3819//3912 3818//3911 3552//3651
f 3822//3915 3832//3924 3475//3574
f 3840//3932 3833//3925 3594//3693
f 3732//3828 3731//3827 3766//3860
f 3728//3824 3733//3829 3768//3862
f 3721//3817 3723//3819 3757//3851
f 3735//3831 3734//3830 3772//3866
f 3733//3829 3736//3832 3774//3868
f 3736//3832 3720//3816 3754//3848
f 3738//3834 3737//3833 3778//3872
f 3737//3833 3717//3813 3751//3845
f 3712//3808 3738//3834 3777//3871
f 3739//3835 3713//3809 3747//3842
f 3726//3822 3739//3835 3782//3876
f 3734//3830 3727//3823 3761//3855
f 3724//3820 3725//3821 3759//3853
f 3710//3806 3730//3826 3764//3858
f 3731//3827 3729//3825 3763//3857
f 3844//3935 3038//3936 3426//3937
f 3845//3938 3846//3939 3847//3940
f 3848//3941 3379//3942 3378//3943
f 3468//3567 3042//3944 3466//3565
f 3595//3694 3428//3936 3849//3945
f 3598//3697 3382//3946 3850//3947
f 3457//3556 3426//3937 3432//3936
f 3663//3761 3387//3948 3382//3946
f 3639//3737 3432//3936 3435//3936
f 3698//3794 3390//3949 3387//3948
f 3674//3771 3435//3936 3437//3937
f 3732//3828 3392//3950 3390//3949
f 3708//3804 3437//3937 3439//3937
f 3807//3900 3398//3951 3395//3951
f 3742//3837 3439//3937 3441//3937
f 3808//3901 3400//3949 3398//3951
f 3792//3885 3441//3937 3443//3952
f 3463//3562 3378//3943 3400//3949
f 3825//3918 3443//3952 3428//3936
f 3765//3859 3395//3951 3392//3950
f 3498//3597 3500//3599 3851//3953
f 3852//3954 3851//3953 3455//3554
f 3607//3706 3667//3765 3853//3955
f 3854//3956 3853//3955 3638//3736
f 3848//3957 3465//3958 3855//3959
f 3856//3960 3855//3959 3461//3560
f 3593//3961 3849//3962 3857//3963
f 3858//3964 3857//3963 3845//3938
f 3844//3965 3459//3966 3859//3967
f 3859//3967 3860//3968 3466//3565
f 3596//3969 3850//3970 3861//3971
f 3861//3971 3862//3972 3590//3689
f 3634//3973 3477//3974 3863//3975
f 3863//3975 3864//3976 3472//3571
f 3599//3977 3577//3978 3865//3979
f 3866//3980 3865//3979 3578//3677
f 3633//3981 3471//3982 3867//3983
f 3867//3983 3868//3984 3478//3577
f 3601//3985 3583//3986 3869//3987
f 3870//3988 3869//3987 3480//3579
f 3871//3989 3489//3990 3872//3991
f 3872//3991 3873//3992 3484//3583
f 3603//3993 3874//3994 3875//3995
f 3876//3996 3875//3995 3539//3638
f 3877//3997 3483//3998 3878//3999
f 3878//3999 3879//4000 3490//3589
f 3604//4001 3880//4002 3881//4003
f 3882//4004 3881//4003 3492//3591
f 3500//3599 3564//4005 3883//4006
f 3851//3953 3883//4006 3496//3595
f 3605//4007 3607//3706 3884//4008
f 3884//4008 3854//3956 3497//3596
f 3495//3594 3560//4009 3885//4010
f 3886//4011 3885//4010 3502//3601
f 3608//4012 3610//3709 3887//4013
f 3887//4013 3888//4014 3566//3665
f 3477//3974 3512//4015 3864//3976
f 3864//3976 3889//4016 3473//3572
f 3611//4017 3599//3977 3866//3980
f 3890//4018 3866//3980 3474//3573
f 3512//4015 3514//4019 3889//4016
f 3889//4016 3891//4020 3508//3607
f 3613//4021 3611//4017 3890//4018
f 3892//4022 3890//4018 3510//3609
f 3471//3982 3505//4023 3868//3984
f 3868//3984 3893//4024 3479//3578
f 3614//4025 3601//3985 3870//3988
f 3894//4026 3870//3988 3895//4027
f 3505//4023 3507//4028 3893//4024
f 3893//4024 3896//4029 3515//3614
f 3616//4030 3614//4025 3894//4026
f 3897//4031 3894//4026 3516//3615
f 3529//4032 3531//4033 3898//4034
f 3899//4035 3898//4034 3525//3624
f 3617//4036 3619//4037 3900//4038
f 3900//4038 3901//4039 3526//3625
f 3531//4033 3616//4030 3897//4031
f 3898//4034 3897//4031 3518//3617
f 3507//4028 3617//4036 3896//4029
f 3896//4029 3900//4038 3517//3616
f 3521//4040 3523//4041 3902//4042
f 3903//4043 3902//4042 3533//3632
f 3620//4044 3622//4045 3904//4046
f 3904//4046 3905//4047 3536//3635
f 3523//4041 3613//4021 3892//4022
f 3902//4042 3892//4022 3535//3634
f 3514//4019 3620//4044 3891//4020
f 3891//4020 3904//4046 3509//3608
f 3880//4002 3529//4032 3899//4035
f 3881//4003 3899//4035 3524//3623
f 3619//4037 3877//3997 3878//3999
f 3901//4039 3878//3999 3490//3589
f 3874//3994 3521//4040 3875//3995
f 3875//3995 3903//4043 3539//3638
f 3622//4045 3871//3989 3905//4047
f 3905//4047 3872//3991 3534//3633
f 3541//4048 3603//3993 3876//3996
f 3906//4049 3876//3996 3486//3585
f 3489//3990 3626//4050 3873//3992
f 3873//3992 3907//4051 3485//3584
f 3546//4052 3604//4001 3882//4004
f 3908//4053 3882//4004 3550//3649
f 3483//3998 3625//4054 3879//4000
f 3879//4000 3909//4055 3491//3590
f 3551//4056 3541//4048 3906//4049
f 3910//4057 3906//4049 3544//3643
f 3626//4050 3630//4058 3907//4051
f 3907//4051 3911//4059 3545//3644
f 3555//4060 3546//4052 3908//4053
f 3912//4061 3908//4053 3549//3648
f 3625//4054 3628//4062 3909//4055
f 3909//4055 3913//4063 3558//3657
f 3564//4005 3632//4064 3914//4065
f 3883//4006 3914//4065 3561//3660
f 3569//4066 3605//4007 3915//4067
f 3915//4067 3884//4008 3562//3661
f 3560//4009 3631//4068 3916//4069
f 3885//4010 3916//4069 3565//3664
f 3573//4070 3608//4012 3917//4071
f 3917//4071 3887//4013 3570//3669
f 3630//4058 3573//4070 3911//4059
f 3911//4059 3917//4071 3554//3653
f 3631//4068 3551//4056 3910//4057
f 3916//4069 3910//4057 3553//3652
f 3628//4062 3569//4066 3913//4063
f 3913//4063 3915//4067 3574//3673
f 3632//4064 3555//4060 3912//4061
f 3914//4065 3912//4061 3557//3656
f 3577//3978 3635//4072 3918//4073
f 3865//3979 3918//4073 3579//3678
f 3588//4074 3634//3973 3919//4075
f 3919//4075 3863//3975 3580//3679
f 3583//3986 3636//4076 3920//4077
f 3869//3987 3920//4077 3584//3683
f 3586//4078 3633//3981 3921//4079
f 3921//4079 3867//3983 3589//3688
f 3465//3958 3588//4074 3855//3959
f 3855//3959 3919//4075 3461//3560
f 3635//4072 3593//3961 3858//3964
f 3918//4073 3858//3964 3462//3561
f 3459//3966 3586//4078 3860//3968
f 3860//3968 3921//4079 3467//3566
f 3636//4076 3596//3969 3861//3971
f 3920//4077 3861//3971 3590//3689
f 3610//3709 3841//3810 3922//4080
f 3888//4014 3922//4080 3591//3690
f 3493//3592 3495//3594 3886//4011
f 3923//4081 3886//4011 3501//3600
f 3645//3743 3498//3597 3852//3954
f 3924//4082 3852//3954 3454//3553
f 3667//3765 3666//3764 3925//4083
f 3853//3955 3925//4083 3673//3770
f 3680//3743 3645//3743 3924//4082
f 3926//4084 3924//4082 3637//3690
f 3666//3764 3701//3797 3927//4085
f 3925//4083 3927//4085 3707//3803
f 3714//3810 3680//3743 3926//4084
f 3928//4086 3926//4084 3672//3690
f 3701//3797 3735//3831 3929//4087
f 3927//4085 3929//4087 3741//3836
f 3748//3810 3714//3810 3928//4086
f 3930//4088 3928//4086 3706//3802
f 3735//3831 3771//3865 3931//4089
f 3929//4087 3931//4089 3789//3883
f 3771//3865 3811//3904 3932//4090
f 3931//4089 3932//4090 3790//3884
f 3795//3888 3748//3810 3930//4088
f 3933//4091 3930//4088 3740//3690
f 3811//3904 3812//3905 3934//4092
f 3932//4090 3934//4092 3823//3916
f 3826//3888 3795//3888 3933//4091
f 3935//4093 3933//4091 3791//3802
f 3812//3905 3493//3592 3923//4081
f 3934//4092 3923//4081 3592//3691
f 3841//3810 3826//3888 3935//4093
f 3922//4080 3935//4093 3824//3917
f 3849//3962 3453//4094 3936//4095
f 3857//3963 3936//4095 3846//3939
f 3379//4096 3848//3957 3937//4097
f 3937//4097 3856//3960 3847//3940
f 3850//3970 3040//4098 3041//4099
f 3862//3972 3041//4099 3042//3944
f 3038//4100 3844//3965 3039//4101
f 3039//4101 3859//3967 3029//4102
f 3859//3967 3466//3565 3029//4102
f 3844//3965 3859//3967 3039//4101
f 3862//3972 3042//3944 3468//3567
f 3850//3970 3041//4099 3862//3972
f 3856//3960 3460//3559 3847//3940
f 3848//3957 3856//3960 3937//4097
f 3857//3963 3846//3939 3845//3938
f 3849//3962 3936//4095 3857//3963
f 3922//4080 3824//3917 3591//3690
f 3841//3810 3935//4093 3922//4080
f 3934//4092 3592//3691 3823//3916
f 3812//3905 3923//4081 3934//4092
f 3935//4093 3791//3802 3824//3917
f 3826//3888 3933//4091 3935//4093
f 3932//4090 3823//3916 3790//3884
f 3811//3904 3934//4092 3932//4090
f 3933//4091 3740//3690 3791//3802
f 3795//3888 3930//4088 3933//4091
f 3931//4089 3790//3884 3789//3883
f 3771//3865 3932//4090 3931//4089
f 3929//4087 3789//3883 3741//3836
f 3735//3831 3931//4089 3929//4087
f 3930//4088 3706//3802 3740//3690
f 3748//3810 3928//4086 3930//4088
f 3927//4085 3741//3836 3707//3803
f 3701//3797 3929//4087 3927//4085
f 3928//4086 3672//3690 3706//3802
f 3714//3810 3926//4084 3928//4086
f 3925//4083 3707//3803 3673//3770
f 3666//3764 3927//4085 3925//4083
f 3926//4084 3637//3690 3672//3690
f 3680//3743 3924//4082 3926//4084
f 3853//3955 3673//3770 3638//3736
f 3667//3765 3925//4083 3853//3955
f 3924//4082 3454//3553 3637//3690
f 3645//3743 3852//3954 3924//4082
f 3923//4081 3501//3600 3592//3691
f 3493//3592 3886//4011 3923//4081
f 3888//4014 3591//3690 3503//3602
f 3610//3709 3922//4080 3888//4014
f 3920//4077 3590//3689 3584//3683
f 3636//4076 3861//3971 3920//4077
f 3921//4079 3589//3688 3467//3566
f 3586//4078 3921//4079 3860//3968
f 3918//4073 3462//3561 3579//3678
f 3635//4072 3858//3964 3918//4073
f 3919//4075 3580//3679 3461//3560
f 3588//4074 3919//4075 3855//3959
f 3867//3983 3478//3577 3589//3688
f 3633//3981 3867//3983 3921//4079
f 3869//3987 3584//3683 3480//3579
f 3583//3986 3920//4077 3869//3987
f 3863//3975 3472//3571 3580//3679
f 3634//3973 3863//3975 3919//4075
f 3865//3979 3579//3678 3578//3677
f 3577//3978 3918//4073 3865//3979
f 3914//4065 3557//3656 3561//3660
f 3632//4064 3912//4061 3914//4065
f 3915//4067 3562//3661 3574//3673
f 3569//4066 3915//4067 3913//4063
f 3916//4069 3553//3652 3565//3664
f 3631//4068 3910//4057 3916//4069
f 3917//4071 3570//3669 3554//3653
f 3573//4070 3917//4071 3911//4059
f 3887//4013 3566//3665 3570//3669
f 3608//4012 3887//4013 3917//4071
f 3885//4010 3565//3664 3502//3601
f 3560//4009 3916//4069 3885//4010
f 3884//4008 3497//3596 3562//3661
f 3605//4007 3884//4008 3915//4067
f 3883//4006 3561//3660 3496//3595
f 3564//4005 3914//4065 3883//4006
f 3913//4063 3574//3673 3558//3657
f 3628//4062 3913//4063 3909//4055
f 3912//4061 3549//3648 3557//3656
f 3555//4060 3908//4053 3912//4061
f 3911//4059 3554//3653 3545//3644
f 3630//4058 3911//4059 3907//4051
f 3910//4057 3544//3643 3553//3652
f 3551//4056 3906//4049 3910//4057
f 3909//4055 3558//3657 3491//3590
f 3625//4054 3909//4055 3879//4000
f 3908//4053 3550//3649 3549//3648
f 3546//4052 3882//4004 3908//4053
f 3907//4051 3545//3644 3485//3584
f 3626//4050 3907//4051 3873//3992
f 3906//4049 3486//3585 3544//3643
f 3541//4048 3876//3996 3906//4049
f 3872//3991 3484//3583 3534//3633
f 3871//3989 3872//3991 3905//4047
f 3903//4043 3532//3631 3539//3638
f 3521//4040 3903//4043 3875//3995
f 3901//4039 3490//3589 3537//3636
f 3619//4037 3878//3999 3901//4039
f 3881//4003 3524//3623 3492//3591
f 3880//4002 3899//4035 3881//4003
f 3904//4046 3536//3635 3509//3608
f 3620//4044 3904//4046 3891//4020
f 3902//4042 3535//3634 3533//3632
f 3523//4041 3892//4022 3902//4042
f 3905//4047 3534//3633 3536//3635
f 3622//4045 3905//4047 3904//4046
f 3903//4043 3533//3632 3532//3631
f 3521//4040 3902//4042 3903//4043
f 3900//4038 3526//3625 3517//3616
f 3617//4036 3900//4038 3896//4029
f 3898//4034 3518//3617 3525//3624
f 3531//4033 3897//4031 3898//4034
f 3901//4039 3537//3636 3526//3625
f 3619//4037 3901//4039 3900//4038
f 3899//4035 3525//3624 3524//3623
f 3529//4032 3898//4034 3899//4035
f 3897//4031 3516//3615 3518//3617
f 3616//4030 3894//4026 3897//4031
f 3896//4029 3517//3616 3515//3614
f 3507//4028 3896//4029 3893//4024
f 3894//4026 3895//4027 3516//3615
f 3614//4025 3870//3988 3894//4026
f 3893//4024 3515//3614 3479//3578
f 3505//4023 3893//4024 3868//3984
f 3892//4022 3510//3609 3535//3634
f 3613//4021 3890//4018 3892//4022
f 3891//4020 3509//3608 3508//3607
f 3514//4019 3891//4020 3889//4016
f 3890//4018 3474//3573 3510//3609
f 3611//4017 3866//3980 3890//4018
f 3889//4016 3508//3607 3473//3572
f 3512//4015 3889//4016 3864//3976
f 3888//4014 3503//3602 3566//3665
f 3610//3709 3888//4014 3887//4013
f 3886//4011 3502//3601 3501//3600
f 3495//3594 3885//4010 3886//4011
f 3854//3956 3456//3555 3497//3596
f 3607//3706 3854//3956 3884//4008
f 3851//3953 3496//3595 3455//3554
f 3500//3599 3883//4006 3851//3953
f 3882//4004 3492//3591 3550//3649
f 3604//4001 3881//4003 3882//4004
f 3879//4000 3491//3590 3490//3589
f 3483//3998 3879//4000 3878//3999
f 3876//3996 3539//3638 3486//3585
f 3603//3993 3875//3995 3876//3996
f 3873//3992 3485//3584 3484//3583
f 3489//3990 3873//3992 3872//3991
f 3870//3988 3480//3579 3895//4027
f 3601//3985 3869//3987 3870//3988
f 3868//3984 3479//3578 3478//3577
f 3471//3982 3868//3984 3867//3983
f 3866//3980 3578//3677 3474//3573
f 3599//3977 3865//3979 3866//3980
f 3864//3976 3473//3572 3472//3571
f 3477//3974 3864//3976 3863//3975
f 3862//3972 3468//3567 3590//3689
f 3850//3970 3862//3972 3861//3971
f 3860//3968 3467//3566 3466//3565
f 3459//3966 3860//3968 3859//3967
f 3858//3964 3845//3938 3462//3561
f 3593//3961 3857//3963 3858//3964
f 3856//3960 3461//3560 3460//3559
f 3848//3957 3855//3959 3856//3960
f 3854//3956 3638//3736 3456//3555
f 3607//3706 3853//3955 3854//3956
f 3852//3954 3455//3554 3454//3553
f 3498//3597 3851//3953 3852//3954
f 3765//3859 3392//3950 3732//3828
f 3825//3918 3428//3936 3595//3694
f 3463//3562 3400//3949 3808//3901
f 3792//3885 3443//3952 3825//3918
f 3808//3901 3398//3951 3807//3900
f 3742//3837 3441//3937 3792//3885
f 3807//3900 3395//3951 3765//3859
f 3708//3804 3439//3937 3742//3837
f 3732//3828 3390//3949 3698//3794
f 3674//3771 3437//3937 3708//3804
f 3698//3794 3387//3948 3663//3761
f 3639//3737 3435//3936 3674//3771
f 3663//3761 3382//3946 3598//3697
f 3457//3556 3432//3936 3639//3737
f 3382//3946 3040//4103 3850//3947
f 3428//3936 3453//3936 3849//3945
f 3042//3944 3029//4102 3466//3565
f 3848//3941 3378//3943 3463//3562
f 3845//3938 3847//3940 3460//3559
f 3844//3935 3426//3937 3457//3556
f 3731//3827 3763//3857 3766//3860
f 3710//3806 3764//3858 3744//3839
f 3724//3820 3759//3853 3758//3852
f 3734//3830 3761//3855 3772//3866
f 3726//3822 3782//3876 3760//3854
f 3739//3835 3747//3842 3782//3876
f 3712//3808 3777//3871 3746//3841
f 3737//3833 3751//3845 3778//3872
f 3738//3834 3778//3872 3777//3871
f 3736//3832 3754//3848 3774//3868
f 3733//3829 3774//3868 3768//3862
f 3735//3831 3772//3866 3771//3865
f 3721//3817 3757//3851 3755//3849
f 3728//3824 3768//3862 3762//3856
f 3732//3828 3766//3860 3765//3859
f 3840//3932 3594//3693 3576//3675
f 3822//3915 3475//3574 3587//3686
f 3819//3912 3552//3651 3559//3658
f 3820//3913 3609//3708 3572//3671
f 3839//3931 3571//3670 3629//3728
f 3810//3903 3629//3728 3488//3587
f 3843//3934 3487//3586 3624//3723
f 3813//3906 3621//3720 3513//3612
f 3843//3934 3624//3723 3621//3720
f 3842//3933 3612//3711 3522//3621
f 3842//3933 3600//3699 3612//3711
f 3831//3923 3841//3810 3609//3708
f 3817//3910 3538//3637 3543//3642
f 3827//3919 3575//3674 3600//3699
f 3833//3925 3595//3694 3594//3693
f 3823//3916 3591//3690 3824//3917
f 3834//3926 3587//3686 3464//3563
f 3840//3932 3576//3675 3575//3674
f 3839//3931 3572//3671 3571//3670
f 3835//3927 3559//3658 3494//3593
f 3838//3930 3542//3641 3552//3651
f 3838//3930 3543//3642 3542//3641
f 3837//3929 3519//3618 3538//3637
f 3814//3907 3522//3621 3520//3619
f 3837//3929 3520//3619 3519//3618
f 3836//3928 3513//3612 3511//3610
f 3836//3928 3511//3610 3476//3575
f 3835//3927 3494//3593 3493//3592
f 3829//3921 3488//3587 3487//3586
f 3832//3924 3476//3575 3475//3574
f 3834//3926 3464//3563 3463//3562
f 3787//3881 3833//3925 3840//3932
f 3788//3882 3832//3924 3822//3915
f 3785//3879 3818//3911 3819//3912
f 3786//3880 3831//3923 3820//3913
f 3802//3895 3839//3931 3830//3922
f 3770//3864 3830//3922 3810//3903
f 3798//3891 3829//3921 3843//3934
f 3776//3870 3828//3920 3813//3906
f 3798//3891 3843//3934 3828//3920
f 3797//3890 3842//3933 3815//3908
f 3797//3890 3827//3919 3842//3933
f 3803//3896 3826//3888 3831//3923
f 3783//3877 3816//3909 3817//3910
f 3796//3889 3821//3914 3827//3919
f 3806//3899 3825//3918 3833//3925
f 3790//3884 3824//3917 3791//3802
f 3767//3861 3822//3915 3834//3926
f 3787//3881 3840//3932 3821//3914
f 3802//3895 3820//3913 3839//3931
f 3773//3867 3819//3912 3835//3927
f 3784//3878 3838//3930 3818//3911
f 3784//3878 3817//3910 3838//3930
f 3781//3875 3837//3929 3816//3909
f 3779//3873 3815//3908 3814//3907
f 3781//3875 3814//3907 3837//3929
f 3775//3869 3813//3906 3836//3928
f 3775//3869 3836//3928 3809//3902
f 3773//3867 3835//3927 3812//3905
f 3800//3893 3810//3903 3829//3921
f 3805//3898 3809//3902 3832//3924
f 3767//3861 3834//3926 3808//3901
f 3764//3858 3806//3899 3787//3881
f 3763//3857 3805//3898 3788//3882
f 3761//3855 3804//3897 3785//3879
f 3759//3853 3803//3896 3786//3880
f 3756//3850 3802//3895 3801//3894
f 3757//3851 3801//3894 3770//3864
f 3752//3846 3800//3893 3798//3891
f 3754//3848 3799//3892 3776//3870
f 3753//3847 3798//3891 3799//3892
f 3751//3845 3797//3890 3780//3874
f 3750//3844 3796//3889 3797//3890
f 3749//3843 3795//3888 3803//3896
f 3747//3842 3794//3887 3783//3877
f 3745//3840 3793//3886 3796//3889
f 3743//3838 3792//3885 3806//3899
f 3789//3883 3791//3802 3740//3690
f 3766//3860 3788//3882 3767//3861
f 3744//3839 3787//3881 3793//3886
f 3758//3852 3786//3880 3802//3895
f 3772//3866 3785//3879 3773//3867
f 3760//3854 3784//3878 3804//3897
f 3782//3876 3783//3877 3784//3878
f 3746//3841 3781//3875 3794//3887
f 3778//3872 3780//3874 3779//3873
f 3777//3871 3779//3873 3781//3875
f 3774//3868 3776//3870 3775//3869
f 3768//3862 3775//3869 3769//3863
f 3771//3865 3773//3867 3811//3904
f 3755//3849 3770//3864 3800//3893
f 3762//3856 3769//3863 3805//3898
f 3765//3859 3767//3861 3807//3900
f 3743//3838 3730//3826 3709//3805
f 3762//3856 3729//3825 3728//3824
f 3760//3854 3727//3823 3726//3822
f 3749//3843 3725//3821 3715//3811
f 3758//3852 3722//3818 3724//3820
f 3756//3850 3723//3819 3722//3818
f 3755//3849 3718//3814 3721//3817
f 3753//3847 3720//3816 3719//3815
f 3752//3846 3719//3815 3718//3814
f 3750//3844 3717//3813 3716//3812
f 3745//3840 3716//3812 3711//3807
f 3748//3810 3715//3811 3714//3810
f 3746//3841 3713//3809 3712//3808
f 3744//3839 3711//3807 3710//3806
f 3742//3837 3709//3805 3708//3804
f 3740//3690 3741//3836 3789//3883
f 3729//3825 3697//3793 3695//3791
f 3730//3826 3676//3773 3696//3792
f 3725//3821 3690//3786 3691//3787
f 3727//3823 3700//3796 3693//3789
f 3739//3835 3692//3788 3705//3801
f 3713//3809 3705//3801 3679//3776
f 3738//3834 3678//3775 3704//3800
f 3717//3813 3703//3799 3683//3779
f 3737//3833 3704//3800 3703//3799
f 3720//3816 3702//3798 3686//3782
f 3736//3832 3699//3795 3702//3798
f 3734//3830 3701//3797 3700//3796
f 3723//3819 3687//3783 3689//3785
f 3733//3829 3694//3790 3699//3795
f 3731//3827 3698//3794 3697//3793
f 3709//3805 3696//3792 3675//3772
f 3728//3824 3695//3791 3694//3790
f 3726//3822 3693//3789 3692//3788
f 3715//3811 3691//3787 3681//3777
f 3724//3820 3688//3784 3690//3786
f 3722//3818 3689//3785 3688//3784
f 3721//3817 3684//3780 3687//3783
f 3719//3815 3686//3782 3685//3781
f 3718//3814 3685//3781 3684//3780
f 3716//3812 3683//3779 3682//3778
f 3711//3807 3682//3778 3677//3774
f 3714//3810 3681//3777 3680//3743
f 3712//3808 3679//3776 3678//3775
f 3710//3806 3677//3774 3676//3773
f 3708//3804 3675//3772 3674//3771
f 3706//3802 3707//3803 3741//3836
f 3695//3791 3662//3760 3660//3758
f 3696//3792 3641//3739 3661//3759
f 3691//3787 3655//3753 3656//3754
f 3693//3789 3665//3763 3658//3756
f 3705//3801 3657//3755 3671//3769
f 3679//3776 3671//3769 3644//3742
f 3704//3800 3643//3741 3670//3768
f 3683//3779 3669//3767 3648//3746
f 3703//3799 3670//3768 3669//3767
f 3686//3782 3668//3766 3651//3749
f 3702//3798 3664//3762 3668//3766
f 3700//3796 3666//3764 3665//3763
f 3689//3785 3652//3750 3654//3752
f 3699//3795 3659//3757 3664//3762
f 3697//3793 3663//3761 3662//3760
f 3675//3772 3661//3759 3640//3738
f 3694//3790 3660//3758 3659//3757
f 3692//3788 3658//3756 3657//3755
f 3681//3777 3656//3754 3646//3744
f 3690//3786 3653//3751 3655//3753
f 3688//3784 3654//3752 3653//3751
f 3687//3783 3649//3747 3652//3750
f 3685//3781 3651//3749 3650//3748
f 3684//3780 3650//3748 3649//3747
f 3682//3778 3648//3746 3647//3745
f 3677//3774 3647//3745 3642//3740
f 3680//3743 3646//3744 3645//3743
f 3678//3775 3644//3742 3643//3741
f 3676//3773 3642//3740 3641//3739
f 3674//3771 3640//3738 3639//3737
f 3672//3690 3673//3770 3707//3803
f 3660//3758 3597//3696 3582//3681
f 3661//3759 3469//3568 3585//3684
f 3656//3754 3556//3655 3563//3662
f 3658//3756 3606//3705 3568//3667
f 3671//3769 3567//3666 3627//3726
f 3644//3742 3627//3726 3482//3581
f 3670//3768 3481//3580 3623//3722
f 3648//3746 3618//3717 3506//3605
f 3669//3767 3623//3722 3618//3717
f 3651//3749 3615//3714 3530//3629
f 3668//3766 3602//3701 3615//3714
f 3665//3763 3667//3765 3606//3705
f 3654//3752 3540//3639 3548//3647
f 3664//3762 3581//3680 3602//3701
f 3662//3760 3598//3697 3597//3696
f 3640//3738 3585//3684 3458//3557
f 3659//3757 3582//3681 3581//3680
f 3657//3755 3568//3667 3567//3666
f 3646//3744 3563//3662 3499//3598
f 3655//3753 3547//3646 3556//3655
f 3653//3751 3548//3647 3547//3646
f 3652//3750 3527//3626 3540//3639
f 3650//3748 3530//3629 3528//3627
f 3649//3747 3528//3627 3527//3626
f 3647//3745 3506//3605 3504//3603
f 3642//3740 3504//3603 3470//3569
f 3645//3743 3499//3598 3498//3597
f 3643//3741 3482//3581 3481//3580
f 3641//3739 3470//3569 3469//3568
f 3639//3737 3458//3557 3457//3556
f 3637//3690 3638//3736 3673//3770
f 3636//3735 3597//3696 3596//3695
f 3635//3734 3594//3693 3593//3692
f 3587//3686 3475//3574 3634//3733
f 3585//3684 3469//3568 3633//3732
f 3632//3731 3556//3655 3555//3654
f 3631//3730 3552//3651 3551//3650
f 3572//3671 3609//3708 3608//3707
f 3568//3667 3606//3705 3605//3704
f 3629//3728 3571//3670 3630//3729
f 3627//3726 3567//3666 3628//3727
f 3488//3587 3629//3728 3626//3725
f 3482//3581 3627//3726 3625//3724
f 3622//3721 3487//3586 3871//4104
f 3619//3718 3481//3580 3877//4105
f 3513//3612 3621//3720 3620//3719
f 3621//3720 3624//3723 3622//3721
f 3506//3605 3618//3717 3617//3716
f 3618//3717 3623//3722 3619//3718
f 3616//3715 3615//3714 3614//3713
f 3614//3713 3602//3701 3601//3700
f 3613//3712 3612//3711 3611//3710
f 3611//3710 3600//3699 3599//3698
f 3609//3708 3841//3810 3610//3709
f 3606//3705 3667//3765 3607//3706
f 3604//3703 3540//3639 3880//4106
f 3603//3702 3538//3637 3874//4107
f 3601//3700 3581//3680 3583//3682
f 3599//3698 3575//3674 3577//3676
f 3596//3695 3598//3697 3850//3947
f 3593//3692 3595//3694 3849//3945
f 3503//3602 3592//3691 3501//3600
f 3589//3688 3584//3683 3590//3689
f 3464//3563 3588//3687 3465//3564
f 3461//3560 3579//3678 3462//3561
f 3458//3557 3586//3685 3459//3558
f 3584//3683 3589//3688 3478//3577
f 3582//3681 3636//3735 3583//3682
f 3578//3677 3580//3679 3472//3571
f 3576//3675 3635//3734 3577//3676
f 3574//3673 3561//3660 3557//3656
f 3571//3670 3573//3672 3630//3729
f 3570//3669 3565//3664 3553//3652
f 3567//3666 3569//3668 3628//3727
f 3565//3664 3570//3669 3566//3665
f 3563//3662 3632//3731 3564//3663
f 3496//3595 3562//3661 3497//3596
f 3559//3658 3631//3730 3560//3659
f 3557//3656 3558//3657 3574//3673
f 3555//3654 3547//3646 3546//3645
f 3544//3643 3545//3644 3554//3653
f 3551//3650 3542//3641 3541//3640
f 3549//3648 3491//3590 3558//3657
f 3546//3645 3548//3647 3604//3703
f 3486//3585 3485//3584 3545//3644
f 3541//3640 3543//3642 3603//3702
f 3540//3639 3529//3628 3880//4106
f 3532//3631 3534//3633 3484//3583
f 3538//3637 3521//3620 3874//4107
f 3492//3591 3537//3636 3490//3589
f 3535//3634 3509//3608 3536//3635
f 3533//3632 3536//3635 3534//3633
f 3530//3629 3616//3715 3531//3630
f 3528//3627 3531//3630 3529//3628
f 3525//3624 3517//3616 3526//3625
f 3524//3623 3526//3625 3537//3636
f 3522//3621 3613//3712 3523//3622
f 3520//3619 3523//3622 3521//3620
f 3515//3614 3518//3617 3516//3615
f 3479//3578 3516//3615 3895//4027
f 3511//3610 3514//3613 3512//3611
f 3476//3575 3512//3611 3477//3576
f 3509//3608 3535//3634 3510//3609
f 3508//3607 3510//3609 3474//3573
f 3504//3603 3507//3606 3505//3604
f 3470//3569 3505//3604 3471//3570
f 3502//3601 3566//3665 3503//3602
f 3499//3598 3564//3663 3500//3599
f 3455//3554 3497//3596 3456//3555
f 3494//3593 3560//3659 3495//3594
f 3491//3590 3550//3649 3492//3591
f 3487//3586 3489//3588 3871//4104
f 3484//3583 3486//3585 3539//3638
f 3481//3580 3483//3582 3877//4105
f 3479//3578 3895//4027 3480//3579
f 3475//3574 3477//3576 3634//3733
f 3472//3571 3474//3573 3578//3677
f 3469//3568 3471//3570 3633//3732
f 3467//3566 3590//3689 3468//3567
f 3463//3562 3465//3564 3848//3941
f 3460//3559 3462//3561 3845//3938
f 3457//3556 3459//3558 3844//3935
f 3454//3553 3456//3555 3638//3736
f 3938//4108 3939//3116 3940//3106
f 3941//4109 3847//4110 3846//4111
f 3413//4112 2277//1879 3942//3114
f 3943//4113 3942//3114 3939//3116
f 3348//3110 3366//4114 3944//3111
f 3944//3111 3945//4115 3940//3106
f 3366//4114 3379//4116 3945//4115
f 3945//4115 3937//4117 3941//4109
f 3453//4118 3413//4112 3943//4113
f 3936//4119 3943//4113 3938//4108
f 3936//4119 3938//4108 3846//4111
f 3453//4118 3943//4113 3936//4119
f 3937//4117 3847//4110 3941//4109
f 3379//4116 3937//4117 3945//4115
f 3945//4115 3941//4109 3940//3106
f 3366//4114 3945//4115 3944//3111
f 3943//4113 3939//3116 3938//4108
f 3413//4112 3942//3114 3943//4113
f 3941//4109 3846//4111 3938//4108
f 3938//4108 3940//3106 3941//4109
f 3946//4120 3347//4121 3359//4122
f 3947//4123 3347//4121 3946//4120
f 3947//4123 3345//4124 3347//4121
f 3947//4123 3344//4125 3345//4124
f 3947//4123 3288//4126 3344//4125
f 3948//4127 3288//4126 3947//4123
f 3948//4127 3282//4128 3288//4126
f 3051//4129 3949//4129 3950//4129
f 3050//4129 3949//4129 3051//4129
f 3062//4129 3949//4129 3050//4129
f 3109//4129 3949//4129 3062//4129
f 3109//4129 3951//4129 3949//4129
f 3110//4129 3951//4129 3109//4129
f 3111//4129 3951//4129 3110//4129
f 3127//4129 3951//4129 3111//4129
f 3127//4129 3952//4129 3951//4129
f 3128//4129 3952//4129 3127//4129
f 3136//4129 3952//4129 3128//4129
f 3135//4129 3952//4129 3136//4129
f 3164//4129 3952//4129 3135//4129
f 3164//4129 3953//4129 3952//4129
f 3170//4129 3953//4129 3164//4129
f 3340//4129 3953//4129 3170//4129
f 3338//4129 3953//4129 3340//4129
f 3339//4129 3953//4129 3338//4129
f 3339//4129 3954//4129 3953//4129
f 3217//4129 3954//4129 3339//4129
f 3219//4129 3954//4129 3217//4129
f 3219//4129 3955//4129 3954//4129
f 3256//4129 3955//4129 3219//4129
f 3257//4130 3955//4129 3256//4129
f 3257//4130 3948//4127 3955//4129
f 3266//4131 3948//4127 3257//4130
f 3266//4131 3282//4128 3948//4127
f 3956//4132 3947//4133 3946//4132
f 3956//4132 3957//4133 3947//4133
f 3949//4133 3958//4134 3950//4133
f 3949//4133 3959//4132 3958//4134
f 3951//4133 3959//4132 3949//4133
f 3951//4133 3960//4132 3959//4132
f 3952//4132 3960//4132 3951//4133
f 3952//4132 3961//4133 3960//4132
f 3953//4134 3961//4133 3952//4132
f 3953//4134 3962//4133 3961//4133
f 3954//4132 3962//4133 3953//4134
f 3954//4132 3963//4135 3962//4133
f 3964//4133 3954//4132 3955//4133
f 3964//4133 3963//4135 3954//4132
f 3965//4135 3955//4133 3948//4132
f 3965//4135 3964//4133 3955//4133
f 3957//4133 3948//4132 3947//4133
f 3957//4133 3965//4135 3948//4132
f 2327//4136 3966//4136 3967//4136
f 2315//4136 3966//4136 2327//4136
f 2314//4136 3966//4136 2315//4136
f 2310//4136 2314//4136 2311//4136
f 2310//4136 3966//4136 2314//4136
f 2324//4136 3966//4136 2310//4136
f 2322//4136 3966//4136 2324//4136
f 2304//4136 3966//4136 2322//4136
f 2303//4136 3966//4136 2304//4136
f 2303//4136 3968//4136 3966//4136
f 2298//4136 3968//4136 2303//4136
f 2300//4136 3968//4136 2298//4136
f 2320//4136 3968//4136 2300//4136
f 1911//4136 1906//4136 1907//4136
f 1926//4136 1906//4136 1911//4136
f 38//4136 31//4136 39//4136
f 27//4136 31//4136 38//4136
f 2294//4136 2297//4136 2317//4136
f 3950//4136 3044//4136 3051//4136
f 3950//4136 3045//4136 3044//4136
f 3950//4136 3049//4136 3045//4136
f 3950//4136 3047//4136 3049//4136
f 3950//4136 3067//4136 3047//4136
f 3950//4136 3058//4136 3067//4136
f 3950//4136 3054//4136 3058//4136
f 1909//4136 1906//4136 1926//4136
f 1901//4136 1906//4136 1909//4136
f 1900//4136 1906//4136 1901//4136
f 1898//4136 2293//4136 2291//4136
f 35//4136 42//4136 20//4136
f 23//4136 42//4136 35//4136
f 19//4136 42//4136 23//4136
f 17//4136 42//4136 19//4136
f 16//4136 42//4136 17//4136
f 3//4136 27//4136 26//4136
f 31//4136 61//4136 32//4136
f 1900//4136 1903//4136 1906//4136
f 2297//4136 2307//4136 2295//4136
f 3969//4136 1916//4136 1918//4136
f 3969//4136 1900//4136 1916//4136
f 3969//4136 1903//4136 1900//4136
f 3969//4136 1904//4136 1903//4136
f 3970//4136 1904//4136 3969//4136
f 3970//4136 2//4136 1904//4136
f 61//4136 9//4136 33//4136
f 2307//4136 2320//4136 2305//4136
f 2307//4136 3968//4136 2320//4136
f 2297//4136 3968//4136 2307//4136
f 2294//4136 3968//4136 2297//4136
f 2293//4136 3968//4136 2294//4136
f 1898//4136 3968//4136 2293//4136
f 1897//4136 3968//4136 1898//4136
f 1897//4136 3971//4136 3968//4136
f 1896//4136 3971//4136 1897//4136
f 1895//4136 3971//4136 1896//4136
f 1895//4136 3972//4136 3971//4136
f 1894//4136 3972//4136 1895//4136
f 1893//4136 3972//4136 1894//4136
f 1893//4136 3973//4136 3972//4136
f 1889//4136 3973//4136 1893//4136
f 1889//4136 3974//4136 3973//4136
f 1889//4136 3975//4136 3974//4136
f 42//4136 3975//4136 1889//4136
f 16//4136 3975//4136 42//4136
f 41//4136 3975//4136 16//4136
f 14//4136 3975//4136 41//4136
f 13//4136 3975//4136 14//4136
f 12//4136 3975//4136 13//4136
f 12//4136 3970//4136 3975//4136
f 12//4136 2//4136 3970//4136
f 55//4136 2//4136 12//4136
f 57//4136 2//4136 55//4136
f 46//4136 57//4136 47//4136
f 46//4136 2//4136 57//4136
f 10//4136 2//4136 46//4136
f 9//4136 2//4136 10//4136
f 9//4136 3//4136 2//4136
f 61//4136 3//4136 9//4136
f 31//4136 3//4136 61//4136
f 27//4136 3//4136 31//4136
f 3969//4137 3976//4138 3970//4139
f 3969//4137 3977//4140 3976//4138
f 3974//4141 3978//4142 3973//4143
f 3974//4141 3979//4144 3978//4142
f 3973//4143 3980//4145 3972//4146
f 3973//4143 3978//4142 3980//4145
f 3972//4146 3981//4147 3971//4148
f 3972//4146 3980//4145 3981//4147
f 3971//4148 3982//4149 3968//4150
f 3971//4148 3981//4147 3982//4149
f 3968//4150 3983//4151 3966//4152
f 3968//4150 3982//4149 3983//4151
f 3966//4152 3984//4153 3967//4154
f 3966//4152 3983//4151 3984//4153
f 3985//4155 3970//4139 3976//4138
f 3985//4155 3975//4156 3970//4139
f 3979//4144 3975//4156 3985//4155
f 3979//4144 3974//4141 3975//4156
f 3950//4136 3031//4136 3054//4136
f 3986//4136 3031//4136 3950//4136
f 3958//4157 3986//4158 3950//4159
f 1918//4136 3987//4136 3969//4136
f 3988//4136 3989//4136 3037//4136
f 3986//4136 3990//4136 3032//4136
f 3990//4136 3988//4136 3027//4136
f 1918//4136 3035//4136 3991//4136
f 3035//4136 3037//4136 3989//4136
f 3987//4160 3992//4160 3977//4140
f 3958//4157 3993//4161 3990//4162
f 3993//4161 3994//4160 3988//4160
f 3994//4160 3995//4163 3989//4164
f 3995//4163 3996//4160 3991//4160
f 3996//4160 3992//4160 3987//4160
f 3027//4136 3988//4136 3037//4136
f 3031//4136 3986//4136 3032//4136
f 3032//4136 3990//4136 3027//4136
f 3987//4136 1918//4136 3991//4136
f 3991//4136 3035//4136 3989//4136
f 3986//4158 3958//4157 3990//4162
f 3990//4162 3993//4161 3988//4160
f 3988//4160 3994//4160 3989//4164
f 3989//4164 3995//4163 3991//4160
f 3991//4160 3996//4160 3987//4160
f 3987//4160 3977//4140 3969//4137
f 3997//4165 3015//4165 3998//4165
f 3997//4165 3024//4165 3015//4165
f 3997//4165 3023//4165 3024//4165
f 2281//4165 2272//4165 2268//4165
f 2281//4165 2284//4165 2272//4165
f 3023//4165 3022//4165 3025//4165
f 3997//4165 3022//4165 3023//4165
f 3997//4165 3019//4165 3022//4165
f 3997//4165 3021//4165 3019//4165
f 3997//4165 3020//4165 3021//4165
f 3997//4165 3017//4165 3020//4165
f 3999//4165 3017//4165 3997//4165
f 3999//4165 3018//4165 3017//4165
f 3999//4165 3016//4165 3018//4165
f 3999//4165 3011//4165 3016//4165
f 1821//4165 1831//4165 1813//4165
f 1821//4165 1801//4165 1831//4165
f 3358//4165 3946//4165 3359//4165
f 3357//4165 3946//4165 3358//4165
f 3354//4165 3946//4165 3357//4165
f 3356//4165 3946//4165 3354//4165
f 3352//4165 3946//4165 3356//4165
f 3350//4165 3946//4165 3352//4165
f 3349//4165 3946//4165 3350//4165
f 3348//4165 3946//4165 3349//4165
f 4000//4165 3946//4165 3348//4165
f 2981//4165 2989//4165 2996//4165
f 2281//4165 2275//4165 2284//4165
f 2281//4165 2279//4165 2275//4165
f 2281//4165 2287//4165 2279//4165
f 3009//4165 1885//4165 2980//4165
f 1801//4165 1825//4165 1812//4165
f 1888//4165 1834//4165 1820//4165
f 1888//4165 1802//4165 1834//4165
f 1888//4165 1830//4165 1802//4165
f 1888//4165 1670//4165 1830//4165
f 1888//4165 1672//4165 1670//4165
f 2282//4165 2287//4165 2281//4165
f 1795//4165 1821//4165 1832//4165
f 3004//4165 2981//4165 3010//4165
f 2286//4165 4001//4165 2277//4165
f 2287//4165 4001//4165 2286//4165
f 2282//4165 4001//4165 2287//4165
f 1823//4165 4001//4165 2282//4165
f 1823//4165 4002//4165 4001//4165
f 1824//4165 4002//4165 1823//4165
f 1788//4165 1795//4165 1822//4165
f 3011//4165 3004//4165 3003//4165
f 3999//4165 3004//4165 3011//4165
f 3999//4165 2981//4165 3004//4165
f 3999//4165 2989//4165 2981//4165
f 3999//4165 3009//4165 2989//4165
f 3999//4165 1885//4165 3009//4165
f 3999//4165 1879//4165 1885//4165
f 4003//4165 1879//4165 3999//4165
f 4003//4165 1877//4165 1879//4165
f 4003//4165 1880//4165 1877//4165
f 4004//4165 1880//4165 4003//4165
f 4004//4165 1883//4165 1880//4165
f 4004//4165 1873//4165 1883//4165
f 4005//4165 1873//4165 4004//4165
f 4005//4165 1874//4165 1873//4165
f 4006//4165 1874//4165 4005//4165
f 4007//4165 1874//4165 4006//4165
f 4007//4165 1888//4165 1874//4165
f 4007//4165 1672//4165 1888//4165
f 4007//4165 1829//4165 1672//4165
f 4007//4165 1890//4165 1829//4165
f 4007//4165 1891//4165 1890//4165
f 4007//4165 1828//4165 1891//4165
f 4002//4165 1828//4165 4007//4165
f 1824//4165 1828//4165 4002//4165
f 1824//4165 1810//4165 1828//4165
f 1824//4165 1818//4165 1810//4165
f 1818//4165 1892//4165 1819//4165
f 1824//4165 1892//4165 1818//4165
f 1825//4165 1892//4165 1824//4165
f 1825//4165 1833//4165 1892//4165
f 1825//4165 1788//4165 1833//4165
f 1825//4165 1795//4165 1788//4165
f 1825//4165 1821//4165 1795//4165
f 1801//4165 1821//4165 1825//4165
f 4008//4166 3997//4167 3998//4154
f 4008//4166 4009//4168 3997//4167
f 4000//4169 3956//4170 3946//4171
f 4001//4172 4010//4173 4011//4174
f 4001//4172 4002//4175 4010//4173
f 4006//4176 4012//4177 4013//4178
f 4006//4176 4005//4179 4012//4177
f 4014//4180 4005//4179 4004//4181
f 4014//4180 4012//4177 4005//4179
f 4015//4182 4004//4181 4003//4183
f 4015//4182 4014//4180 4004//4181
f 4016//4184 4003//4183 3999//4185
f 4016//4184 4015//4182 4003//4183
f 4009//4168 3999//4185 3997//4167
f 4009//4168 4016//4184 3999//4185
f 4017//4186 4002//4175 4007//4187
f 4017//4186 4010//4173 4002//4175
f 4007//4187 4013//4178 4017//4186
f 4007//4187 4006//4176 4013//4178
f 4018//4165 2277//4165 4001//4165
f 3939//4165 4019//4165 3940//4165
f 2277//4165 4020//4165 3942//4165
f 3942//4165 4021//4165 3939//4165
f 4000//4165 3944//4165 4022//4165
f 4022//4165 3940//4165 4019//4165
f 4011//4174 4023//4188 4018//4189
f 4023//4188 4024//4190 4020//4191
f 4024//4190 4025//4192 4021//4193
f 4025//4192 4026//4194 4019//4195
f 4026//4194 4027//4196 4022//4197
f 4027//4196 3956//4170 4000//4169
f 4021//4165 4019//4165 3939//4165
f 4018//4165 4020//4165 2277//4165
f 4020//4165 4021//4165 3942//4165
f 3348//4165 3944//4165 4000//4165
f 3944//4165 3940//4165 4022//4165
f 4001//4172 4011//4174 4018//4189
f 4018//4189 4023//4188 4020//4191
f 4020//4191 4024//4190 4021//4193
f 4021//4193 4025//4192 4019//4195
f 4019//4195 4026//4194 4022//4197
f 4022//4197 4027//4196 4000//4169
f 4028//4198 2327//4198 3967//4198
f 3015//4198 4029//4198 3998//4198
f 2988//4198 4029//4198 3015//4198
f 2950//4198 4029//4198 2988//4198
f 2936//4198 4029//4198 2950//4198
f 2936//4198 4030//4198 4029//4198
f 2929//4198 4030//4198 2936//4198
f 2916//4198 4030//4198 2929//4198
f 2900//4198 4030//4198 2916//4198
f 2875//4198 4030//4198 2900//4198
f 2837//4198 4030//4198 2875//4198
f 2837//4198 4031//4198 4030//4198
f 2794//4198 4031//4198 2837//4198
f 2783//4198 4031//4198 2794//4198
f 2778//4198 4031//4198 2783//4198
f 2778//4198 4032//4198 4031//4198
f 2754//4198 4032//4198 2778//4198
f 2746//4198 4032//4198 2754//4198
f 2710//4198 4032//4198 2746//4198
f 2698//4198 4032//4198 2710//4198
f 2679//4198 4032//4198 2698//4198
f 2679//4198 4033//4198 4032//4198
f 2628//4198 4033//4198 2679//4198
f 2619//4198 4033//4198 2628//4198
f 2589//4198 4033//4198 2619//4198
f 2589//4198 4034//4198 4033//4198
f 2574//4198 4034//4198 2589//4198
f 2555//4198 4034//4198 2574//4198
f 2515//4198 4034//4198 2555//4198
f 2515//4198 4035//4198 4034//4198
f 2509//4198 4035//4198 2515//4198
f 2472//4198 4035//4198 2509//4198
f 2463//4198 4035//4198 2472//4198
f 2443//4198 4035//4198 2463//4198
f 2443//4198 4028//4198 4035//4198
f 2434//4198 4028//4198 2443//4198
f 2394//4198 4028//4198 2434//4198
f 2350//4198 4028//4198 2394//4198
f 2327//4198 2345//4198 2334//4198
f 4028//4198 2345//4198 2327//4198
f 2350//4198 2345//4198 4028//4198
f 3984//4154 4028//4154 3967//4154
f 3984//4154 4036//4154 4028//4154
f 4036//4154 4035//4154 4028//4154
f 4036//4154 4037//4154 4035//4154
f 4037//4154 4034//4154 4035//4154
f 4037//4154 4038//4154 4034//4154
f 4038//4154 4033//4154 4034//4154
f 4038//4154 4039//4154 4033//4154
f 4033//4154 4040//4154 4032//4154
f 4033//4154 4039//4154 4040//4154
f 4032//4154 4041//4154 4031//4154
f 4032//4154 4040//4154 4041//4154
f 4031//4154 4042//4154 4030//4154
f 4031//4154 4041//4154 4042//4154
f 4030//4154 4043//4154 4029//4154
f 4030//4154 4042//4154 4043//4154
f 4029//4154 4008//4154 3998//4154
f 4029//4154 4043//4154 4008//4154
# Vertices: 4043, normals: 4198, texture coordinates: 0, faces: 8036

